Engine RPM,Lub Oil Pressure,Fuel Pressure,Coolant Pressure,Lub Oil Temp,Coolant Temp,Actual Condition,Failure Probability,Predicted Condition,Health Score,Status
871,3.597819106,7.960383215,2.605287285,76.28693896,69.48345162,1,0.6189313040755836,1,38.10686959244164,WARNING
372,3.902893567,4.651874108,1.192439853,77.1915314,92.65595697,1,0.7592355472116745,1,24.076445278832548,CRITICAL
948,4.412476818,4.26697848,2.042493689,77.21337639,85.66323037,0,0.2616849293155645,0,73.83150706844354,MONITOR
730,3.708120782,11.42137212,1.782505039,74.04102997,63.4143471,1,0.8329026864152752,1,16.709731358472478,CRITICAL
730,2.500088906,12.15411764,1.229360152,78.1462769,78.89434785,0,0.41157200805121813,0,58.84279919487818,MONITOR
1122,3.380367116,5.252627596,1.46389222,77.48991131,75.31553049,1,0.42516497904716855,0,57.48350209528314,MONITOR
600,3.270651232,8.555373063,2.717853264,76.19606475,78.92655088,1,0.7996868881766386,1,20.031311182336143,CRITICAL
1163,3.447679302,9.386778204,1.739193952,86.07807363,83.8697345,1,0.30547054393705964,0,69.45294560629404,MONITOR
1051,2.130739597,8.998661116,2.537270301,74.38716617,67.07138128,0,0.6536296250120207,1,34.63703749879793,WARNING
1330,4.074117452,11.20544316,1.944825349,76.58748769,76.12113294,0,0.47315291434560797,0,52.68470856543921,MONITOR
760,3.880801659,2.404545727,2.892622364,84.37412074,77.89034425,0,0.47684740175024254,0,52.31525982497575,MONITOR
977,4.011249096,2.6038419,3.867857243,76.63942681,68.16844867,1,0.30065185124283644,0,69.93481487571636,MONITOR
1339,3.5787087,5.789509762,1.035726279,76.95436993,72.98524855,0,0.5117135501889961,1,48.82864498110039,WARNING
830,5.213923201,7.40379261,1.255517429,76.52398007,73.93944351,1,0.6488815949563898,1,35.11184050436103,WARNING
935,2.493539138,6.200684195,2.51287687,77.73797609,79.8319271,0,0.3502722051015145,0,64.97277948984855,MONITOR
966,2.808637264,7.91438225,1.621543204,77.98069915,78.40980445,0,0.45310268733273534,0,54.68973126672647,MONITOR
799,4.490276804,3.431985642,2.765989436,83.78061903,85.75469763,0,0.29432433700959654,0,70.56756629904035,MONITOR
550,3.908787239,3.312051106,2.834958024,77.00646003,79.34234555,1,0.6781055992922489,1,32.18944007077511,WARNING
916,1.747559747,6.281865942,1.842295237,78.41662973,89.48258113,1,0.41886363968262125,0,58.11363603173787,MONITOR
714,2.728768387,6.673660838,2.049286313,76.53595469,63.44282597,1,0.6534952725258312,1,34.650472747416885,WARNING
538,2.205268194,5.256706752,1.540081325,85.49685771,86.80156845,1,0.6673832880957937,1,33.26167119042063,WARNING
590,3.691376665,6.592643743,1.252258222,77.96144267,83.61952203,0,0.581324574870521,1,41.8675425129479,WARNING
1315,2.849190958,10.79314963,1.524400363,78.06878697,72.0048926,0,0.4956527393388502,0,50.43472606611499,MONITOR
952,2.223085365,17.36630569,2.578062233,80.22577339,89.18765902,1,0.47357052614035267,0,52.64294738596473,MONITOR
501,3.92170447,8.799901258,2.964714984,75.51658805,72.53787445,1,0.8570881479422803,1,14.291185205771972,CRITICAL
479,2.365552633,4.47322943,1.793109118,83.82089581,84.96608257,1,0.8394164928946702,1,16.058350710532977,CRITICAL
519,3.153566742,5.771361572,1.55827643,75.05807106,77.34065667,1,0.8866646356146083,1,11.333536438539172,CRITICAL
455,5.369593153,3.101885492,1.312051162,74.44690302,83.29919527,1,0.8646428653803463,1,13.53571346196537,CRITICAL
667,2.483236025,5.836058871,1.102582732,73.78858049,85.03443838,1,0.5873086137727749,1,41.269138622722515,WARNING
917,3.29129888,9.15862516,1.544963456,84.2503594,77.04430489,1,0.5085470217309737,1,49.145297826902635,WARNING
818,3.966873537,2.797681341,2.962607987,77.64538666,77.53208868,1,0.24339058508877925,0,75.66094149112207,NORMAL
673,2.551830565,6.742669133,1.563825926,81.06928112,78.92287772,0,0.4635565319972274,0,53.644346800277255,MONITOR
785,2.822695859,5.155622487,1.850019203,76.43799785,74.77856767,1,0.5544208332568225,1,44.55791667431775,WARNING
731,4.08660317,6.764889807,2.712486739,81.79239852,75.62216151,0,0.6313755491235205,1,36.862445087647956,WARNING
1312,5.22160709,5.70050871,1.186812363,77.79899255,77.18852885,1,0.5155022195183233,1,48.449778048167666,WARNING
602,1.992411472,14.50001214,1.674045221,74.97794953,79.54604686,1,0.7566120648864573,1,24.33879351135427,CRITICAL
636,3.197928275,5.356711764,2.149771982,77.29056055,79.65939971,1,0.5955667409033998,1,40.44332590966002,WARNING
1285,3.458044725,6.303760865,0.988733451,74.64060711,75.95603868,0,0.558827727807754,1,44.117227219224596,WARNING
491,2.055170003,4.413274684,1.491938422,75.47414961,73.55624732,1,0.7710198817391033,1,22.89801182608967,CRITICAL
820,5.399930371,7.432878064,1.317120242,77.88854158,73.1975367,1,0.5958416475101574,1,40.41583524898426,WARNING
1035,3.504249412,10.83670438,2.52081479,76.67564701,79.03622192,1,0.5639153098126523,1,43.60846901873477,WARNING
599,1.970065853,3.978153515,3.246746653,72.9819601,70.85638693,1,0.6556612767926774,1,34.43387232073226,WARNING
627,2.263591066,5.136609349,2.334429008,75.49892547,80.07511935,1,0.5317764527328442,1,46.822354726715574,WARNING
810,3.717150108,5.829118282,1.0858223,78.24899399,79.94104599,0,0.49129053669212214,0,50.87094633078779,MONITOR
644,4.198998224,3.757913994,0.834959611,77.777935,73.46205538,0,0.3685621113569833,0,63.143788864301676,MONITOR
507,3.144329964,4.177761909,1.584334761,73.43251069,68.88324175,1,0.8290211430035199,1,17.097885699648007,CRITICAL
438,2.320454151,3.202714547,2.366405622,74.70272037,80.64973275,1,0.8633262564595848,1,13.667374354041517,CRITICAL
456,2.190241827,6.121580395,2.671875132,76.44409926,78.63520164,1,0.842343449174431,1,15.765655082556895,CRITICAL
963,4.145671201,5.817049299,2.877865918,74.43029906,79.10683493,1,0.5263257717548007,1,47.367422824519934,WARNING
739,2.625784256,5.222440085,3.44265296,76.89157004,71.83980646,1,0.4818827634818459,0,51.81172365181541,MONITOR
902,4.653057707,6.34695535,3.954967755,77.8732588,70.77119326,0,0.3281121745347564,0,67.18878254652437,MONITOR
793,3.193188905,4.172798149,3.21636116,77.54894056,81.75158641,0,0.2362416580960039,0,76.37583419039962,NORMAL
966,4.405127586,8.336660586,1.143107733,76.59744447,89.1835866,0,0.5236664454921754,1,47.63335545078245,WARNING
1066,2.151179315,4.375214259,2.602101336,75.30053619,90.64306222,0,0.4242853948016871,0,57.571460519831284,MONITOR
925,4.13981912,6.054372396,2.449662246,76.54518181,73.55440469,1,0.445992019260464,0,55.400798073953595,MONITOR
773,2.122444506,5.811515566,1.529038367,77.81354364,79.16578699,1,0.43101004396110537,0,56.89899560388947,MONITOR
802,1.383035662,8.789020499,1.150640906,76.35125804,81.5381159,1,0.5061797287400015,1,49.38202712599985,WARNING
743,2.112867595,3.676133783,2.125030642,76.80010089,85.06212499,1,0.24152168619179254,0,75.84783138082074,NORMAL
945,3.062342763,4.35484684,3.298372712,85.92341281,77.41152169,0,0.21021723484532395,0,78.9782765154676,NORMAL
578,3.79830634,4.688832268,2.923347523,77.20225811,81.20181621,1,0.6090730020160889,1,39.09269979839111,WARNING
922,3.689459928,3.549139491,1.775710147,77.78222664,72.6617432,1,0.2594563280947817,0,74.05436719052183,MONITOR
710,3.300651832,3.996049611,3.15249977,80.16065117,79.00260748,1,0.4342022155539913,0,56.57977844460087,MONITOR
633,3.013732589,6.479101202,1.33526477,83.21314246,79.61719385,1,0.6855143140201478,1,31.448568597985215,WARNING
1118,2.504030304,5.578720966,1.520914202,76.42286445,89.63427171,1,0.46527463155797893,0,53.472536844202104,MONITOR
507,2.504578588,6.195416353,2.235021624,76.3409042,79.15160441,1,0.7728220267375858,1,22.717797326241417,CRITICAL
744,3.2076234,6.961286006,2.586842123,76.43166246,75.15029707,1,0.6532022012062721,1,34.67977987937279,WARNING
406,5.164862822,6.786440771,5.604405978,76.60528593,73.66097884,1,0.8450752401172621,1,15.49247598827379,CRITICAL
615,5.185344881,5.007435123,4.761410509,75.67346055,70.21663454,1,0.6457382471774386,1,35.426175282256146,WARNING
649,2.477021022,5.283060912,1.371248532,80.14386563,68.68459211,1,0.5288405478367013,1,47.11594521632987,WARNING
498,2.441165477,2.306356279,3.163600774,76.27007587,80.50111556,1,0.5884436892774235,1,41.15563107225765,WARNING
398,3.954795199,7.845874012,2.29562002,75.6189815,76.46957583,1,0.9057873680015172,1,9.421263199848283,CRITICAL
942,3.073389688,4.503732677,2.039658198,82.07166077,73.28905053,0,0.29260218283566436,0,70.73978171643355,MONITOR
1055,4.038389516,4.449688653,2.826937286,76.47362872,81.21030584,1,0.33690735332538224,0,66.30926466746178,MONITOR
966,4.442224003,4.575371369,1.302433489,76.55528445,89.33105776,1,0.4040037081042493,0,59.59962918957507,MONITOR
396,3.015993385,9.078437838,4.28772986,76.64699086,66.99232654,1,0.9556201255333618,1,4.437987446663816,CRITICAL
1023,5.043413113,12.8642805,2.846690342,76.32629102,79.17550611,0,0.547986283180582,1,45.20137168194181,WARNING
558,3.267709717,15.46258566,1.591310633,84.24389295,75.66655216,0,0.8418494183453736,1,15.815058165462636,CRITICAL
1016,3.160714682,4.383644349,2.249023092,75.69556545,85.83463835,1,0.3779765425334442,0,62.202345746655574,MONITOR
1100,2.618713701,5.908593681,1.56785799,77.00961888,83.5480816,1,0.37478368420138664,0,62.521631579861335,MONITOR
897,4.508021163,5.898233687,2.483717665,77.56938368,84.38006893,1,0.4293723595536331,0,57.06276404463668,MONITOR
969,3.802923272,8.052809608,2.98937848,77.33247112,74.972705,1,0.43376545477761286,0,56.62345452223872,MONITOR
1132,3.81696485,10.43413339,1.545531602,81.69500378,80.10629519,1,0.3976249079784986,0,60.23750920215014,MONITOR
701,4.815453192,3.733507655,1.741429678,76.9529434,64.13237881,0,0.5450304684141133,1,45.496953158588674,WARNING
650,2.821995735,7.197912509,2.634563359,78.42638393,75.98507079,0,0.6464744216397438,1,35.352557836025625,WARNING
1053,2.691373358,4.673427651,2.699000061,75.24727534,87.99681434,0,0.48687791547636616,0,51.312208452363386,MONITOR
950,4.307913286,4.130036454,2.722144898,77.01733474,77.27068617,1,0.2569308586939689,0,74.3069141306031,MONITOR
577,1.951118709,6.122452451,3.091741864,76.83910754,79.07042041,1,0.7182528639995198,1,28.17471360004802,WARNING
537,1.983693672,3.788785158,1.577914996,79.22003859,84.4844234,1,0.6351342071627997,1,36.48657928372003,WARNING
652,2.252527233,7.415194738,0.515570248,76.25259086,91.60161014,0,0.6271907482944085,1,37.28092517055915,WARNING
1579,2.745120925,4.776110186,1.730031862,75.77106381,89.96451692,0,0.519834096459207,1,48.016590354079305,WARNING
627,3.04362959,6.580280053,2.898754724,76.89117953,70.32556978,1,0.7926095860549851,1,20.73904139450149,CRITICAL
765,4.046012893,7.495330507,5.550004193,75.16418273,75.99771784,1,0.6128942807174315,1,38.710571928256854,WARNING
759,3.975196452,1.719735756,1.286282222,78.44628295,74.01316169,1,0.3880941586893146,0,61.19058413106855,MONITOR
946,2.926942837,5.443684958,1.382336748,74.89554687,69.75257127,0,0.5337838722649625,1,46.62161277350375,WARNING
752,5.857743031,9.979378214,1.83967067,76.65476273,72.52277823,1,0.7267710970496714,1,27.322890295032863,WARNING
855,2.570889985,6.345438751,1.710409914,77.32681101,76.97560485,1,0.525348198780502,1,47.4651801219498,WARNING
383,4.398303561,4.381971686,2.13220325,77.7002096,74.7306584,1,0.8492203797282045,1,15.077962027179549,CRITICAL
707,3.764997074,5.511311627,1.68299393,78.13410793,92.61286384,1,0.6178740121852263,1,38.21259878147737,WARNING
576,0.49570085,4.554676021,0.994180326,86.7417912,68.17268605,1,0.46682899579207005,0,53.317100420793,MONITOR
866,3.661445143,8.664994142,1.22303845,86.16045924,80.81516775,0,0.4496738233004507,0,55.03261766995493,MONITOR
1097,5.255463691,3.807554485,2.82491635,77.34227909,82.86250328,1,0.34706087792213114,0,65.29391220778689,MONITOR
1487,3.669765545,6.267736457,1.959287229,77.45640416,82.46753113,0,0.3082809293369813,0,69.17190706630187,MONITOR
726,2.510793024,6.347151307,2.250761224,83.98750795,65.6091507,1,0.6129023391335585,1,38.70976608664415,WARNING
830,4.681946021,2.623224258,1.147197526,85.31854269,76.46699844,0,0.3360022667551462,0,66.39977332448538,MONITOR
416,4.491117501,5.916654599,1.415415986,83.52693227,81.72672575,1,0.8995979783385745,1,10.040202166142553,CRITICAL
580,2.894044836,8.051496755,1.975249565,75.74729941,82.92900748,1,0.7893359036495214,1,21.066409635047854,CRITICAL
950,3.004948058,13.11044077,2.616091599,77.72622706,87.24483141,0,0.46550225137209433,0,53.44977486279057,MONITOR
1301,3.078526681,7.193815252,2.046941571,77.05136921,76.51137142,0,0.4400190622055739,0,55.998093779442605,MONITOR
688,2.666948682,7.78865769,1.384328529,76.82356112,82.21622452,1,0.6123618037722441,1,38.763819622775586,WARNING
453,2.318068836,6.004364166,1.286072204,78.31922143,76.00828296,1,0.7678901457474965,1,23.210985425250353,CRITICAL
611,2.599493549,7.954179781,2.925841931,74.32730526,72.42851728,1,0.897255540327183,1,10.274445967281698,CRITICAL
647,2.700602791,7.882033072,1.681084366,76.16884442,81.35064409,0,0.6757757779073869,1,32.42242220926131,WARNING
471,3.161668664,3.879185429,2.257505715,78.34922814,79.76626511,0,0.5969482642553859,1,40.305173574461406,WARNING
437,2.693598404,11.03760475,1.326968303,76.75258056,77.06677319,1,0.8560238269737319,1,14.39761730262681,CRITICAL
806,3.441862765,7.235226004,1.076008494,75.98061936,85.2116722,1,0.568728164604567,1,43.1271835395433,WARNING
859,4.826789866,8.636633509,1.742022254,75.66767854,73.44053126,0,0.5777814929490787,1,42.22185070509214,WARNING
508,2.761401344,4.415968138,2.309492545,76.09667304,79.25227743,1,0.7803799993041718,1,21.96200006958282,CRITICAL
927,2.749941454,7.241337276,2.203127349,76.64271602,85.0619028,1,0.4293960213638275,0,57.060397863617254,MONITOR
750,2.308416717,4.999007444,1.885546231,78.13656274,79.38930069,1,0.40625417716165313,0,59.374582283834684,MONITOR
946,2.835207625,7.295923376,3.178317759,73.98247858,80.75334321,1,0.5726585767376139,1,42.73414232623861,WARNING
1109,2.341332971,2.147131714,1.338663956,82.10215666,74.09874476,0,0.340325599192028,0,65.9674400807972,MONITOR
787,2.838158827,8.800245138,1.522662792,77.89261514,80.51184312,1,0.5688094038037519,1,43.119059619624814,WARNING
838,3.16125254,7.441808978,2.065479226,77.99128131,83.28186673,1,0.48637317917189044,0,51.36268208281096,MONITOR
788,2.411184914,3.55165318,4.684686799,86.29805755,85.05654828,1,0.30987749799460634,0,69.01225020053936,MONITOR
718,2.191966788,6.995041887,5.062812806,76.76250123,75.89905203,1,0.4488684234143511,0,55.11315765856488,MONITOR
693,2.993050978,7.038203523,0.957194864,83.92071832,68.75971695,1,0.7298086254898368,1,27.019137451016316,WARNING
940,4.254503736,5.614647497,3.207414843,85.64153235,74.18359505,0,0.2973862749355597,0,70.26137250644403,MONITOR
406,1.993785585,7.234830003,1.708606183,75.6161958,81.66262387,1,0.9182776059159752,1,8.172239408402483,CRITICAL
1552,3.190177743,6.086034184,2.473287259,75.20477399,80.95994102,1,0.3237877409965876,0,67.62122590034124,MONITOR
1033,4.015978599,4.044618546,1.368561782,78.41091049,69.72617742,0,0.19055909523561107,0,80.94409047643889,NORMAL
1048,2.603507529,7.099990708,3.768879364,82.1328633,80.49122825,1,0.29100440581361736,0,70.89955941863826,MONITOR
508,2.157138168,7.648297523,2.201805734,75.65610147,78.67468658,1,0.7185615160786492,1,28.143848392135084,WARNING
658,3.282544254,6.827312614,1.944635842,77.0628183,73.34429134,1,0.7578119725378822,1,24.218802746211775,CRITICAL
413,3.860576814,4.920866871,1.561107637,88.01356313,75.21841526,1,0.8304659610395615,1,16.953403896043852,CRITICAL
567,4.476489425,3.263009037,1.614253824,76.94145141,73.8235855,0,0.6755742149303661,1,32.44257850696339,WARNING
800,2.032992024,6.116883024,2.484822547,87.16487128,82.88755079,0,0.3886940100252466,0,61.13059899747534,MONITOR
523,3.89702046,17.66702333,1.526179876,79.95628639,81.05602623,1,0.736913651059556,1,26.308634894044403,WARNING
484,2.828647893,6.670411611,6.307959932,75.22733392,71.51864199,1,0.9031513740370918,1,9.684862596290822,CRITICAL
1558,4.219467715,5.608314971,2.943327368,78.08259423,84.77955929,0,0.3328520617087541,0,66.7147938291246,MONITOR
808,4.82187306,6.80432388,4.826177225,76.94892882,80.00474963,1,0.41569934096794425,0,58.43006590320557,MONITOR
951,1.191360145,9.98629994,3.556036348,75.94459364,75.15201233,1,0.46799497711937904,0,53.200502288062104,MONITOR
414,3.527763979,4.235205377,2.363311387,76.78175806,67.77747404,1,0.7699439345609851,1,23.005606543901493,CRITICAL
1138,3.91188285,2.918049769,3.032650513,75.82297028,83.43092242,0,0.3489415106730183,0,65.10584893269818,MONITOR
931,2.581348056,5.002093689,2.250191685,75.18291514,70.14023882,1,0.4663386326990127,0,53.36613673009873,MONITOR
696,3.38082359,3.819837951,5.333076403,76.23404586,68.36313475,0,0.4505902044856771,0,54.94097955143229,MONITOR
590,2.894742331,5.025035,4.023781395,82.8353401,81.71860813,0,0.627741862656007,1,37.2258137343993,WARNING
749,1.173782186,5.199513832,1.645864981,77.09227536,76.24888839,1,0.3761042781505715,0,62.38957218494286,MONITOR
663,2.393848187,4.787941541,2.819192172,76.60522647,68.30108675,0,0.5560984875823332,1,44.39015124176669,WARNING
1059,1.892911617,9.3879153,2.386384899,77.10027508,76.34183497,0,0.4925998878178546,0,50.74001121821454,MONITOR
724,2.226813759,4.246950233,2.299089891,77.2223553,75.11937238,0,0.3385165322009043,0,66.14834677990957,MONITOR
715,3.162625938,6.44700443,2.207791508,75.91358358,81.66096556,0,0.7273270819391936,1,27.26729180608064,WARNING
1654,5.562301974,8.790793411,3.074888831,75.89328071,83.94447725,1,0.4743531513626914,0,52.56468486373086,MONITOR
653,2.347640506,6.992379056,3.427513783,72.84517957,76.20425815,1,0.7346985633902141,1,26.530143660978588,WARNING
1074,4.375511194,10.53163062,2.685084877,75.9957569,82.62165125,1,0.5298443602822017,1,47.01556397177983,WARNING
758,5.899065401,5.440652967,1.431871664,76.73308742,79.40629951,1,0.6193157117978824,1,38.068428820211764,WARNING
876,2.651584097,7.795454353,1.460266682,75.96699028,80.55247065,1,0.48995995093489125,0,51.00400490651087,MONITOR
750,2.423961336,7.542295043,2.878906788,75.15819545,71.73114392,0,0.7122108395143831,1,28.778916048561687,WARNING
653,3.768659249,5.491255304,1.279312569,86.91960656,88.61947694,0,0.5470401186513918,1,45.29598813486082,WARNING
497,2.9368327,7.593044852,2.296531372,75.82481484,79.69271946,1,0.7254138350520926,1,27.458616494790743,WARNING
527,3.815760317,5.583321263,1.994173734,77.49368696,73.22759,1,0.757069348947922,1,24.293065105207802,CRITICAL
756,5.798337579,5.143442103,1.520389751,73.05122245,84.24334946,1,0.6673545011286444,1,33.264549887135566,WARNING
498,3.156905033,7.160322665,2.028072903,75.31819147,82.05881275,0,0.8242443643824713,1,17.575563561752872,CRITICAL
677,4.683190117,3.801646039,3.067000864,77.89470495,73.55139554,0,0.4216030108054353,0,57.839698919456474,MONITOR
569,2.403982267,1.940983968,4.97446808,77.05299343,76.85707645,1,0.508877321215313,1,49.1122678784687,WARNING
1195,2.019293065,7.679059002,1.650549337,88.19375047,81.33311398,1,0.36991245769492803,0,63.0087542305072,MONITOR
1176,2.588444974,6.911573869,2.287590478,76.8828968,86.54960536,0,0.46662971141339454,0,53.33702885866054,MONITOR
438,4.188997022,7.778551951,1.252419576,76.60255978,71.97805043,1,0.895890742388656,1,10.410925761134404,CRITICAL
653,2.417051699,10.72919922,1.431353729,74.97918962,66.67468462,1,0.8394880785100095,1,16.05119214899905,CRITICAL
966,5.464976404,6.05794948,1.512875676,76.91024153,82.03340222,1,0.46625168116586063,0,53.37483188341394,MONITOR
787,2.529481698,6.939927687,2.722809828,75.51155264,82.57263606,1,0.4992386809275858,0,50.076131907241425,MONITOR
685,2.91712553,3.563674163,2.841262718,76.13588525,69.71331266,1,0.46917121099795833,0,53.082878900204165,MONITOR
702,3.755667895,11.47150072,3.048485638,76.83747569,85.98006993,0,0.5781319546215888,1,42.18680453784111,WARNING
754,3.840549972,6.982956253,4.56080855,75.00510976,76.65435748,1,0.5328517789097644,1,46.71482210902356,WARNING
906,3.682994987,5.87600534,2.828082786,77.36727957,86.10878203,1,0.34125314656118383,0,65.87468534388161,MONITOR
939,3.300785191,9.631912263,2.715128579,77.03566089,82.59231081,0,0.5152368492156623,1,48.47631507843377,WARNING
611,3.760084946,5.847079701,3.169787522,78.04132665,83.69597919,0,0.5566910692185695,1,44.33089307814305,WARNING
871,2.485686086,5.046095678,1.995614032,74.23860672,81.58990836,0,0.574080586943492,1,42.591941305650806,WARNING
374,3.696694909,7.410403641,1.250102206,77.49503091,80.05310435,1,0.944285565388379,1,5.5714434611620955,CRITICAL
731,3.360732374,4.035484988,3.741591065,77.84762362,76.55685845,0,0.2855366635246737,0,71.44633364753264,MONITOR
460,2.59340077,5.165885759,2.348094082,80.14184459,84.22268662,1,0.8087051413852738,1,19.129485861472617,CRITICAL
583,2.457127371,10.37454663,1.412451581,75.86773556,79.21456787,1,0.7461753950198958,1,25.382460498010417,WARNING
567,3.217726789,7.215950791,1.831206578,76.90782175,74.729881,1,0.7975182147932298,1,20.24817852067702,CRITICAL
526,2.616772334,6.075384154,3.066717555,77.8206168,84.82992755,0,0.6700338740371382,1,32.99661259628618,WARNING
1184,3.41682127,7.029056825,3.348190889,74.05503815,71.67984648,1,0.5946103320070136,1,40.538966799298635,WARNING
996,3.48858981,6.673206631,2.771706855,76.75405893,79.70216042,1,0.41043069788425496,0,58.95693021157451,MONITOR
533,6.168664129,3.179575469,1.365877236,78.03118373,79.36605018,1,0.8106107117392777,1,18.93892882607223,CRITICAL
992,3.654665437,7.061033075,2.707279673,77.32980351,72.74997351,0,0.41451571227254225,0,58.54842877274577,MONITOR
397,2.537987473,6.527305652,2.630740128,74.87329313,85.04511543,1,0.8407056356127524,1,15.929436438724764,CRITICAL
441,1.965482453,7.201546467,1.793601556,75.83922675,70.67144313,1,0.9106961336590085,1,8.930386634099152,CRITICAL
1190,2.290647104,6.547939451,2.05195718,74.99454253,73.25382114,1,0.40707785082642317,0,59.292214917357676,MONITOR
691,2.311403957,4.906982804,2.829133069,76.42697788,81.456789,1,0.5470503627416633,1,45.29496372583367,WARNING
382,2.090804965,9.221237621,1.757692281,75.08415612,83.49631846,1,0.9491850075066853,1,5.081499249331467,CRITICAL
688,4.250176597,8.05625732,1.477452512,76.15503454,76.51915323,1,0.7714741782045828,1,22.852582179541724,CRITICAL
461,4.75692088,7.635279569,3.213110679,84.12003502,67.98228673,1,0.8760043960010753,1,12.399560399892472,CRITICAL
668,3.613017572,3.627399545,1.176296124,76.09921467,81.679781,1,0.5186218455522599,1,48.13781544477401,WARNING
503,3.950221973,12.56578745,1.584339947,76.69710507,87.6599948,1,0.8638045025792755,1,13.619549742072445,CRITICAL
1159,2.254696347,10.77229774,1.837094048,76.11426673,73.54674463,1,0.4806235244635252,0,51.93764755364748,MONITOR
731,3.474908663,7.348450076,2.363766664,76.03817414,79.77829892,1,0.682603659602189,1,31.739634039781095,WARNING
618,5.447047809,9.089161523,2.469429473,74.69418017,84.70176027,1,0.8771203977227728,1,12.287960227722717,CRITICAL
1066,4.496669513,8.315908656,2.88252139,76.25722813,75.94247031,1,0.5071488932099952,1,49.285110679000475,WARNING
488,0.325005426,8.190475564,1.503243697,76.15075327,77.30819501,1,0.7632540116683872,1,23.674598833161276,CRITICAL
1183,4.10797503,0.360413366,2.717653291,78.00555069,86.46761441,1,0.3463679202244463,0,65.36320797755538,MONITOR
631,3.634287758,5.946661467,3.100367809,77.31348042,72.61978292,1,0.6495648248680567,1,35.04351751319433,WARNING
692,3.850430318,5.334920986,1.344313324,75.10487196,84.72584073,1,0.7110218492154092,1,28.897815078459075,WARNING
621,3.114902157,5.100399085,2.794418223,75.06848278,75.35416208,1,0.6758041088013033,1,32.41958911986968,WARNING
967,3.627290789,2.249950155,1.337988885,79.68801954,76.55198872,1,0.16965181602538687,0,83.03481839746132,NORMAL
856,3.959996013,6.986887028,2.239130643,74.75208253,72.44588369,0,0.48782680064308154,0,51.217319935691854,MONITOR
888,2.897511047,5.805704873,1.194699346,77.28192031,70.52688686,1,0.473605324465717,0,52.6394675534283,MONITOR
671,3.666109837,7.775491523,1.234252713,84.53836057,80.75331221,1,0.6360467630320927,1,36.395323696790726,WARNING
502,4.160130067,5.494894663,2.411664996,76.13180454,84.75852725,1,0.7910493830251167,1,20.895061697488327,CRITICAL
539,2.756341985,3.963830246,2.479536087,77.70863724,86.06853085,1,0.5798930820688379,1,42.01069179311621,WARNING
470,3.719698733,8.326191672,2.748457398,77.56781236,80.41599027,1,0.8214247509400406,1,17.857524905995938,CRITICAL
540,4.777614403,7.532229359,3.917857464,82.18532775,85.45644206,1,0.8424089022029964,1,15.759109779700363,CRITICAL
751,2.315060903,4.985776579,1.384556899,74.02745246,86.57850281,1,0.6675481758527302,1,33.24518241472698,WARNING
682,2.529622687,7.795737368,1.21576421,75.27176731,78.67930936,1,0.7027327924223645,1,29.726720757763548,WARNING
541,2.830232936,5.29925844,2.439189054,76.77952191,78.40950868,1,0.7052357861926468,1,29.476421380735317,WARNING
1674,4.133644686,10.10045036,2.518574505,78.60790368,84.44906944,0,0.22484277310529777,0,77.51572268947022,NORMAL
536,3.022837954,4.073515831,1.530006547,75.11304905,88.42787632,1,0.8137736980534791,1,18.62263019465209,CRITICAL
641,2.095956547,6.116655672,1.520047848,78.08243217,80.2153329,1,0.4398067922469685,0,56.01932077530315,MONITOR
884,4.47634055,0.552379309,1.646092902,80.11756228,78.17679602,0,0.30255766455866373,0,69.74423354413362,MONITOR
839,2.581549049,7.252249619,3.861086744,78.69959937,73.71549247,0,0.3965308916829439,0,60.3469108317056,MONITOR
625,2.564070302,4.364972568,1.261660955,86.53055866,81.40063839,0,0.5333041071764748,1,46.66958928235252,WARNING
1341,2.856092785,14.86914018,1.658590657,77.22870576,75.10064279,1,0.46143282932448937,0,53.85671706755106,MONITOR
649,3.375283528,5.555514644,1.353849915,74.45142345,79.27492969,0,0.6469426042655947,1,35.30573957344053,WARNING
500,4.067209527,4.767435187,2.093937148,78.6015774,71.81221692,1,0.6358636585457652,1,36.41363414542348,WARNING
1227,3.940626661,10.92096968,5.0991704,76.78540942,80.76538526,0,0.4699435207417649,0,53.00564792582352,MONITOR
801,3.279092248,5.799760938,1.87531851,83.61071957,72.97586426,0,0.42261635426733596,0,57.738364573266395,MONITOR
596,4.247814478,6.086568322,1.901248415,84.21467708,75.43332455,1,0.5421674804670357,1,45.783251953296435,WARNING
828,3.901663953,4.341471991,1.672806057,84.11822652,74.78577941,1,0.2097484432407433,0,79.02515567592567,NORMAL
907,2.364545452,9.172647899,2.782164881,83.62776637,72.25197192,1,0.49918042534297674,0,50.08195746570232,MONITOR
1139,4.210597518,6.955827229,2.067293267,77.34932346,71.84023065,0,0.4811130844413618,0,51.88869155586382,MONITOR
471,2.109502918,4.540284614,3.002624089,77.78907628,68.73742806,0,0.6533591772401205,1,34.66408227598795,WARNING
1057,3.726872423,4.569508059,2.325823325,84.3411022,92.11457105,0,0.4230111546600801,0,57.698884533991986,MONITOR
788,2.064161636,5.224555618,3.371907441,77.04868094,77.39159416,0,0.4819153172152703,0,51.808468278472965,MONITOR
1130,4.803797249,11.28747522,2.073092591,77.30281889,77.29669567,1,0.4943708328690236,0,50.562916713097636,MONITOR
488,2.301150281,7.535933667,2.428047536,77.36438005,80.63196895,1,0.8063867558512543,1,19.36132441487457,CRITICAL
1074,4.11062483,7.577276363,6.471793825,85.96439299,79.36424126,0,0.40195263160003025,0,59.80473683999698,MONITOR
978,3.263222281,5.88712845,2.775383335,77.37090211,65.703796,0,0.5775470017260302,1,42.24529982739698,WARNING
1048,2.365215703,6.152590425,1.370682048,75.37712258,73.93163196,1,0.38149182846433194,0,61.85081715356681,MONITOR
1076,3.127202426,11.42960789,1.610150725,75.2635924,78.14104614,1,0.6133373545806827,1,38.666264541931724,WARNING
487,3.088208876,4.096579229,5.019703627,76.30077417,81.79457545,1,0.5710063175491009,1,42.89936824508991,WARNING
778,3.538907361,5.208443444,1.734623678,73.84982824,73.38530785,1,0.5868455990781235,1,41.31544009218765,WARNING
471,3.66744838,5.577159379,2.626214837,75.77848918,72.45134874,1,0.8657023545557821,1,13.429764544421785,CRITICAL
605,3.893942135,5.298075405,5.027294084,86.70432631,72.09872599,1,0.5652843675248695,1,43.471563247513046,WARNING
571,2.390712874,4.430610984,2.722163539,82.87627625,75.1555273,1,0.4471866832764212,0,55.28133167235788,MONITOR
1087,3.458833025,11.05046504,1.298160489,73.88789635,73.07453989,0,0.6732100629202068,1,32.67899370797932,WARNING
862,3.025410304,4.462318553,1.824859725,75.90760598,63.61718586,1,0.5515743722634509,1,44.84256277365491,WARNING
629,1.949550253,4.730966654,1.471184281,77.66116755,92.55105712,0,0.4894569037656203,0,51.05430962343797,MONITOR
882,4.797665089,6.648554967,2.115840613,77.773758,76.36930837,1,0.523952484008882,1,47.60475159911181,WARNING
885,1.887027852,6.352865126,2.356187698,77.22452173,81.45093441,1,0.5150730610898967,1,48.49269389101033,WARNING
478,4.573304839,7.13363964,2.755079685,73.29137295,74.92953893,1,0.9211227861247269,1,7.887721387527313,CRITICAL
589,4.198665842,11.24906776,1.842044021,74.64372926,71.52878938,1,0.87104028957589,1,12.895971042411002,CRITICAL
654,2.869503863,15.34664402,1.367785037,74.80520693,78.91487294,0,0.8138216745048829,1,18.617832549511714,CRITICAL
939,3.84920472,5.114817068,2.551239989,86.5320228,90.82230699,1,0.36941408610563364,0,63.058591389436636,MONITOR
866,2.755733233,6.346812573,3.736590401,74.97722774,79.16401503,0,0.45373394092763436,0,54.62660590723656,MONITOR
883,3.162857648,14.89351907,1.464423641,80.40272819,77.14786961,1,0.5780914019874728,1,42.19085980125272,WARNING
734,4.148434572,5.44578528,1.430749525,74.86696406,84.89413913,0,0.6223212265835163,1,37.76787734164837,WARNING
868,3.079106643,5.265877151,1.816541426,77.53504297,69.25143597,0,0.3720484770598943,0,62.79515229401057,MONITOR
1345,4.302138641,4.604059282,2.251793045,76.73486275,84.12373885,0,0.3219325812048883,0,67.80674187951116,MONITOR
642,2.612233577,16.95408863,2.650596931,76.4078933,91.72388482,1,0.7088514717598243,1,29.114852824017568,WARNING
1036,2.615350899,7.212464934,6.313233257,75.51417373,76.35344176,1,0.39359774443273793,0,60.640225556726215,MONITOR
780,2.594671525,5.25603517,2.114896407,74.99287021,75.52746711,0,0.6146584286086135,1,38.53415713913865,WARNING
489,2.658754062,9.22885607,1.440676698,75.41804088,72.27827768,1,0.888489021267345,1,11.151097873265503,CRITICAL
1316,3.695792596,7.30789437,2.362566131,79.98037122,77.05131547,1,0.3603035506667093,0,63.969644933329064,MONITOR
555,5.193266536,6.052998026,1.804725608,76.09061858,84.56876253,1,0.8112879820412352,1,18.87120179587648,CRITICAL
478,4.032627381,6.777304067,2.447404669,74.53688176,79.19895454,1,0.9313579978398322,1,6.86420021601678,CRITICAL
724,5.108953133,4.571478694,1.427294492,72.76068678,77.76046984,1,0.6956490634456333,1,30.435093655436674,WARNING
783,3.220059535,12.69716865,1.539830089,75.81136225,68.75124668,1,0.7037314694843179,1,29.626853051568215,WARNING
539,1.891162428,8.487780945,1.708203416,75.70585668,68.64812213,1,0.8500580107498528,1,14.994198925014723,CRITICAL
630,4.619635484,5.297739614,1.821580206,77.28666216,77.89863988,0,0.5485295001710455,1,45.147049982895446,WARNING
514,4.39197941,7.952518658,3.330456534,75.46173669,72.78384506,0,0.8597250681191723,1,14.027493188082774,CRITICAL
496,2.991461846,5.766848522,2.39913367,76.76779362,81.12979716,1,0.7792500812226488,1,22.074991877735116,CRITICAL
574,1.85012432,5.98153419,2.866207452,74.67484559,83.21133837,1,0.7575215193686838,1,24.247848063131617,CRITICAL
668,2.265682546,6.264854329,1.702498374,75.53467856,71.077335,0,0.5477341056222165,1,45.22658943777835,WARNING
779,4.117689825,4.386505281,4.239568873,76.75429964,87.59477157,1,0.31016753716603207,0,68.9832462833968,MONITOR
990,3.460495147,6.25205499,1.185245274,75.8948646,68.07700946,0,0.6405453174281022,1,35.94546825718978,WARNING
817,0.327347016,5.215129085,2.90183384,76.31991755,78.75615799,1,0.454847155658986,0,54.51528443410141,MONITOR
919,2.924451562,4.971495971,3.711388096,80.96753048,80.95149993,1,0.2050138777143793,0,79.49861222856207,NORMAL
385,2.303946448,5.597797716,2.922222679,73.65723013,72.44794178,1,0.8945357570921071,1,10.546424290789291,CRITICAL
666,2.801533051,9.610340912,1.234486108,78.10272538,82.34127185,1,0.7039365840562604,1,29.606341594373966,WARNING
1209,2.408206313,1.179160382,1.753902969,77.64142321,80.41110729,0,0.3116857319234808,0,68.83142680765192,MONITOR
539,3.535760416,7.932117988,2.609027916,81.11608884,85.75953426,1,0.8495747284692139,1,15.04252715307861,CRITICAL
452,4.826599085,7.299444309,3.153482141,74.90739713,82.74706188,1,0.9516348661087957,1,4.836513389120434,CRITICAL
639,2.401522463,9.903793383,5.528476737,76.5546456,87.69614158,1,0.5390765988186322,1,46.092340118136775,WARNING
754,4.571698616,5.012368259,1.774438494,77.37274644,79.0990761,1,0.5169483597616094,1,48.30516402383906,WARNING
838,3.700826133,5.720856544,2.738237334,75.90765627,81.82740337,0,0.49066046183151885,0,50.93395381684811,MONITOR
654,5.047961676,10.14476164,1.516319813,75.39076533,67.91414751,1,0.8067153879294455,1,19.328461207055447,CRITICAL
769,3.517000043,5.784346899,4.08151416,76.7829521,77.61914336,0,0.4407234300412128,0,55.92765699587871,MONITOR
413,1.682247826,8.230359577,2.488905338,73.678715,80.50661891,1,0.8948238589819844,1,10.517614101801565,CRITICAL
761,2.718284129,7.13429797,2.515077995,78.28575282,86.01351504,0,0.4606990204486536,0,53.930097955134634,MONITOR
383,2.307080884,12.14488152,2.800658469,85.63443008,80.67985844,1,0.884147407877266,1,11.585259212273403,CRITICAL
838,4.289452125,6.069334638,1.426497988,77.47227239,80.05700114,0,0.4833095356240586,0,51.66904643759413,MONITOR
1239,4.392919978,6.624746994,1.447846588,76.76162381,84.15562301,1,0.46604645151392504,0,53.39535484860749,MONITOR
850,2.975567792,5.63340734,3.462602603,83.37691643,83.91598743,0,0.3522787827895051,0,64.77212172104949,MONITOR
875,2.515822227,8.670268651,6.193987956,76.05366575,72.21627963,0,0.47936850543876003,0,52.063149456124,MONITOR
754,2.366879938,2.494833383,3.089680005,88.54198474,76.42318263,1,0.3058871727582008,0,69.41128272417991,MONITOR
1248,4.279075009,14.04709191,2.970698217,75.32061351,88.83987514,0,0.5895581897653734,1,41.044181023462656,WARNING
940,4.23657236,6.785608114,2.354164303,79.32216725,80.02247115,0,0.33507530790170503,0,66.4924692098295,MONITOR
666,4.792073624,6.986620667,2.054243503,75.76172452,68.716157,1,0.7188849160787425,1,28.11150839212575,WARNING
965,2.396047767,8.135028858,2.123089281,76.74315824,81.64228563,0,0.4218474183606402,0,57.81525816393598,MONITOR
485,5.810206687,7.454249667,1.722227287,76.8949758,74.71440379,1,0.9258333596449394,1,7.416664035506059,CRITICAL
782,2.972826114,4.797665836,1.849671259,82.14272371,78.75390177,1,0.467101571394238,0,53.2898428605762,MONITOR
622,3.239334048,4.804825071,2.299726816,84.66043902,89.9184298,1,0.5820587797968835,1,41.794122020311654,WARNING
445,4.162065682,5.541108594,3.171554853,77.66177053,79.77737995,1,0.8126086252856718,1,18.73913747143282,CRITICAL
1076,4.974323599,7.301865612,5.115030337,76.27623341,67.95035713,1,0.5973270659567775,1,40.267293404322245,WARNING
628,2.083090634,7.519013723,1.952411695,76.48336629,76.70133533,1,0.6103412876235688,1,38.96587123764312,WARNING
1046,5.104723393,8.17765482,2.772794321,78.08078553,78.6634201,1,0.3974116186259598,0,60.25883813740403,MONITOR
629,3.45150323,10.10988216,3.070523645,76.32836754,69.95105763,1,0.8330503325034821,1,16.694966749651783,CRITICAL
993,2.69592954,9.310466717,1.618494444,77.01207226,88.28743904,1,0.6007841566790498,1,39.921584332095016,WARNING
902,0.53668586,5.089303526,4.099194255,82.81125246,76.68535089,0,0.32010535051737354,0,67.98946494826265,MONITOR
844,2.96634202,7.047283074,2.188263811,83.21973689,91.66319467,0,0.5433876427000024,1,45.66123572999976,WARNING
739,3.006423621,3.308197556,1.679324896,76.66028058,72.63974103,0,0.5534787998195831,1,44.652120018041686,WARNING
844,4.382313561,14.19708747,1.573339541,77.40453117,87.94606958,0,0.5965950154504138,1,40.34049845495862,WARNING
864,2.713812541,6.026919343,3.477539652,74.08320215,79.2737455,0,0.6110714597025393,1,38.89285402974607,WARNING
939,3.889374671,7.727791837,2.763929115,83.54195556,85.66732186,0,0.31856677728950905,0,68.14332227104909,MONITOR
761,2.572092694,7.264213859,1.48657611,77.05576607,83.62603717,0,0.5257043347995821,1,47.42956652004179,WARNING
622,4.408821227,12.0951616,3.144985915,73.00396245,74.47878985,0,0.7922707958311879,1,20.772920416881213,CRITICAL
701,3.493208805,5.421514891,1.400364459,76.23112028,87.67276922,1,0.7493562194682157,1,25.064378053178427,WARNING
1470,2.957603961,7.951829321,4.786932673,87.43923651,78.90621572,0,0.3464278022405245,0,65.35721977594756,MONITOR
999,2.883168773,7.055224465,1.97406128,75.81790972,84.98886971,0,0.42508913157200573,0,57.49108684279942,MONITOR
1025,1.926550363,5.958449484,4.158478792,75.30121576,85.98314584,0,0.2856327011949894,0,71.43672988050106,MONITOR
1222,2.705563277,9.172780694,1.140930356,74.78249221,81.21257729,1,0.48946924223845095,0,51.0530757761549,MONITOR
502,5.170276043,5.95599284,3.376922201,75.49940761,84.68457621,0,0.8185296326581604,1,18.147036734183963,CRITICAL
652,3.251323516,4.77960985,1.037455438,77.38110676,81.76319208,1,0.5877067817582692,1,41.229321824173084,WARNING
740,5.226099993,5.516890055,0.940206142,75.62726058,77.74907627,1,0.6469833007337413,1,35.30166992662587,WARNING
887,2.346325882,1.590933613,2.938381119,77.54851442,71.02766081,0,0.24160900870984686,0,75.83909912901532,NORMAL
973,4.998568447,7.916994527,2.089596474,83.88682368,72.46949732,0,0.367426108671134,0,63.2573891328866,MONITOR
533,2.896669805,6.952250563,2.693805358,83.36797665,66.20589862,1,0.8115000959988071,1,18.84999040011929,CRITICAL
1276,3.390677626,4.998572714,4.526056997,76.36426129,85.52131685,0,0.37399894595512784,0,62.600105404487216,MONITOR
1002,2.191373243,6.664430902,5.413904346,78.29776473,78.75466931,0,0.341773202468141,0,65.8226797531859,MONITOR
940,1.943300041,5.612164791,5.552352899,83.76475241,80.15828313,0,0.23951984492926381,0,76.04801550707361,NORMAL
489,2.814611298,14.66370337,2.791622985,76.46419204,81.67690399,1,0.8611122756459656,1,13.88877243540344,CRITICAL
702,4.76479686,2.750885505,2.754097749,74.40857561,68.91390103,1,0.5879333677516834,1,41.206663224831665,WARNING
871,1.050695563,5.510480296,5.546644433,82.97436364,70.90698188,1,0.36399103186421544,0,63.60089681357846,MONITOR
860,3.747278182,7.699523374,1.970550926,89.28630161,89.09825434,1,0.5068179778053644,1,49.31820221946356,WARNING
539,2.596259363,8.562522465,1.920868163,76.78747385,75.09478245,1,0.774092736023379,1,22.5907263976621,CRITICAL
802,3.494967041,5.175380201,3.773562635,80.02357423,84.93413165,1,0.2335668865376726,0,76.64331134623275,NORMAL
561,3.197550054,9.659437618,2.946029026,75.61081432,78.28139702,1,0.7639584862532265,1,23.60415137467735,CRITICAL
904,3.242548338,1.418040587,2.474057407,82.01593221,77.39304782,1,0.24698343274816334,0,75.30165672518366,NORMAL
1059,1.233211584,13.46346531,1.216273909,77.07241114,88.46824085,0,0.5842058918332197,1,41.57941081667803,WARNING
546,3.65449966,5.916912496,2.379427289,78.05217145,84.28449839,1,0.7268480688965648,1,27.315193110343515,WARNING
665,3.76645578,4.99443944,1.779222159,77.411579,82.51709283,1,0.44684041463688695,0,55.31595853631131,MONITOR
1297,2.807511957,5.653088999,2.773177905,75.63547826,73.45075608,0,0.5034858179239273,1,49.651418207607264,WARNING
578,4.229467625,4.450983266,1.823731721,78.61672862,68.46882349,0,0.5757763242322448,1,42.42236757677552,WARNING
527,3.267653731,7.484247583,2.695506931,75.83481351,77.12542123,1,0.8222764149284186,1,17.77235850715814,CRITICAL
404,3.739321233,4.547393071,2.145560754,75.69784814,83.23181745,1,0.8311004406185798,1,16.88995593814202,CRITICAL
1103,3.74081534,7.496849071,1.339660254,75.63068294,86.77942993,0,0.4591977369497886,0,54.08022630502114,MONITOR
1366,4.612282923,5.462513693,2.131625777,76.49376452,69.35965862,1,0.39255422516904975,0,60.74457748309503,MONITOR
854,2.695827213,5.316082452,1.430784447,82.52314616,81.5485284,1,0.45423713686285716,0,54.576286313714284,MONITOR
898,4.125623676,16.44408191,1.28443132,77.02088505,73.68501161,1,0.45832977444370526,0,54.16702255562947,MONITOR
668,2.746941768,7.756767295,1.423461306,81.3037897,78.12056601,1,0.6871581603912906,1,31.284183960870937,WARNING
893,5.19712013,5.638154904,1.349124843,78.50458317,79.74432083,0,0.510681686099066,1,48.93183139009341,WARNING
469,2.353411202,4.812231902,2.625579108,76.84589582,89.32162689,1,0.715833502974451,1,28.416649702554896,WARNING
908,3.62543992,5.273033062,3.312065631,80.56345178,87.36258255,1,0.2684902367153791,0,73.1509763284621,MONITOR
1248,3.212872427,8.139220871,1.582550889,85.0378977,86.02299079,1,0.3054311874945327,0,69.45688125054673,MONITOR
650,3.756576441,3.64838783,3.289407864,87.08863641,88.0156093,0,0.44136327044945906,0,55.8636729550541,MONITOR
1227,3.103696214,3.600701079,3.304792681,75.68609919,68.59585288,0,0.407680362136192,0,59.2319637863808,MONITOR
589,3.463999513,5.511415399,0.297265499,77.95634285,89.90465383,0,0.5041027999119997,1,49.58972000880003,WARNING
948,2.08249379,4.373133107,1.47835851,77.52156984,73.4062389,1,0.31502244748483854,0,68.49775525151614,MONITOR
1016,3.754641622,6.547529609,1.161200832,75.59414124,78.94161106,1,0.4675592705735654,0,53.24407294264346,MONITOR
1063,2.274479011,5.507048068,2.253901036,77.7667644,85.19747484,1,0.32436516166764184,0,67.56348383323582,MONITOR
947,4.107378854,10.0447423,1.607816771,79.31146756,79.19442534,0,0.35598432805066854,0,64.40156719493315,MONITOR
967,3.076515477,6.533073673,1.85675126,76.52950782,78.81283587,1,0.46791000628719376,0,53.208999371280626,MONITOR
1024,4.026416389,7.640070335,1.759030894,75.94075877,69.96715878,1,0.5481593181203881,1,45.18406818796119,WARNING
787,2.071532954,5.533664737,3.244605864,76.40588131,80.42970495,0,0.47071148019954345,0,52.92885198004566,MONITOR
667,3.370593343,6.898713594,1.441468738,76.79422351,83.56504852,1,0.6060035860853772,1,39.39964139146228,WARNING
642,2.383508886,4.328352026,5.821740787,75.1774586,76.38931669,1,0.4452046135957992,0,55.47953864042008,MONITOR
759,2.424424261,7.988256257,3.081636966,76.98502842,72.91400816,1,0.5449491221173886,1,45.50508778826114,WARNING
1079,2.312188958,4.881784103,0.624696639,77.83055956,69.55262887,0,0.3400394271681495,0,65.99605728318505,MONITOR
774,3.651632167,3.757233822,1.602752552,77.85450712,79.95663241,0,0.38662727202547315,0,61.33727279745269,MONITOR
672,2.921114019,5.335439678,1.020365999,76.20837517,78.19937352,1,0.7164987462453254,1,28.35012537546746,WARNING
107,3.512235723,5.047615462,2.05320502,76.40848807,71.593851,1,0.8813034216161996,1,11.869657838380043,CRITICAL
617,5.597605045,5.325127589,3.186785589,77.76655872,75.45673451,1,0.4376842194095217,0,56.231578059047834,MONITOR
705,4.508834756,6.893292388,1.720072597,87.28133753,76.52105113,1,0.6070679947934895,1,39.29320052065105,WARNING
590,2.949196491,13.41302171,1.941940912,77.6196316,88.41892632,1,0.6303947513255159,1,36.960524867448406,WARNING
1099,4.001729985,3.065483565,1.238294674,74.91575577,68.70969544,1,0.38602473717270513,0,61.39752628272949,MONITOR
544,2.029867072,7.456831566,2.39831485,75.63756002,69.42555011,1,0.8970726559291061,1,10.292734407089387,CRITICAL
643,3.776330049,10.91945593,1.607333137,74.48784677,84.55491193,1,0.8250238086797688,1,17.497619132023125,CRITICAL
1052,1.803585226,4.251557411,2.756448758,75.2600191,84.87393021,0,0.34888472987658076,0,65.11152701234192,MONITOR
1272,2.541804739,6.376769087,1.784419023,81.00940928,88.11211799,0,0.3542361191122149,0,64.5763880887785,MONITOR
624,5.652696268,8.617896731,1.15323296,73.89985785,76.19171882,1,0.9173344603460077,1,8.266553965399225,CRITICAL
766,2.391939141,6.218300206,2.782688823,76.56290391,87.60420917,0,0.45687031327577565,0,54.312968672422436,MONITOR
399,3.103702284,6.128580399,4.853579901,78.18070628,71.76049922,1,0.7731862859469419,1,22.681371405305807,CRITICAL
910,2.70217238,5.362872979,2.571940207,80.53237851,75.61599593,0,0.39242744314285744,0,60.75725568571426,MONITOR
821,2.928228438,9.526022586,2.822655272,76.74972928,77.27587095,0,0.6327134377414307,1,36.72865622585692,WARNING
447,2.773977495,7.164099681,1.239398881,83.05948265,74.91070834,1,0.8411032451076144,1,15.889675489238563,CRITICAL
1400,5.875433089,4.593164533,1.858983697,77.04442339,74.60777072,0,0.5092613308357251,1,49.07386691642749,WARNING
639,4.432318922,6.281004445,1.945709142,75.08492372,79.3009843,0,0.7543931786958221,1,24.56068213041779,CRITICAL
381,3.931360889,6.987128056,3.57976173,84.11386823,83.26413785,1,0.8573291550294634,1,14.267084497053661,CRITICAL
502,2.222243247,6.937281133,2.185615676,77.6231141,72.83827172,1,0.7362308098178557,1,26.37691901821443,WARNING
470,2.97040804,4.90117931,2.329929831,76.42459295,81.73299008,1,0.792529649243813,1,20.747035075618705,CRITICAL
1344,2.265764201,4.865013663,2.207112865,80.69414287,75.42083432,0,0.30026319916232264,0,69.97368008376775,MONITOR
946,3.227655607,6.037498883,1.337961123,83.8311813,87.79622612,1,0.37579430313285217,0,62.420569686714785,MONITOR
471,2.618837524,7.076045397,2.53805507,76.20198645,77.61349455,1,0.8788054482741962,1,12.119455172580384,CRITICAL
840,3.129240668,7.545361314,1.779439176,76.27820751,83.6589585,1,0.5418888133194641,1,45.81111866805359,WARNING
879,3.677233313,5.716922963,1.987576425,78.47895844,81.07255802,0,0.33424037718451605,0,66.5759622815484,MONITOR
443,4.743091258,7.332027221,2.175551683,83.50889163,73.60373437,1,0.7853807767744595,1,21.46192232255405,CRITICAL
882,2.69936379,8.504689695,2.788358388,81.8134386,87.69749999,0,0.51389869441901,1,48.610130558098994,WARNING
1048,3.277943708,8.659894545,1.404559373,78.13201991,68.6501286,0,0.5757517074681909,1,42.42482925318091,WARNING
717,3.031110092,7.099309122,1.950791551,75.686064,81.90780334,0,0.7209920278241433,1,27.90079721758567,WARNING
837,0.892616674,4.47817849,1.263874992,77.07131911,79.32465216,0,0.41675876857769933,0,58.324123142230064,MONITOR
843,3.856511359,1.370802761,2.743262014,77.50918614,83.79382525,0,0.20855361118718135,0,79.14463888128186,NORMAL
1140,5.723574333,8.935689752,1.849775109,82.42589016,77.46019096,1,0.4350903487637148,0,56.49096512362852,MONITOR
652,2.066156099,6.478481699,1.880027444,79.41258738,82.54625848,1,0.5385957883930863,1,46.14042116069137,WARNING
924,3.508065401,5.932042507,1.88588121,82.97860794,80.41311165,0,0.41209075703221826,0,58.79092429677817,MONITOR
913,2.871362313,6.143666741,3.194376299,77.07371934,74.24809502,0,0.41188628511989495,0,58.8113714880105,MONITOR
611,4.91036686,5.185477514,1.900695442,76.14948439,75.62676809,0,0.6002569582870457,1,39.97430417129543,WARNING
1050,4.72714399,3.978103099,1.046323299,76.38262277,83.19783032,1,0.42038938622572863,0,57.961061377427136,MONITOR
663,5.478452182,7.052038377,1.227311003,75.43200268,75.04337812,0,0.8256364511637028,1,17.436354883629722,CRITICAL
820,2.626964872,7.128498826,1.87725671,72.63531052,72.3326544,1,0.6630776110521901,1,33.69223889478099,WARNING
432,3.892692923,9.15735894,2.620465697,77.64446933,80.43460077,1,0.8784227878842982,1,12.157721211570182,CRITICAL
802,3.566594819,4.180011688,2.110992552,77.33622106,79.90055648,0,0.2655227015948752,0,73.4477298405125,MONITOR
880,3.647968854,5.383132291,3.547318184,72.78800859,82.15778352,1,0.6203964579352022,1,37.960354206479785,WARNING
851,2.856857682,6.625417351,2.491100371,72.10173977,76.56204016,1,0.6536819216577523,1,34.63180783422477,WARNING
868,2.95293553,5.403450733,2.352221099,76.94919778,83.6082331,1,0.4662005741878499,0,53.37994258121501,MONITOR
778,2.651912985,16.94601583,3.665663525,75.13577149,68.24970179,0,0.7645923685314455,1,23.540763146855447,CRITICAL
914,3.598302747,5.890436417,1.843528379,75.8425196,78.1722783,1,0.5088834989284362,1,49.11165010715638,WARNING
739,5.30792359,6.707673047,0.993901955,83.92248552,83.24817894,1,0.6393278523332647,1,36.06721476667353,WARNING
435,3.832696146,9.675746121,3.424913856,75.31331531,78.01466874,1,0.9414939610139396,1,5.850603898606044,CRITICAL
742,2.18068562,5.744496404,1.386229062,74.72010016,90.05889851,1,0.5256403296580656,1,47.43596703419344,WARNING
542,2.533404125,5.641195257,2.991978952,74.92788929,84.06499514,1,0.8038258771359165,1,19.617412286408353,CRITICAL
589,3.901916073,5.366568962,0.928696788,74.58369997,75.88233732,1,0.7017257668754029,1,29.82742331245971,WARNING
1148,3.946901734,9.12466781,1.218411395,76.13194096,82.48699828,0,0.4696990915351294,0,53.03009084648706,MONITOR
927,4.717093661,6.433266372,2.634514824,76.65853588,82.58038196,0,0.47950307171120166,0,52.049692828879834,MONITOR
919,2.524388264,5.262507852,1.56085439,75.07239979,77.91451266,0,0.4371156193059542,0,56.28843806940458,MONITOR
750,2.79534042,7.71124766,1.533158222,76.46287585,83.42890276,1,0.7607968775359755,1,23.920312246402453,CRITICAL
777,4.202436588,4.878076047,3.221163183,75.14880108,74.59253506,0,0.5840965921973299,1,41.59034078026701,WARNING
1093,2.006510045,8.468616484,3.9666474,85.43396664,75.51732085,0,0.3600301495287012,0,63.996985047129876,MONITOR
545,2.381542415,9.830872149,2.292070041,75.2423194,73.54254934,0,0.8053897533663568,1,19.461024663364324,CRITICAL
787,2.497371456,6.363422051,2.727148785,77.81435135,75.54814482,1,0.43204829465012323,0,56.79517053498768,MONITOR
519,4.705668306,10.64308048,1.658815376,77.05197516,77.00550862,1,0.8590602344274775,1,14.093976557252253,CRITICAL
1084,4.160295286,7.529315103,2.17393423,85.6153328,85.18320117,0,0.2729333740605816,0,72.70666259394184,MONITOR
733,3.07614678,5.890856392,1.932505448,76.42849516,74.59916158,0,0.5975041409742882,1,40.249585902571184,WARNING
847,3.938406115,6.985322435,3.359049516,77.64375934,69.54319352,1,0.5105795173978536,1,48.94204826021464,WARNING
1341,5.225529532,5.890407158,1.614451893,79.0551393,74.86780318,1,0.3672736983332585,0,63.27263016667415,MONITOR
790,2.20133824,6.533743362,2.542283535,75.89748789,85.87837673,1,0.46448722112281265,0,53.55127788771874,MONITOR
1023,4.219199691,5.71499847,3.056070565,74.54246867,71.78460549,1,0.5276523360759874,1,47.23476639240126,WARNING
610,3.279106253,7.912288777,1.524616847,74.83928781,83.26239706,1,0.8830777530469178,1,11.692224695308218,CRITICAL
1661,3.518120833,11.80290181,2.951990975,76.72592091,72.87272512,0,0.4961784866550834,0,50.38215133449167,MONITOR
798,1.988798241,2.982691903,1.36254383,77.3036894,76.03431603,0,0.23356827082297738,0,76.64317291770226,NORMAL
954,5.674536282,4.090943714,2.457564588,74.61269301,68.43039755,1,0.7248818918690527,1,27.511810813094726,WARNING
864,3.212650006,5.632807889,3.221213382,75.06318812,82.34610483,0,0.49090704964975357,0,50.90929503502464,MONITOR
535,2.064310512,6.755120791,2.632919587,84.45845547,77.84931104,0,0.6403169020874412,1,35.968309791255884,WARNING
793,3.7589933,5.841362987,1.894363835,81.35256668,91.07382962,0,0.46173800715319563,0,53.82619928468044,MONITOR
555,3.095508952,5.184542545,3.345983715,74.28669214,80.44991043,1,0.8828697149543709,1,11.713028504562907,CRITICAL
647,2.663503039,2.818298246,1.803563842,75.74670525,78.7406319,1,0.4493396785923298,0,55.06603214076702,MONITOR
932,2.373686992,4.454108443,2.709612986,85.85957569,78.47687521,1,0.3585079779359541,0,64.14920220640458,MONITOR
534,3.129785466,5.809633905,1.781483065,76.36593211,80.46175329,1,0.7947408287022639,1,20.525917129773607,CRITICAL
595,1.938494874,5.100314195,1.589054262,74.28062543,66.50743266,0,0.71319551590136,1,28.680448409864002,WARNING
547,2.258771053,6.162557782,2.648198292,83.8853336,76.17060178,1,0.7838929947218545,1,21.61070052781455,CRITICAL
708,4.354764271,4.872244832,3.019734132,74.57370852,80.80001022,1,0.6789848400451471,1,32.101515995485286,WARNING
870,5.027439368,6.128913553,1.988861096,77.19854943,75.48718451,1,0.4472005912711721,0,55.27994087288279,MONITOR
911,4.582996146,6.370151455,2.522057361,77.88911762,79.58862292,1,0.4484072746991965,0,55.15927253008035,MONITOR
593,2.801011418,5.75794176,1.729561422,76.64102196,83.51084826,1,0.7371516084840501,1,26.284839151594987,WARNING
968,3.811178177,16.68834602,1.841140771,78.56650978,72.79595234,1,0.5150378039926833,1,48.49621960073167,WARNING
1328,4.281545552,5.701593669,1.371323472,83.95259012,77.71327175,1,0.3869127074652585,0,61.30872925347415,MONITOR
469,0.792881489,3.320240955,2.486209498,74.67152885,81.49200185,0,0.7614070060849125,1,23.85929939150875,CRITICAL
768,2.61159771,7.281911133,2.947120322,76.71134657,79.03464691,1,0.5251797125164803,1,47.482028748351965,WARNING
1014,2.94353887,8.485705008,1.603204494,80.98695028,67.51398777,1,0.563948269284179,1,43.6051730715821,WARNING
641,4.333003294,8.515631333,1.888784316,77.09910285,81.04273841,1,0.6820383470670812,1,31.796165293291878,WARNING
453,5.416906905,4.828646908,2.418904848,78.18672439,73.82274554,1,0.7690656150797441,1,23.093438492025587,CRITICAL
615,4.458601961,6.788731107,1.762538741,78.36406094,84.04980801,0,0.5715100789337242,1,42.848992106627584,WARNING
953,3.604992335,4.39561512,1.812665085,84.46852936,71.98200446,1,0.332324200022064,0,66.7675799977936,MONITOR
832,2.204324316,5.016901932,3.231006146,74.31528823,87.26795296,1,0.670515438890541,1,32.9484561109459,WARNING
773,3.348316697,6.890316204,3.393287895,73.98528303,68.24275096,1,0.8015022419221796,1,19.849775807782045,CRITICAL
830,4.937412628,7.789243529,1.822369051,77.53849687,82.69568196,1,0.538757095902812,1,46.1242904097188,WARNING
1594,3.076726264,5.694514478,1.800675506,76.67021281,68.11085127,0,0.4434808633107338,0,55.651913668926625,MONITOR
759,4.800907389,5.964886453,2.559690024,77.33555933,80.10064231,0,0.5738122229509792,1,42.61877770490208,WARNING
1042,3.692743507,5.098783176,1.474814561,75.76076011,67.80524257,0,0.45401824469101815,0,54.59817553089819,MONITOR
517,1.914380889,4.729194328,1.411650927,75.98126479,82.74790072,0,0.6589883131552122,1,34.10116868447878,WARNING
512,2.434947278,7.150068063,2.877773643,74.53663855,68.68333413,1,0.9232429357326511,1,7.675706426734886,CRITICAL
505,2.824777066,8.469473683,4.125909932,75.49361387,74.32989127,1,0.844928552463421,1,15.507144753657897,CRITICAL
786,2.620376751,7.044513745,2.075369188,77.00111223,86.40703536,0,0.4248784075652751,0,57.51215924347248,MONITOR
903,2.273917221,4.567221329,1.543197073,74.34715066,73.58349235,1,0.2783558413380631,0,72.16441586619369,MONITOR
719,4.584513849,5.250556059,2.028327625,79.95860329,73.65697431,1,0.6206371468219789,1,37.93628531780211,WARNING
771,2.739128823,7.702850797,3.27297985,77.8550231,81.43867409,1,0.41410704505090806,0,58.58929549490919,MONITOR
924,2.949830967,12.89670524,3.583252425,77.16458885,75.15859985,1,0.5145017575763358,1,48.54982424236643,WARNING
954,1.167248013,5.211569122,3.445661532,78.87909783,74.73210013,0,0.25537103583881093,0,74.46289641611891,MONITOR
1059,4.806654956,3.853357269,2.554461038,72.98460162,77.22922541,0,0.5927886098816016,1,40.72113901183984,WARNING
707,3.111563364,7.506011805,1.253672876,83.35227283,74.99679528,1,0.8027955744225511,1,19.72044255774489,CRITICAL
783,2.28481857,4.984393884,2.227037995,76.18602503,70.85395067,1,0.4215850432544597,0,57.84149567455403,MONITOR
619,5.511405951,5.865633849,1.914559653,77.09908878,79.89066195,1,0.6939693350514259,1,30.603066494857412,WARNING
399,4.818024881,8.160483115,1.627339931,75.26257499,84.94781504,0,0.9104954171937398,1,8.950458280626016,CRITICAL
661,2.30991561,11.32386533,3.042394652,75.70703577,72.81148678,1,0.5994478629573418,1,40.055213704265825,WARNING
606,5.490603094,6.655475567,2.761790333,83.04616991,72.1204594,0,0.7676139574846826,1,23.238604251531736,CRITICAL
1085,3.455645776,6.960515948,2.005268931,77.93461965,74.98503475,1,0.4291370309103749,0,57.08629690896251,MONITOR
710,3.064508565,6.918580714,1.233467375,79.36619809,80.30780403,1,0.6404389618839581,1,35.95610381160419,WARNING
650,3.100163409,4.528618733,2.092896742,86.03799992,74.22668705,0,0.3608497094511687,0,63.915029054883135,MONITOR
585,3.551494742,8.542089975,1.534700405,77.82046717,80.98023789,1,0.6965515213798522,1,30.344847862014777,WARNING
431,4.333723623,10.04213867,3.096927438,77.77254132,70.78623843,1,0.8611632006419973,1,13.883679935800275,CRITICAL
955,2.862295391,3.919076274,1.911393516,76.61096025,81.45253872,1,0.278889205372605,0,72.1110794627395,MONITOR
665,4.870797468,7.850525921,2.939967444,76.44860385,86.20836047,1,0.7482328979584443,1,25.176710204155572,WARNING
744,4.059175483,9.67912372,1.540168427,75.60422649,82.09354502,1,0.6782418687035933,1,32.17581312964067,WARNING
695,2.616094093,6.409824311,1.888637589,83.81570238,77.85817772,1,0.5627207634306144,1,43.72792365693856,WARNING
571,1.936444737,5.391961628,3.106904034,74.98174394,84.78185023,0,0.7381576856824276,1,26.184231431757244,WARNING
1125,1.909839657,2.999859857,3.642712433,78.12294067,88.92110805,1,0.4192837014404061,0,58.071629855959394,MONITOR
386,3.589420039,9.401784029,1.95989339,76.71013919,72.29212211,1,0.9666913066129043,1,3.3308693387095745,CRITICAL
535,2.398537367,6.649382167,2.509934443,75.40213959,82.22937067,1,0.7473534595638692,1,25.264654043613078,WARNING
635,2.273601633,4.418538768,1.471863645,85.92694381,84.29807686,0,0.3995464426619304,0,60.04535573380696,MONITOR
697,3.092194194,2.717958809,3.382436104,76.80895669,71.42370044,1,0.44253766456263577,0,55.74623354373642,MONITOR
787,2.495832178,14.20979085,2.114370776,88.22727003,86.61815475,1,0.473038762136228,0,52.6961237863772,MONITOR
747,2.350813605,5.107784778,5.329610078,78.20416864,83.36449789,0,0.28418765760958187,0,71.58123423904182,MONITOR
852,2.627251025,7.235214974,5.249459184,74.6221705,80.87583138,0,0.5012221292173071,1,49.877787078269286,WARNING
794,4.445941588,6.493335893,1.042630717,77.93645146,80.17756554,1,0.5306354279109303,1,46.936457208906965,WARNING
932,4.87580963,3.553652784,3.040632498,78.110985,79.86604929,0,0.19556279785206795,0,80.4437202147932,NORMAL
925,3.729248805,9.965425334,3.583012325,76.27771577,74.88773576,0,0.47169877884556155,0,52.83012211544384,MONITOR
943,3.85760072,3.931525761,2.278755443,83.27547142,78.74549967,0,0.19375649488355667,0,80.62435051164434,NORMAL
659,4.740455687,13.29352218,2.555288347,76.97849027,80.52646031,1,0.632526698885377,1,36.7473301114623,WARNING
930,4.039025106,7.941887952,2.71623282,81.6593846,68.63921309,0,0.5021368891230998,1,49.78631108769002,WARNING
706,4.15347906,5.898000454,1.797341133,77.87225829,81.20071478,1,0.5940361518593602,1,40.59638481406398,WARNING
1218,2.667088743,4.415281189,2.622454422,76.56459308,79.82205932,0,0.36990362805008525,0,63.00963719499148,MONITOR
752,4.55978403,5.313841822,2.309337993,76.07011563,90.11274555,1,0.7133296080996108,1,28.667039190038924,WARNING
570,3.19262454,9.110478327,2.51099383,77.03307344,77.08205373,1,0.8089622796041751,1,19.103772039582488,CRITICAL
746,2.542574121,4.177389761,3.598223581,75.17273287,83.36179033,1,0.5695175341125894,1,43.04824658874106,WARNING
1472,5.030958342,3.828757586,2.338623078,75.04603564,69.70145226,1,0.5461920662818599,1,45.38079337181401,WARNING
869,2.436524961,5.091019206,3.255829446,74.38083656,87.45201641,0,0.6430027496397447,1,35.699725036025534,WARNING
1223,4.102128217,5.65741539,3.278998978,74.16114253,75.21818661,1,0.5371327824474882,1,46.28672175525118,WARNING
499,4.997363966,8.615288485,2.450176732,76.00521271,73.29495997,1,0.8677537274792919,1,13.224627252070809,CRITICAL
540,3.227318858,7.655358542,1.292335312,83.60109925,85.23311608,1,0.8659779248236779,1,13.402207517632213,CRITICAL
819,2.325768939,4.472757062,1.765074354,75.02933438,77.55191156,0,0.39552710253625983,0,60.44728974637401,MONITOR
1200,3.006064988,6.657060594,3.155488088,76.89535582,85.31289576,0,0.5156585051097852,1,48.434149489021486,WARNING
591,3.894359698,5.648546185,3.334474098,74.73240802,76.89289864,1,0.7616054802099658,1,23.839451979003424,CRITICAL
586,5.449272975,5.630844088,1.876632726,85.79178368,80.25821407,0,0.6172949805720837,1,38.27050194279163,WARNING
478,2.902979506,7.976398153,3.255871305,77.27096385,91.15476291,1,0.7994473404227928,1,20.055265957720724,CRITICAL
719,4.525203896,3.465513631,3.17227103,76.53967242,75.66917247,0,0.43496301448283314,0,56.50369855171669,MONITOR
930,2.877134116,8.359251452,4.442517072,84.69267771,71.76105022,0,0.5128458983680256,1,48.71541016319744,WARNING
1571,5.058297608,10.84075643,2.345315602,78.74812844,80.39711087,0,0.31457090613177235,0,68.54290938682277,MONITOR
747,2.797272457,6.067722903,1.265556048,73.57235644,73.55217322,1,0.6839323886434264,1,31.606761135657358,WARNING
1469,2.259332622,6.838668762,1.910975965,77.55079287,77.40901963,0,0.2793699962925796,0,72.06300037074205,MONITOR
597,3.0514164,4.523549297,2.506774984,78.63713814,70.94688912,0,0.47544189248338703,0,52.4558107516613,MONITOR
481,5.00064105,5.548318885,2.763570723,83.09942189,71.99126924,1,0.801932879508332,1,19.806712049166798,CRITICAL
1364,3.186604459,9.499410337,1.879827563,86.2720382,72.558553,1,0.3113339515687542,0,68.86660484312458,MONITOR
603,2.762510491,7.383956209,4.349258019,76.4409366,78.53926218,0,0.747427792845252,1,25.257220715474805,WARNING
1364,3.00181924,5.683045175,1.440481524,76.25784267,80.595994,0,0.4268159280672594,0,57.318407193274055,MONITOR
1145,2.179107577,4.200786907,2.004636854,81.86702897,74.36714229,1,0.30423788201071156,0,69.57621179892884,MONITOR
910,1.967138647,6.355524867,1.218696154,75.72149397,72.26941521,0,0.3642443243475238,0,63.575567565247624,MONITOR
572,4.751984583,6.834183606,2.36011529,76.365411,66.78680013,1,0.8510983764588096,1,14.890162354119042,CRITICAL
445,3.552974584,6.22617779,1.810645017,74.70985899,69.68010264,1,0.9286921340800384,1,7.130786591996163,CRITICAL
844,2.130257709,17.77776441,2.704828477,82.22238087,85.02147824,0,0.4899418079454771,0,51.00581920545228,MONITOR
1037,3.699849434,0.648874136,2.208266111,77.1620934,80.09873032,0,0.1964188597901175,0,80.35811402098825,NORMAL
512,4.765432469,4.946276184,3.248587237,76.42872527,66.87629571,1,0.8137385503127134,1,18.626144968728664,CRITICAL
610,2.968701714,6.679252083,3.815080821,77.09826285,86.90066995,1,0.6914944460235469,1,30.85055539764531,WARNING
693,3.019036076,10.00976124,1.111367906,74.07175699,84.63551193,1,0.8298175489959853,1,17.018245100401476,CRITICAL
703,5.209031561,3.525349382,3.358740468,76.01119108,89.30875989,1,0.565936475776395,1,43.40635242236049,WARNING
1011,4.008674775,6.765438721,2.054746044,75.79578302,79.99834236,1,0.45398313063566614,0,54.60168693643339,MONITOR
527,3.062060863,11.07492705,2.867458035,76.24294093,84.73942144,0,0.8269655066878666,1,17.30344933121334,CRITICAL
911,2.032724583,6.840491198,3.16396949,76.12857241,76.97460792,0,0.35538239521079673,0,64.46176047892033,MONITOR
789,2.880693221,5.337163007,5.843806659,76.77031135,70.63625862,1,0.4550296576455407,0,54.49703423544593,MONITOR
728,3.506826124,6.205877378,1.432781584,75.85818218,77.31896829,1,0.687261461798311,1,31.273853820168895,WARNING
734,3.906195803,7.569994321,3.152092464,76.89297584,85.81074641,0,0.5168685194593465,1,48.313148054065344,WARNING
846,3.532149762,9.069155078,1.670749454,77.24521963,78.86915422,1,0.588994126901945,1,41.100587309805505,WARNING
543,4.490402885,6.134859434,2.76762078,77.59815698,85.59600123,1,0.6323049975827766,1,36.76950024172234,WARNING
1022,4.270304974,6.144110451,1.473242976,77.27965723,80.95263348,1,0.3432243394837934,0,65.67756605162066,MONITOR
1064,2.37188981,5.171486842,2.953581387,76.37402996,90.66972427,1,0.40721288510240017,0,59.278711489759985,MONITOR
771,3.393679901,6.027890023,3.39681741,77.11003404,77.71809688,1,0.48647607648049773,0,51.35239235195023,MONITOR
453,1.854408524,14.58835406,2.341105546,75.72596559,75.12922687,1,0.7636927806541938,1,23.630721934580624,CRITICAL
1571,2.319205716,3.068281916,1.752298129,84.8198431,79.06949191,0,0.3581669613516261,0,64.1833038648374,MONITOR
513,3.176039651,6.178013171,4.232140894,76.61201141,79.18600876,1,0.6851847339469213,1,31.481526605307874,WARNING
897,2.354013923,5.882261207,2.33259506,76.74395891,87.06153386,0,0.41044774232894043,0,58.95522576710596,MONITOR
833,4.035735607,8.444530391,3.931681072,78.06620822,75.19356469,1,0.45451836898985526,0,54.54816310101447,MONITOR
496,2.966083163,5.570274301,1.369799472,77.1046325,79.41617229,1,0.7754380736005515,1,22.45619263994485,CRITICAL
1015,4.439967045,5.877032855,2.403710289,74.38895973,74.76159346,1,0.582830146839326,1,41.7169853160674,WARNING
1097,2.403336348,7.16485567,2.170426267,76.06083471,85.31038598,1,0.3749806009836242,0,62.501939901637584,MONITOR
489,2.472016924,1.675367391,2.434210569,77.25130603,75.68679334,1,0.6642066188692372,1,33.57933811307628,WARNING
693,4.276946147,4.35214492,2.056159806,78.12001538,72.75183522,0,0.4666025349377367,0,53.33974650622633,MONITOR
404,2.443847667,9.902527372,1.544965681,78.14175766,76.967926,1,0.8935085763440278,1,10.64914236559722,CRITICAL
873,3.127878264,9.424745408,3.084862049,77.30219148,82.4896876,1,0.5364061261626943,1,46.359387383730564,WARNING
453,3.007700046,5.530251873,6.194230687,74.72386675,73.65549863,1,0.878652718707866,1,12.134728129213402,CRITICAL
606,1.707440337,4.526986603,1.282484742,78.70518057,75.30425896,0,0.4172899901028581,0,58.27100098971418,MONITOR
629,2.997485316,6.373301604,3.220038839,74.27112289,74.5934749,1,0.8852848253718422,1,11.471517462815783,CRITICAL
919,3.339887151,6.242401209,2.845641476,73.63043522,88.07438387,1,0.6708816653837097,1,32.91183346162902,WARNING
649,3.15734273,2.403212327,1.127596502,78.41389059,75.15250076,1,0.46408725458251476,0,53.591274541748525,MONITOR
1912,3.721669999,7.599550698,1.475753063,74.74949699,71.41469657,0,0.5097693058460524,1,49.02306941539476,WARNING
868,3.820970696,4.291231408,1.617020411,76.99489952,91.29166081,0,0.431913661750251,0,56.8086338249749,MONITOR
619,4.478510777,13.59343394,1.226316814,85.39266838,70.88431369,1,0.6689454959961127,1,33.105450400388726,WARNING
1397,2.130826819,9.075926875,1.993231093,75.51146297,88.32371207,1,0.27680297414717525,0,72.31970258528247,MONITOR
546,2.15837423,4.482668323,1.841709052,73.58675251,80.44317197,1,0.8180892475437349,1,18.191075245626507,CRITICAL
907,4.052746817,3.974344085,1.682943194,76.44981111,79.93010431,0,0.2564260043099375,0,74.35739956900625,MONITOR
1160,2.703876515,3.972766968,4.13844703,75.17788245,86.69008753,1,0.4150393436476038,0,58.49606563523962,MONITOR
556,4.554597275,7.881398013,4.240377978,79.96703732,73.97145166,0,0.8426339914621511,1,15.736600853784887,CRITICAL
958,3.20871261,9.475109832,2.825956659,77.61287875,79.25570578,0,0.4182689361734891,0,58.1731063826511,MONITOR
469,4.269713004,13.51455793,3.075867987,76.04425743,85.0493169,1,0.9035176841986646,1,9.648231580133537,CRITICAL
769,4.831326476,7.148101645,1.484556322,76.38788114,72.84843986,1,0.7476613563172788,1,25.23386436827212,WARNING
637,3.79686141,7.102688412,1.984935958,73.47805639,71.17436888,1,0.8262524261306712,1,17.37475738693288,CRITICAL
1333,4.35959856,6.778024727,1.105227606,76.8706195,67.74212176,1,0.4982642909109749,0,50.17357090890251,MONITOR
466,3.97131463,0.791407174,3.268978856,77.41440799,92.1182507,1,0.6503929645233287,1,34.96070354766713,WARNING
670,2.625509981,2.199436557,1.529628279,75.38212683,68.39482869,0,0.6793978763216364,1,32.06021236783636,WARNING
510,5.075248238,5.567440094,2.126186035,75.27693335,84.51349872,1,0.8542157467890674,1,14.578425321093258,CRITICAL
1044,2.65177978,6.115367366,2.907643969,80.27404866,69.37978057,1,0.3149592549587739,0,68.50407450412261,MONITOR
784,2.113613502,10.06666689,1.637612761,76.92009606,82.27021381,0,0.49450611177052795,0,50.54938882294721,MONITOR
758,4.81004913,4.633135297,1.51552858,76.00054248,71.71778428,1,0.5957783027733825,1,40.42216972266175,WARNING
479,2.128118081,4.284681063,3.053706312,78.52289463,83.85422531,0,0.7237078575751077,1,27.62921424248923,WARNING
661,2.186950782,3.197939816,2.26119674,82.93017396,86.12412458,1,0.49511217827433407,0,50.488782172566594,MONITOR
977,2.379558674,6.423108097,1.661921368,76.75916292,84.38739738,1,0.45222073945249025,0,54.77792605475098,MONITOR
872,2.648200623,6.743217177,2.668918725,79.72743413,79.07576432,0,0.4689481834955747,0,53.10518165044253,MONITOR
670,4.161912089,5.084151139,1.601079565,77.37228579,76.12009268,0,0.5516019542376013,1,44.83980457623987,WARNING
441,2.023461283,4.758943732,1.777812168,75.27456952,84.06104672,1,0.7979559923276219,1,20.204400767237807,CRITICAL
575,2.765933091,5.249213731,2.167234412,76.68586047,80.04791177,1,0.7846037466102511,1,21.539625338974886,CRITICAL
1041,2.826586068,6.116928304,1.300058172,77.80391171,90.46638725,1,0.43624273155810434,0,56.375726844189565,MONITOR
766,3.140138505,3.949418778,2.124641162,74.25573775,75.66674125,1,0.4658115396210875,0,53.41884603789124,MONITOR
640,4.627428682,6.521088787,1.419321805,80.7086073,82.43356925,0,0.5896668312911807,1,41.03331687088193,WARNING
787,2.380531316,7.573490159,1.207062655,74.18469683,73.48059392,1,0.6052425774497954,1,39.475742255020464,WARNING
1106,2.71076378,4.233740057,3.677430398,76.78301645,79.50100688,0,0.2450916897590628,0,75.49083102409372,NORMAL
880,4.352802479,5.537123088,0.037221623,77.33771576,80.74723584,0,0.5535280414610481,1,44.64719585389519,WARNING
706,4.017797875,6.128531743,2.106175504,76.69952747,81.83811437,1,0.664969564803013,1,33.50304351969871,WARNING
583,5.185894851,6.397637594,5.175364408,74.51012505,69.79562849,1,0.87491338532936,1,12.508661467063998,CRITICAL
1283,2.784870235,6.580813056,1.814972303,76.91021138,81.99969507,1,0.4630200303817977,0,53.69799696182022,MONITOR
1033,2.723115225,6.117998822,2.539608802,77.08659497,80.30336971,1,0.3275648061713649,0,67.2435193828635,MONITOR
790,3.671562032,9.162122911,2.048472916,87.57330929,80.32402027,1,0.4427733264717864,0,55.72266735282136,MONITOR
763,4.627515712,3.651917861,1.048209705,76.78885808,74.43826598,1,0.41913021597222666,0,58.08697840277733,MONITOR
1358,3.056289471,6.335418946,1.697406986,77.85887097,92.85433504,1,0.41152083590906424,0,58.84791640909357,MONITOR
963,2.593703728,6.772811576,2.283147441,76.7432898,72.8151367,0,0.4291606434100577,0,57.083935658994235,MONITOR
714,2.302648835,7.50540247,4.935570029,83.34412655,71.82180096,1,0.401247069797288,0,59.875293020271194,MONITOR
1016,1.583471732,5.535040541,1.686487958,75.94891847,73.09401321,1,0.29145232532236437,0,70.85476746776355,MONITOR
963,5.472014923,5.466236179,2.43191075,82.70017041,78.94430172,0,0.32724731858729794,0,67.2752681412702,MONITOR
2061,2.23840103,5.366667623,2.172542808,77.18154984,84.10216143,0,0.32014005581883653,0,67.98599441811635,MONITOR
609,3.208477639,5.92893754,1.914312156,74.94401463,76.54470067,1,0.8113209617062808,1,18.867903829371922,CRITICAL
917,2.300265067,4.671983146,1.260409069,84.16800894,81.33321918,1,0.3814573753911638,0,61.85426246088361,MONITOR
1011,3.965804742,5.71332074,0.943031247,75.91094206,87.47492755,1,0.44682338988403947,0,55.31766101159605,MONITOR
718,3.87888661,4.457563455,1.501731007,76.11772487,74.7293244,0,0.5010162520557021,1,49.89837479442979,WARNING
717,2.205233758,5.687136113,1.861161112,75.0773054,70.18183887,1,0.49591674875404446,0,50.40832512459556,MONITOR
789,4.644711484,3.826392718,3.43666863,82.04423274,86.4060411,1,0.29956325654743304,0,70.04367434525669,MONITOR
1051,2.592208474,3.401290941,1.529371607,74.15173582,77.00159317,1,0.43784701957603356,0,56.21529804239665,MONITOR
403,4.012810662,8.609490544,1.427517178,84.11124746,73.14704948,1,0.9551450184361256,1,4.485498156387435,CRITICAL
1543,2.05619935,5.726380647,5.574136242,77.38064976,73.1394186,0,0.3028201693892693,0,69.71798306107306,MONITOR
1330,4.325024041,4.92614776,2.114454043,79.9955178,68.98541131,1,0.34625709970461327,0,65.37429002953867,MONITOR
812,2.140049086,8.067856963,3.288505286,82.41697291,80.83076517,1,0.4363760268590421,0,56.362397314095794,MONITOR
1115,2.808823359,5.579678088,1.467829663,76.434363,79.49550848,0,0.3967792667662532,0,60.32207332337468,MONITOR
421,2.576688827,4.648492257,0.76032204,77.57761566,71.8350944,1,0.7722719739475856,1,22.772802605241438,CRITICAL
1099,3.115143037,6.086617165,1.740789316,75.32870335,79.58955321,1,0.4786952503085496,0,52.13047496914505,MONITOR
425,2.153499883,6.238534768,1.934006206,77.89056025,84.99062088,1,0.7883074836477588,1,21.169251635224118,CRITICAL
635,2.648732412,8.965555228,3.072073725,76.19929146,79.04749223,1,0.6970627125150534,1,30.293728748494665,WARNING
1320,5.278617365,9.190051092,2.376460083,76.67411275,75.67221612,1,0.5864465256866784,1,41.355347431332156,WARNING
742,2.497885769,6.012440562,4.851827005,86.05955108,78.28399572,1,0.3196470921664011,0,68.0352907833599,MONITOR
512,4.859571314,4.190965714,7.263990492,78.27698308,78.28031957,1,0.536807206359753,1,46.3192793640247,WARNING
793,4.146524739,4.743269041,2.224889701,75.45768416,72.31231475,1,0.5166594875711968,1,48.334051242880314,WARNING
613,4.054231031,6.957341323,2.38219226,78.2695577,74.21798785,1,0.6852128423860524,1,31.47871576139476,WARNING
968,3.752912256,4.988215259,3.678730432,74.86616797,81.42745137,1,0.47184499777829864,0,52.815500222170144,MONITOR
1250,5.5374281,2.84627189,1.844583736,86.66585531,80.06076573,0,0.45041489516558075,0,54.95851048344193,MONITOR
622,1.976496902,5.075257766,0.107432201,74.12090692,81.98052249,0,0.5302422918714728,1,46.97577081285272,WARNING
1050,2.312851477,4.36603367,2.995091812,78.19538022,74.5649733,0,0.21251038353603688,0,78.74896164639631,NORMAL
670,3.019994181,4.784768258,1.761600408,76.81172933,71.28185649,1,0.5403674939683206,1,45.963250603167936,WARNING
691,4.553030692,9.368420598,1.690032545,77.08182643,93.7847183,1,0.7245845530965453,1,27.541544690345464,WARNING
643,2.327540192,4.526079951,1.687206431,81.02517932,87.16986031,0,0.49338033613217475,0,50.66196638678253,MONITOR
1260,2.069469929,6.428875785,2.280429596,74.96931001,73.61501684,1,0.2956276060396553,0,70.43723939603447,MONITOR
1243,2.035078761,7.458685801,5.102895736,75.83868473,87.23011336,0,0.29379733731440005,0,70.62026626855999,MONITOR
981,5.380189057,2.641880456,2.211583965,76.32562625,77.06085687,0,0.43746447348081496,0,56.253552651918504,MONITOR
707,2.503243138,3.797614624,1.284600124,77.90291917,82.18264559,1,0.41281369121405537,0,58.71863087859446,MONITOR
1016,3.083826443,7.40684252,1.39956999,77.58822618,76.9467412,0,0.5461390292210765,1,45.38609707789235,WARNING
645,3.930204767,4.41165536,1.425743183,77.21879427,73.43262938,0,0.47277780421517246,0,52.72221957848275,MONITOR
709,2.284346888,4.128059505,4.7326414,74.61152602,68.78786815,1,0.671671563877706,1,32.832843612229404,WARNING
865,2.167454838,4.971094759,1.356764188,76.13853056,73.05591382,0,0.38646835465526863,0,61.35316453447314,MONITOR
470,3.591222092,7.147611015,2.30354723,75.21194488,73.13733526,0,0.9432034418517806,1,5.679655814821938,CRITICAL
918,2.729960993,5.48143836,2.350553792,75.98116896,78.12901916,1,0.44054965198775003,0,55.94503480122499,MONITOR
995,2.189706018,7.963038141,2.949534992,76.83218079,78.08898337,1,0.3671170438029984,0,63.28829561970015,MONITOR
636,2.141011625,5.677028259,2.082216698,77.39626536,70.78946696,1,0.4536956066071003,0,54.63043933928997,MONITOR
939,4.67504587,4.767254904,1.636452367,75.7300385,79.5607172,1,0.4565647662048385,0,54.34352337951616,MONITOR
567,2.523042195,7.334740608,2.591873424,76.49736142,72.61563644,1,0.8114321603910647,1,18.85678396089353,CRITICAL
1078,2.283874692,4.333443819,2.350334974,73.82202353,87.28290443,0,0.5531804178181648,1,44.68195821818352,WARNING
751,2.384159755,6.373649965,2.621238835,82.701139,88.33561736,0,0.47211284689488714,0,52.78871531051128,MONITOR
675,2.981972448,6.744608491,1.218846498,74.98258496,80.9633529,1,0.7740180488540209,1,22.598195114597907,CRITICAL
1037,3.140753978,4.480116735,1.341735319,74.29086949,72.38502129,0,0.43233505172603126,0,56.766494827396876,MONITOR
1275,3.179759916,6.812713086,3.014988866,77.69070636,79.39608261,1,0.29588348386468527,0,70.41165161353146,MONITOR
570,4.203548302,5.497712501,2.057960193,81.45435605,82.18337922,1,0.6942207077758289,1,30.57792922241711,WARNING
1037,2.884913632,7.80950557,1.565908798,76.13155846,71.18017115,1,0.5203344984358456,1,47.966550156415444,WARNING
848,2.717920341,7.660404428,2.686738378,75.54615397,65.09908615,0,0.6584097222317347,1,34.159027776826534,WARNING
1557,4.740511764,7.585827614,1.901677828,74.8216067,72.08555151,0,0.45780588406975764,0,54.21941159302423,MONITOR
1279,0.822259322,5.142345021,2.368251411,76.29109475,87.40809736,1,0.314687335120675,0,68.53126648793251,MONITOR
1673,2.545480243,5.415042453,2.353027863,75.32327076,81.5398689,1,0.3076208656808469,0,69.23791343191532,MONITOR
727,4.960008903,6.571679887,1.98653956,77.41734638,74.29491718,0,0.6092633067746944,1,39.073669322530556,WARNING
774,2.830570278,11.68901384,2.175019865,75.45057504,72.56283695,1,0.6928103271738899,1,30.71896728261101,WARNING
787,2.612163314,14.4146636,3.284398446,75.12901515,69.00996366,0,0.7008180668755117,1,29.918193312448828,WARNING
571,2.15744025,5.579992639,1.422553138,75.43720947,79.60654632,1,0.6760484720268113,1,32.39515279731887,WARNING
871,3.718158634,5.127574896,2.831366024,84.85175449,80.40020404,1,0.3086965817069306,0,69.13034182930694,MONITOR
735,3.258042028,4.983441799,1.633490275,87.95218535,73.23470804,0,0.4789454704860482,0,52.10545295139518,MONITOR
496,4.130983299,8.779807104,2.847980658,77.01372843,75.72165465,1,0.8353107866284538,1,16.46892133715462,CRITICAL
1390,3.609083726,11.79247097,1.181050493,77.37111197,74.86250477,0,0.5134593040435773,1,48.65406959564227,WARNING
1316,4.141513235,5.175206967,1.859267142,77.3211417,88.05318463,1,0.3563185123018777,0,64.36814876981222,MONITOR
568,4.342095354,5.285981458,1.517479146,75.56554776,82.10439376,1,0.7964292364802281,1,20.357076351977188,CRITICAL
1240,4.457428104,7.427064199,1.527823664,74.94667477,85.78087771,0,0.5758601729888426,1,42.413982701115735,WARNING
638,4.840128195,15.91922217,2.351783235,75.8621973,86.154257,1,0.765186156450145,1,23.4813843549855,CRITICAL
664,2.671860351,3.514145249,1.647283095,83.87603138,93.02859169,0,0.6056027083007924,1,39.43972916992075,WARNING
909,3.278279333,10.02543971,2.255294351,75.20381983,79.50209158,1,0.5455386051314028,1,45.446139486859714,WARNING
530,5.395986022,7.142557392,5.594551342,75.48257731,83.80550301,1,0.8578732606623289,1,14.212673933767107,CRITICAL
511,4.188796437,5.754372171,5.899416511,75.86702095,73.04790758,1,0.7470052069610464,1,25.299479303895357,WARNING
884,4.247479027,7.550027867,1.080720209,86.53748619,91.25861576,0,0.6061278763008079,1,39.38721236991921,WARNING
722,3.56475197,6.563017472,1.809945183,76.70006515,71.70070121,0,0.6269235513703683,1,37.30764486296317,WARNING
725,2.050508969,7.601395424,2.60187392,78.91890461,77.34995764,0,0.5302215804834822,1,46.977841951651776,WARNING
659,1.929150743,6.953344069,2.495656402,76.87484715,76.3267741,0,0.5685042557740562,1,43.149574422594384,WARNING
429,3.160676999,6.394409776,5.875841625,83.17199232,69.02335023,1,0.7339193108741813,1,26.60806891258187,WARNING
705,3.049553659,9.869917055,5.370668868,82.76710407,72.15661291,1,0.7672173010758233,1,23.27826989241767,CRITICAL
660,2.096438951,4.237774005,2.235497101,77.03658884,77.91704614,0,0.42728009744421164,0,57.27199025557883,MONITOR
852,3.044290073,3.49740726,1.691328707,80.98494127,76.23705043,0,0.24024748327101483,0,75.97525167289851,NORMAL
830,4.377552217,3.256600112,0.372662244,77.38694834,79.51875505,1,0.3327102012568046,0,66.72897987431953,MONITOR
537,0.436370812,13.89448336,2.017656094,78.58596049,78.01136867,1,0.7070227194790305,1,29.29772805209695,WARNING
898,4.019521379,6.802032918,2.356996074,78.53421776,77.43389937,0,0.43783303072185553,0,56.216696927814446,MONITOR
620,2.224537318,5.18618336,1.987345722,77.98416234,76.65122236,1,0.36409154005929806,0,63.590845994070186,MONITOR
940,4.541019589,7.157921595,1.406744949,76.64209588,72.079196,1,0.44655616333498566,0,55.34438366650143,MONITOR
756,4.31382047,6.395295474,1.428817966,78.55853514,83.25728297,0,0.4757774303213508,0,52.422256967864925,MONITOR
644,2.725935208,6.723525601,2.067517732,73.93957998,66.54024879,1,0.7354245139342975,1,26.457548606570246,WARNING
1240,4.338728868,4.512453834,1.569757891,76.5075315,72.47545053,1,0.35508223149654033,0,64.49177685034597,MONITOR
1102,4.987967228,4.523872227,4.753318143,76.90633968,89.29876232,1,0.4122054435477092,0,58.779455645229085,MONITOR
727,3.490475143,6.934004381,2.306891545,74.96424403,80.32914172,1,0.6848377861605174,1,31.516221383948263,WARNING
1038,2.555880527,11.48953876,2.023001732,88.84181917,76.85127278,1,0.463358973071697,0,53.664102692830305,MONITOR
774,5.269862943,5.47995419,2.626037265,78.11955254,78.38036035,0,0.6066864968966011,1,39.331350310339886,WARNING
598,3.125806244,5.661799798,1.529231286,76.21100069,71.64129373,1,0.745001030543056,1,25.4998969456944,WARNING
1076,2.494089948,3.418824051,1.68792914,78.32233742,80.79028801,0,0.18241946238782977,0,81.75805376121701,NORMAL
866,4.345612403,4.099512542,1.099195011,78.99241849,71.5855513,1,0.2543282694771047,0,74.56717305228952,MONITOR
1077,2.114301177,4.875599847,3.036651616,74.95753404,82.94256435,0,0.3355056614969832,0,66.44943385030169,MONITOR
416,3.016342197,6.970404709,1.819151729,73.84538193,84.65124387,1,0.8905263240397931,1,10.947367596020685,CRITICAL
580,4.784129788,5.389441275,2.640639248,76.56770152,85.24345423,1,0.7209467913653045,1,27.90532086346955,WARNING
1972,2.556990601,7.021475666,2.326257997,75.12362001,77.25063338,0,0.3752176165717611,0,62.478238342823886,MONITOR
725,2.779027215,11.57964235,2.311685484,77.03066415,82.63571535,0,0.6068040266204326,1,39.319597337956736,WARNING
902,2.313799272,0.115284864,1.479215038,79.78055211,75.4262514,1,0.30260012389379737,0,69.73998761062026,MONITOR
734,4.128820275,7.398094098,2.648741768,76.12308173,72.14023122,1,0.6063544198767993,1,39.364558012320074,WARNING
625,5.618394192,6.188778205,1.13334833,74.16153565,76.83206766,1,0.8013491868402283,1,19.86508131597717,CRITICAL
843,2.918406518,15.82361849,1.312766174,76.88384405,79.66640581,1,0.5978079106831977,1,40.21920893168023,WARNING
443,3.956537977,4.95999122,1.459642239,78.43860438,68.3496786,1,0.7066820144040958,1,29.331798559590418,WARNING
883,2.262759361,5.188752172,3.772193734,75.48282386,83.79895028,1,0.3814960870580433,0,61.850391294195674,MONITOR
698,3.296641074,6.100613881,3.439388465,77.15070485,72.2563406,1,0.5931462987993853,1,40.68537012006147,WARNING
474,2.505362661,5.690672502,6.173463988,75.23820552,80.20979399,0,0.7455880527322744,1,25.441194726772565,WARNING
784,3.728043349,3.835417505,1.237799397,78.15493382,82.68628617,0,0.3305612178687527,0,66.94387821312473,MONITOR
1251,3.868863701,9.566116739,1.922280567,77.9903847,75.04593755,0,0.38940552918586263,0,61.05944708141373,MONITOR
643,3.36242915,5.566639062,3.158325869,78.09430942,73.42614763,0,0.6021991498105906,1,39.78008501894094,WARNING
598,2.428413432,11.58370845,3.204227042,76.71252417,83.41625234,0,0.6495387243596538,1,35.04612756403462,WARNING
852,2.279259435,3.596941685,1.930851363,77.48648929,79.39829906,1,0.2778948282826233,0,72.21051717173768,MONITOR
641,2.791669762,5.429521273,1.333495061,74.14513749,84.35256468,0,0.726810840425519,1,27.318915957448098,WARNING
1207,2.69472482,4.452540289,2.014506296,77.50431964,82.06561601,1,0.3226905673497346,0,67.73094326502654,MONITOR
1723,3.589429343,13.12423608,1.733238182,85.18520369,79.16529977,1,0.4097966611379937,0,59.020333886200625,MONITOR
895,2.666639383,6.758215267,1.34545666,78.00411713,79.00069536,0,0.48876318260023177,0,51.123681739976824,MONITOR
893,4.804592859,5.832908814,6.403478065,74.03773456,80.2511708,1,0.5341306166458515,1,46.58693833541485,WARNING
550,2.51767864,6.028153195,1.272418746,80.26138745,65.70665421,1,0.7675007201825522,1,23.24992798174478,CRITICAL
733,3.809537993,6.014952988,1.597351022,76.66321945,75.32366607,1,0.6266266870126028,1,37.33733129873972,WARNING
1270,2.194001563,6.005066761,3.278878548,78.19896176,84.67773199,1,0.17773094480422777,0,82.22690551957722,NORMAL
610,2.322476966,6.55111691,0.986521237,84.00096574,87.92167996,1,0.4866060470247363,0,51.339395297526366,MONITOR
1059,1.826471293,7.888904342,1.985024381,76.4774888,81.18117665,0,0.3699296875945704,0,63.007031240542965,MONITOR
773,4.1141844,6.779899668,3.421619882,76.90327677,72.95086416,1,0.5959357351804594,1,40.406426481954064,WARNING
1320,2.269715394,14.55700566,1.447439407,75.62033885,74.1352658,1,0.3664674424501648,0,63.353255754983515,MONITOR
684,5.508469248,6.930029343,3.191822804,77.92894331,74.45272705,1,0.6697015565670061,1,33.02984434329939,WARNING
625,1.840246133,3.520867304,1.62709818,77.88935381,90.07804751,0,0.4662804077297807,0,53.37195922702194,MONITOR
787,3.528032914,5.273718007,3.154799436,82.62938768,73.53425469,1,0.4619154094160414,0,53.80845905839586,MONITOR
497,2.386468827,7.981278977,1.205400055,75.99445937,77.85545712,1,0.7738446307492398,1,22.615536925076018,CRITICAL
688,3.015791876,8.069970768,6.164029693,76.66294489,71.35462699,0,0.6433362412833865,1,35.66637587166135,WARNING
649,4.198404714,9.406577033,2.642048055,76.39138944,80.52028014,1,0.708653214264361,1,29.1346785735639,WARNING
522,2.648461826,5.816796074,3.157964313,76.14006428,81.68155967,1,0.7836368992884999,1,21.63631007115001,CRITICAL
612,1.880315207,6.132122935,3.003531409,74.98449894,69.18550072,1,0.7508999357695999,1,24.91000642304001,CRITICAL
475,5.188923998,4.720847449,1.917818381,85.40596098,88.45677882,1,0.8637981727572414,1,13.620182724275864,CRITICAL
1235,2.925276875,5.589505083,2.756010986,85.93315531,66.61064249,1,0.4409328951071626,0,55.90671048928374,MONITOR
676,3.780707782,4.246400967,1.629307508,74.942018,73.58718547,1,0.6040359699347951,1,39.59640300652049,WARNING
618,3.964293547,5.344058831,2.014052663,73.66679247,67.34438371,1,0.7600897278705209,1,23.991027212947913,CRITICAL
1377,3.301361776,11.54960246,1.603292543,77.52722164,71.99181911,1,0.5393642963411199,1,46.063570365888005,WARNING
668,2.765585594,18.72016806,2.166153469,77.8314483,78.82889212,0,0.6946335717877264,1,30.536642821227357,WARNING
629,5.53765541,5.019001676,0.250004723,77.09926396,74.46361227,1,0.4986414957583183,0,50.13585042416817,MONITOR
556,2.998604102,4.563472103,3.422332243,76.10766602,69.02136845,1,0.759932689690756,1,24.0067310309244,CRITICAL
656,3.727945986,6.00527126,1.279341942,75.12952601,77.07235635,1,0.7190408943289046,1,28.095910567109538,WARNING
742,3.032373012,2.967153412,1.445681821,77.75414856,77.30109464,0,0.38717470874105314,0,61.28252912589469,MONITOR
752,3.711775569,7.07955809,2.634154975,74.63778539,77.28982872,0,0.6248975826301864,1,37.510241736981364,WARNING
639,4.570177362,16.91125036,3.395250535,78.77547893,73.1522222,1,0.7479745403666592,1,25.202545963334078,WARNING
689,5.694958881,8.138419783,1.726182744,74.4707618,74.19220447,1,0.8338259150772888,1,16.617408492271124,CRITICAL
1424,3.190191227,7.489145014,1.081327453,77.22919958,78.51723455,0,0.4165712898598838,0,58.34287101401162,MONITOR
1461,4.162529609,10.03034416,4.071239925,85.92826324,78.84958575,0,0.29981146045033463,0,70.01885395496654,MONITOR
560,3.936778681,6.136990233,3.931775468,76.71623595,85.5900946,0,0.6815938510543484,1,31.840614894565157,WARNING
611,3.164028403,6.525689501,2.357878281,77.88793979,79.09751412,1,0.5884324494473224,1,41.15675505526776,WARNING
646,2.4607472,2.726846901,1.702385007,78.14503996,78.06934874,0,0.4184498103763457,0,58.15501896236543,MONITOR
487,3.252816195,9.444192182,1.559853621,76.97085079,85.63137146,1,0.8782387317083566,1,12.176126829164335,CRITICAL
797,3.934156865,4.942002046,2.807746597,78.27612892,72.06049362,0,0.39742029929115463,0,60.25797007088454,MONITOR
825,2.534809838,4.373351919,1.433452632,79.18062775,75.07735207,0,0.35069078681855587,0,64.93092131814441,MONITOR
812,2.801471062,8.428886352,1.583004201,75.33451328,76.20096845,1,0.6145959091076546,1,38.54040908923454,WARNING
701,4.278792595,5.154193135,3.211622188,75.48812872,70.90302954,1,0.6898835864089886,1,31.011641359101137,WARNING
870,2.226860567,6.27386602,2.568477898,79.59755285,80.39176884,1,0.48380830560865007,0,51.61916943913499,MONITOR
471,4.42414867,6.727536103,1.615233945,76.50204165,74.09295091,1,0.7951242863643341,1,20.48757136356659,CRITICAL
937,4.299598432,6.94085828,1.450284118,76.66744614,71.43331871,1,0.4519089059896391,0,54.809109401036096,MONITOR
1071,2.528285278,9.803856047,3.582639624,77.33727043,79.84238172,0,0.38400174584597224,0,61.599825415402776,MONITOR
971,2.946072004,5.0351163,3.228570166,75.60645113,75.3112586,0,0.543659205716026,1,45.6340794283974,WARNING
1119,3.355812921,5.638987366,3.300396101,77.26899333,70.16274541,1,0.42335009790750516,0,57.66499020924949,MONITOR
1067,4.66761994,7.404832889,1.476696351,84.50831399,78.14412451,1,0.42875736685920013,0,57.12426331407998,MONITOR
912,4.095689467,8.035428835,2.402040833,79.92671497,75.97079516,1,0.46306264581709994,0,53.69373541829001,MONITOR
734,4.32444457,3.428495564,1.666889046,74.21309654,67.48628208,1,0.527932849407464,1,47.206715059253604,WARNING
1158,3.43121954,7.937746975,3.361470563,75.60771801,83.59561635,1,0.5819826273551252,1,41.801737264487485,WARNING
764,4.224296169,9.767676094,1.662009836,82.64576009,75.88904716,0,0.5804416981294716,1,41.95583018705285,WARNING
835,3.72544721,8.599529348,3.10219077,76.05238823,86.06985727,1,0.5321286990445334,1,46.78713009554666,WARNING
553,2.971412128,2.59539431,1.719788557,76.81602799,78.36983535,1,0.6812586647347173,1,31.87413352652827,WARNING
865,2.919242502,2.946669302,1.748266395,77.45389262,77.26136963,0,0.26135447879385165,0,73.86455212061483,MONITOR
867,2.096600714,7.229304591,1.282747329,84.03213483,79.55630153,1,0.5433394963741672,1,45.66605036258328,WARNING
607,4.670630136,5.360957172,2.35884734,76.91498552,71.48451739,0,0.6177462904554316,1,38.225370954456835,WARNING
701,2.797517215,16.86144289,1.872629933,77.95614814,83.4267389,1,0.6779279403441436,1,32.207205965585636,WARNING
604,3.616477361,6.716742502,1.313727824,76.26144541,74.0474664,1,0.7807475705035523,1,21.925242949644776,CRITICAL
950,2.106551071,7.202507821,2.363639828,77.57856016,81.34409711,0,0.38460695764859937,0,61.539304235140065,MONITOR
755,4.774313363,5.058411094,3.407010447,76.58375732,79.78620659,1,0.589173266570787,1,41.082673342921304,WARNING
451,1.706325314,7.098884637,1.49524574,76.26634992,76.10320067,1,0.8229242373993076,1,17.707576260069235,CRITICAL
659,2.181265247,6.57242179,3.3620362,80.83873552,86.69867619,1,0.573652708060678,1,42.634729193932195,WARNING
773,2.368234204,1.120983824,1.708232791,75.83824074,79.25649215,0,0.49924339220290087,0,50.07566077970991,MONITOR
587,3.754205321,8.312614549,1.325188616,76.0947077,81.72899229,0,0.7801248543894724,1,21.987514561052755,CRITICAL
1222,2.92832012,7.848876886,2.564152336,76.08687201,76.55355558,1,0.5045474583588188,1,49.54525416411813,WARNING
820,3.8370058,7.043544776,2.953734148,77.08728601,83.6297345,1,0.4956535205440846,0,50.434647945591536,MONITOR
724,2.370686585,3.523010854,1.807513495,78.34027569,84.68887138,0,0.44503829296625413,0,55.49617070337458,MONITOR
579,3.020735468,7.879030719,0.496284277,74.38811377,81.55238129,0,0.7753295366401507,1,22.467046335984932,CRITICAL
850,2.462434169,1.786279385,1.664857267,78.39269839,78.52205841,1,0.35028278134300134,0,64.97172186569986,MONITOR
917,4.949187021,3.762745802,2.647368279,78.46297792,83.05069722,1,0.32637055948401256,0,67.36294405159875,MONITOR
870,4.87796596,4.921829312,2.534211455,78.97892163,76.43011298,0,0.4351364585280345,0,56.48635414719655,MONITOR
688,2.499698106,5.624984422,0.894248814,86.14219812,74.96663059,1,0.4715369827712023,0,52.846301722879765,MONITOR
766,5.462266713,4.226147018,2.75042552,83.31431614,77.63133859,0,0.520963996382128,1,47.9036003617872,WARNING
727,5.338423144,16.32532891,1.195041439,75.73763218,71.16741244,1,0.7535491597124848,1,24.64508402875152,CRITICAL
512,2.820770035,7.334768113,0.829757049,75.35790105,69.65712473,1,0.8720317290765643,1,12.796827092343566,CRITICAL
1105,2.482384519,5.70247265,2.16402348,79.85022521,79.00738026,1,0.3228254866736047,0,67.71745133263953,MONITOR
729,3.48432651,7.283286813,3.252828264,73.64497416,85.4374597,1,0.8361667710193618,1,16.383322898063824,CRITICAL
569,4.749306212,5.188082871,1.023199747,76.93504029,77.03266219,1,0.6403472554737516,1,35.96527445262484,WARNING
793,3.682821139,4.266368848,2.746542581,76.50825961,81.86666703,0,0.3256458557878305,0,67.43541442121695,MONITOR
613,3.646861409,6.464329734,2.667311062,76.71728627,79.65369886,1,0.7297930689680571,1,27.020693103194294,WARNING
715,3.362428273,6.874643274,1.525366813,75.58879783,77.62779683,1,0.7075765153778544,1,29.24234846221456,WARNING
426,3.047438286,3.599101304,1.52674693,78.42654981,82.49320763,0,0.6381332700125686,1,36.18667299874314,WARNING
505,2.52985662,6.148651222,2.302162414,75.49101042,82.96460832,0,0.8527402205908008,1,14.725977940919922,CRITICAL
1046,2.619105171,6.923216645,2.083442632,82.80088745,76.3555324,1,0.4356147382465218,0,56.43852617534782,MONITOR
556,2.34633547,4.898032196,0.096121341,76.81612404,90.49220542,1,0.5845568821349638,1,41.54431178650362,WARNING
1202,2.595818458,15.3690659,2.753458041,76.68479858,84.23362346,1,0.4826526816434231,0,51.73473183565769,MONITOR
987,2.86395991,5.319922695,1.375826635,77.54094358,67.74175818,0,0.45437671206998603,0,54.5623287930014,MONITOR
892,2.400480125,5.300577106,2.563495473,76.96408587,81.72265978,1,0.48214194890351547,0,51.78580510964845,MONITOR
621,3.933842447,6.887219874,2.978651752,75.01560442,82.69200736,0,0.8208723325528638,1,17.912766744713615,CRITICAL
950,2.727765176,4.68287306,0.983905018,76.82869107,80.78089993,1,0.36072287442013173,0,63.92771255798683,MONITOR
1172,3.282762281,10.34829734,2.090401755,78.05237151,76.71761855,1,0.4762143598550855,0,52.37856401449146,MONITOR
909,4.350014004,6.203589294,1.572063694,76.79916818,81.43868503,1,0.407354761908938,0,59.26452380910621,MONITOR
631,2.213894132,4.407635222,2.865963222,73.29368262,81.95786917,1,0.743622300808502,1,25.6377699191498,WARNING
1625,2.545094083,6.608659484,2.481089111,77.29909091,79.29173162,1,0.31661697308155295,0,68.33830269184472,MONITOR
722,5.658941541,6.287320236,1.614135366,73.31950013,81.66148934,0,0.7254093001193417,1,27.45906998806583,WARNING
581,2.392303444,6.378779378,1.265366612,78.59764708,77.64705048,1,0.6853520942604726,1,31.46479057395274,WARNING
1339,4.324066516,8.277708828,2.515009838,77.38549396,80.64971115,1,0.3049312365634032,0,69.50687634365968,MONITOR
556,2.122973922,5.726176784,1.879269051,76.2518708,79.82336899,0,0.7883666132235538,1,21.163338677644617,CRITICAL
890,2.353738543,16.52614239,2.496424684,77.75357275,78.71114095,1,0.5996842240288849,1,40.031577597111514,WARNING
442,3.054944806,4.182599615,2.79049836,75.11791879,72.63209893,1,0.8141403606948042,1,18.58596393051958,CRITICAL
932,2.384141042,4.654800687,0.910926221,88.70280723,83.19994648,0,0.48844262900933805,0,51.1557370990662,MONITOR
1511,2.462947296,4.319466163,1.522408832,77.16635096,83.96630716,0,0.29313547805919,0,70.686452194081,MONITOR
1309,4.538403411,6.730013027,5.345439757,77.4930723,79.7593484,1,0.34939822537837356,0,65.06017746216264,MONITOR
732,1.394889289,5.021853031,1.397116525,84.50506661,78.746831,0,0.3508281713514631,0,64.91718286485369,MONITOR
1122,3.160612207,6.011658735,2.748367522,79.27040171,71.60540224,0,0.37586743980195475,0,62.41325601980452,MONITOR
1370,3.504464971,7.617615551,0.946135501,85.93590065,81.96174297,1,0.2642419333024817,0,73.57580666975183,MONITOR
620,2.935518462,3.970759461,2.62722205,76.87958613,85.09444007,1,0.5511840836178769,1,44.88159163821231,WARNING
628,3.864148008,4.598943456,1.559997663,75.83446268,75.76058166,1,0.6837242576297462,1,31.627574237025378,WARNING
705,1.942400599,6.206831631,1.009904216,77.89814419,77.28786644,0,0.41729710650449364,0,58.27028934955063,MONITOR
1512,2.723169713,9.80225012,1.16931637,76.25642609,78.19978677,0,0.4784704315743929,0,52.15295684256071,MONITOR
423,2.883314247,4.495737612,1.851351733,76.87652083,79.6979155,1,0.7538795690535505,1,24.612043094644953,CRITICAL
1321,2.528102173,7.041656752,2.906241158,75.90106116,78.86104911,0,0.3508608300147756,0,64.91391699852245,MONITOR
764,2.357019897,7.379463997,2.510326515,75.79956016,73.77871034,1,0.5124080646922258,1,48.759193530777424,WARNING
974,2.17441685,2.698796295,2.891044651,75.35053033,85.76575847,0,0.17504695075478213,0,82.49530492452179,NORMAL
575,2.789660246,8.161787156,1.849126027,77.38692193,68.42012729,0,0.8533562380347807,1,14.664376196521934,CRITICAL
581,3.37547251,7.5891197,2.92747998,75.22802577,81.21226532,1,0.8152548653694741,1,18.47451346305259,CRITICAL
542,4.456725906,6.687947403,2.857762023,74.86817073,79.93772207,1,0.8971628169217775,1,10.283718307822253,CRITICAL
570,4.078654218,9.865703046,2.266544551,76.91946127,87.59629045,0,0.7446433867198022,1,25.535661328019778,WARNING
930,2.257145686,1.802094367,1.283389775,77.58959134,84.75692084,0,0.3470225844367012,0,65.29774155632988,MONITOR
701,4.236740011,5.986047292,3.110265593,77.90953573,73.00932508,1,0.6780525225764356,1,32.19474774235644,WARNING
603,2.742546216,5.519710788,1.372159945,85.5892056,80.96991377,1,0.6309564984660234,1,36.90435015339766,WARNING
620,4.120988406,1.217380541,1.771928225,75.94026298,72.81405098,0,0.5313777718815974,1,46.86222281184026,WARNING
691,3.096338195,6.561214948,2.18094843,75.96479602,79.87395608,1,0.7132073010215442,1,28.679269897845582,WARNING
808,1.991122417,6.125850519,2.744537342,78.16278946,87.86718373,0,0.35643724859026904,0,64.3562751409731,MONITOR
1433,4.145974793,4.888412462,1.317140197,84.47063,66.26260163,0,0.3933600050090605,0,60.663999499093954,MONITOR
788,3.271455264,9.214695573,1.3231722,74.24369557,72.71796648,1,0.6251560146433658,1,37.48439853566342,WARNING
737,2.016796197,6.092000602,2.94751738,81.98114066,83.13465705,0,0.43607186780887824,0,56.392813219112185,MONITOR
842,2.637183443,9.344440412,3.198271844,74.17049835,74.72296384,1,0.6431131454989863,1,35.68868545010137,WARNING
477,2.492741352,3.568284256,2.616312693,82.93599468,73.93645456,1,0.6661477506762215,1,33.38522493237785,WARNING
464,1.920021163,6.444057588,3.182056373,75.49323471,73.1761046,1,0.8638660050649872,1,13.613399493501277,CRITICAL
714,2.423173603,4.97339101,5.2904591,76.95691793,87.86351193,1,0.3350325400487908,0,66.49674599512092,MONITOR
689,3.534694005,5.39800437,2.180524509,73.43844473,79.9879251,1,0.8345597252872827,1,16.544027471271725,CRITICAL
707,2.823437507,10.33013856,2.366585647,78.43872665,68.77958416,0,0.7196053662991116,1,28.039463370088836,WARNING
766,3.419329324,6.912246565,1.7642517,74.733694,67.96900228,1,0.7436051872504276,1,25.639481274957244,WARNING
495,3.979625857,7.58956835,2.068488202,75.89179495,72.7139468,1,0.808879876046591,1,19.112012395340905,CRITICAL
681,4.234597503,5.455006586,1.475678274,77.17744005,71.28586214,1,0.6572976912826959,1,34.27023087173041,WARNING
717,1.760663796,5.671337046,3.200207407,77.09888775,83.26883365,0,0.41200086901092814,0,58.79991309890718,MONITOR
1453,3.835135061,9.4991445,3.039454405,76.53431103,83.2778883,0,0.373098796234481,0,62.6901203765519,MONITOR
667,3.280539149,10.88755591,1.524849403,78.70505804,77.46841407,1,0.6756773715390294,1,32.43226284609706,WARNING
467,2.509867756,12.0475244,3.299257958,75.82681748,72.74217375,1,0.8908059076979344,1,10.919409230206556,CRITICAL
587,2.176145935,3.171398177,4.007538036,77.50688791,77.46221441,0,0.504632837536546,1,49.5367162463454,WARNING
568,2.66149574,5.87030867,2.818645523,80.03841083,70.49310284,1,0.7436494513975493,1,25.635054860245067,WARNING
1258,2.558404562,4.284165712,1.542114742,75.99949055,83.36720826,1,0.37282672451879717,0,62.71732754812028,MONITOR
942,3.049531454,7.931362771,4.210297362,76.95855455,76.22384846,0,0.4822731353622416,0,51.77268646377584,MONITOR
405,5.200945458,8.444788221,4.199535937,77.37728773,87.68123893,0,0.7776963441583642,1,22.23036558416358,CRITICAL
1325,4.86389972,5.157382564,1.250740822,75.48450514,69.77900328,0,0.4701467067917657,0,52.985329320823425,MONITOR
819,1.964465891,8.280937231,2.355673709,74.87857891,68.0609734,1,0.6189980643806113,1,38.100193561938866,WARNING
593,3.540829364,3.246108246,1.81965325,75.44741138,76.50777369,0,0.6720322823930959,1,32.79677176069041,WARNING
882,3.227626172,4.849249806,2.441710142,78.77206619,86.65335384,0,0.34404921615122985,0,65.59507838487701,MONITOR
1011,4.573441518,11.46970353,5.786509856,75.32064016,68.5780808,1,0.7335270750760604,1,26.64729249239396,WARNING
947,1.176992686,5.923353659,2.253124896,75.47803052,83.53403967,1,0.40712065279757975,0,59.28793472024203,MONITOR
685,3.597667244,10.00737911,1.757174694,78.47622624,85.50853345,1,0.5911802686018427,1,40.88197313981573,WARNING
787,4.371238398,6.57242346,2.202876422,76.77477459,69.36010413,1,0.5220661289043897,1,47.793387109561024,WARNING
626,4.384258116,4.954788971,1.11831044,79.73903506,70.08421978,1,0.6317455347580896,1,36.825446524191044,WARNING
1324,2.549917189,6.843022756,5.814004296,77.67762816,90.6761544,0,0.2879825615383258,0,71.20174384616742,MONITOR
624,3.769122016,4.20824578,1.438347808,76.58840038,87.72564053,0,0.7390138331094313,1,26.098616689056875,WARNING
633,2.838720514,6.860739263,2.303114339,77.2491496,80.60293066,0,0.6979053231592403,1,30.209467684075975,WARNING
1012,4.119215473,4.775609979,1.787593681,82.37660261,80.84307192,0,0.29852581365396536,0,70.14741863460347,MONITOR
809,2.464741128,3.38910899,1.502912909,75.63571597,76.23936186,0,0.39125566801616807,0,60.874433198383194,MONITOR
815,4.070803075,7.539689782,1.038415207,77.67112457,92.86297813,0,0.5845279389999848,1,41.547206100001524,WARNING
842,2.655079589,5.8129087,1.990661334,74.06040836,80.52849119,1,0.5852779363239229,1,41.47220636760771,WARNING
807,5.258804818,6.208807249,2.283314286,75.24108674,68.14087428,1,0.5406509599493454,1,45.934904005065455,WARNING
1391,2.636268124,6.275427133,2.565209268,75.57612938,70.7759749,1,0.5100902344997252,1,48.990976550027476,WARNING
482,2.704870344,7.348635037,3.410127161,76.43028872,85.99130471,0,0.8567892555393498,1,14.321074446065019,CRITICAL
625,5.089271006,8.30991536,2.722762859,75.49760322,78.32001941,0,0.7923012152720749,1,20.769878472792513,CRITICAL
1376,3.017640404,3.257147765,1.782181155,76.59038139,73.90446492,0,0.286563583684501,0,71.34364163154989,MONITOR
1516,2.960116501,7.342088947,1.29203042,76.61899131,84.32765155,1,0.46796116942397425,0,53.203883057602575,MONITOR
553,4.018606078,6.581039218,1.998548566,74.07282877,76.41023539,0,0.8997318337262161,1,10.026816627378388,CRITICAL
777,3.278400803,4.73248832,0.812255915,75.79993324,72.07217055,1,0.5142220940045451,1,48.57779059954549,WARNING
929,1.937725338,5.647741037,1.166758975,76.45884358,78.04623293,0,0.3944435391232818,0,60.555646087671825,MONITOR
665,2.654887102,12.97621512,1.835131404,76.20094316,82.20484161,1,0.6572576489447008,1,34.27423510552992,WARNING
1327,2.551879589,4.101574391,1.474735792,77.42505673,71.97270826,0,0.22746460051530937,0,77.25353994846907,NORMAL
1048,3.863537071,5.192074039,1.773078795,75.46027568,79.65089069,1,0.42269107010398227,0,57.73089298960177,MONITOR
612,2.594553424,3.167325139,1.395293168,77.2810734,87.9682081,1,0.5540585257562679,1,44.59414742437321,WARNING
809,2.931311351,7.916999204,1.027656174,76.08786401,76.22465811,0,0.5078037111430947,1,49.219628885690526,WARNING
670,2.898378477,5.922107067,2.905567821,74.11879542,67.73687329,1,0.8576532192318442,1,14.234678076815577,CRITICAL
586,3.057590138,12.15206868,3.006592326,74.8490047,70.69097593,1,0.8470181448294,1,15.298185517060004,CRITICAL
498,2.594492905,5.767240631,1.269543893,75.49276142,74.70634845,1,0.7571375005087935,1,24.286249949120652,CRITICAL
429,2.628433166,4.397019629,1.374777388,76.56766089,78.37205041,1,0.7076174427982008,1,29.238255720179918,WARNING
579,2.392639446,0.748400948,2.09501456,83.29229843,78.73876994,1,0.4095288104238938,0,59.04711895761062,MONITOR
480,2.806491373,6.913741951,1.735515452,73.69021235,81.77604112,1,0.9090439641493132,1,9.095603585068678,CRITICAL
679,3.617364899,5.289237439,2.077742872,75.66032993,67.7896913,1,0.7342390472177512,1,26.576095278224876,WARNING
872,4.087339146,5.220623284,1.39580588,76.29693,83.08773306,0,0.4685757464516368,0,53.14242535483632,MONITOR
888,3.386023925,6.372444533,1.308321036,76.04142474,73.29376091,0,0.46164842821529056,0,53.835157178470936,MONITOR
596,2.466692289,5.97754877,0.939336848,81.99077992,81.33380496,1,0.6009751036747575,1,39.90248963252425,WARNING
1133,1.280449602,2.81211179,1.39238055,84.64708635,77.88402353,0,0.31688518272921273,0,68.31148172707873,MONITOR
555,3.58170362,5.925911581,3.159490118,78.97357718,76.74953694,1,0.7089853489873778,1,29.101465101262225,WARNING
945,4.560475995,4.191621261,2.362902579,82.61665274,79.51981376,0,0.26354596933146757,0,73.64540306685325,MONITOR
1086,2.68800937,7.607987911,1.82095269,77.99245485,69.66121623,0,0.42058971943381585,0,57.941028056618414,MONITOR
802,2.975014534,7.962033881,3.084247576,76.29394567,77.1445304,0,0.6044496707480642,1,39.55503292519358,WARNING
806,4.286568332,7.499339439,1.66711142,76.52564399,79.48013949,1,0.5934110074352957,1,40.65889925647043,WARNING
764,3.145799799,10.72595417,1.475345696,81.85879157,82.06624023,1,0.5041612103377617,1,49.58387896622383,WARNING
863,2.986936723,9.988103569,2.052749463,77.66090515,84.37577432,1,0.5132685450137964,1,48.673145498620364,WARNING
1203,2.88759992,12.51245313,1.2037536,77.05542454,68.55433082,1,0.5782961198829856,1,42.17038801170144,WARNING
1021,2.151278394,2.592455727,1.942426721,75.66130696,85.55252881,0,0.18297251290277008,0,81.702748709723,NORMAL
882,2.510082822,7.447758897,1.369315481,76.68727366,80.81486293,1,0.5145938243452334,1,48.540617565476666,WARNING
415,4.806331464,15.92429159,1.193400538,75.35062714,69.17816274,1,0.8905551204820915,1,10.94448795179085,CRITICAL
591,2.530361138,13.46655991,2.395471483,75.45575074,80.25019471,1,0.7619829125843683,1,23.801708741563164,CRITICAL
1420,4.076719001,8.949726107,4.678821775,76.63765434,92.77624874,0,0.3723748629710115,0,62.76251370289885,MONITOR
841,3.798999298,9.094820419,4.80378804,75.87205135,81.72973602,1,0.5791162435451771,1,42.08837564548229,WARNING
842,3.024014167,8.073837657,2.504470275,77.52614224,75.1537997,1,0.6164844679559367,1,38.35155320440633,WARNING
916,4.962123069,10.67805757,2.024319873,76.16545207,73.04965875,0,0.5195082744550927,1,48.049172554490724,WARNING
602,1.946548196,4.528127102,2.371464128,73.42405165,85.60507693,1,0.7153177284852755,1,28.468227151472448,WARNING
521,2.993530876,5.912033966,2.267670906,82.96712452,66.99244437,1,0.7539208362842712,1,24.60791637157288,CRITICAL
746,2.16039818,3.873581983,0.944222459,74.63477401,83.26745448,0,0.49511258362839206,0,50.48874163716079,MONITOR
1010,1.657477611,7.006820237,2.088485669,74.8282194,82.25961811,1,0.43738027883238745,0,56.26197211676125,MONITOR
815,4.042303364,4.824914846,3.055353789,82.89896221,90.13883754,0,0.4160971596277899,0,58.39028403722101,MONITOR
1043,3.298957369,9.761772621,2.291429497,78.3678006,79.08568679,1,0.42191439191172325,0,57.80856080882768,MONITOR
967,3.028176649,7.558018066,2.973344744,78.95817266,75.57412206,1,0.4321711184503734,0,56.78288815496266,MONITOR
786,3.685643103,6.321633311,1.758919085,75.73582257,78.86170496,1,0.6435575404240588,1,35.64424595759412,WARNING
584,3.196155766,7.167711374,2.336000201,78.42752816,67.33002756,1,0.8493977976032656,1,15.060220239673438,CRITICAL
793,2.928037008,4.195309561,1.333965644,74.97896863,80.61310511,1,0.44994590380116706,0,55.005409619883295,MONITOR
566,2.274840994,5.753201023,2.608403987,75.57255889,76.00218106,0,0.7694679500140238,1,23.05320499859762,CRITICAL
633,2.602295283,6.211308713,3.003429814,75.70567013,83.8523319,1,0.7164902856309435,1,28.35097143690565,WARNING
467,4.294448535,9.305484995,2.104590133,75.56208557,72.75369132,0,0.9393497326802922,1,6.06502673197078,CRITICAL
571,0.158501698,11.41331722,2.312433786,74.77622508,74.75711706,1,0.6908210558531498,1,30.917894414685023,WARNING
733,3.52925596,4.225828905,2.395546058,76.60517261,73.91475538,0,0.46823530578326966,0,53.17646942167303,MONITOR
984,1.970420413,11.85389425,2.597029048,78.25874556,84.15969094,0,0.37952629074339195,0,62.04737092566081,MONITOR
982,3.821821619,6.622308876,1.962800553,77.39910508,81.57123418,1,0.34692091267025676,0,65.30790873297431,MONITOR
733,2.376016993,4.77373327,3.067514069,76.45552142,84.94150779,0,0.4635673087433141,0,53.64326912566859,MONITOR
520,3.126686734,3.223550652,2.530767568,74.83870276,82.66307793,1,0.8568641676625265,1,14.313583233747352,CRITICAL
727,2.701549916,13.10971559,2.198325215,76.02844134,77.55509689,1,0.6429261438222562,1,35.70738561777438,WARNING
610,2.637153698,9.658472625,1.556941626,74.27894457,77.22665728,1,0.8158936351521433,1,18.41063648478567,CRITICAL
849,5.38995649,9.013244952,2.719745381,76.55633108,81.81466794,1,0.5923888098923432,1,40.761119010765675,WARNING
1101,3.768243683,7.603122191,2.460417698,77.58259726,86.81359998,1,0.32570263713794967,0,67.42973628620503,MONITOR
420,2.601225572,2.632606367,2.173108753,74.6780238,88.06133059,1,0.8209007541797564,1,17.90992458202436,CRITICAL
606,5.061434611,5.095578704,0.845883235,76.90977643,69.3149372,0,0.5958963611486273,1,40.410363885137265,WARNING
603,3.961661298,4.789571666,1.69318621,76.97952642,79.12642552,1,0.5486527082132737,1,45.13472917867263,WARNING
420,2.240302394,4.47408909,1.415427308,75.97362302,71.9606857,1,0.8596100636872424,1,14.038993631275765,CRITICAL
833,2.062212742,9.541714187,1.627384625,84.90386588,73.96929257,0,0.5108597979866961,1,48.91402020133039,WARNING
1161,3.917831065,4.313888583,1.856955376,75.42774511,74.67580475,1,0.3509249811007543,0,64.90750188992457,MONITOR
414,3.693866334,3.496527555,2.186178785,86.4318607,78.64505108,0,0.8187105066765877,1,18.128949332341225,CRITICAL
916,2.234144972,6.417599979,2.657822081,80.9058074,78.61781405,1,0.41349857389245426,0,58.65014261075457,MONITOR
548,3.449694866,8.743399626,4.361231128,76.06601007,81.92009157,0,0.8007602608236002,1,19.92397391763998,CRITICAL
881,4.75608938,6.193088547,2.607099472,77.90501696,79.22570077,1,0.4432595653575614,0,55.67404346424386,MONITOR
576,2.93223082,5.549971793,1.268459751,83.3971642,75.32551122,1,0.7145913231252372,1,28.54086768747628,WARNING
525,3.945840092,11.90858961,1.724396691,76.85727496,80.15108577,1,0.8009126335318796,1,19.90873664681204,CRITICAL
557,3.324143746,5.756292655,1.351472981,76.35279301,77.48901337,1,0.8039581603744248,1,19.60418396255752,CRITICAL
790,4.184004643,6.65022028,3.371589141,75.75471662,82.96698511,1,0.5007231668821164,1,49.927683311788364,WARNING
670,4.869918752,5.029336977,0.874112356,77.29502581,81.33542274,1,0.5128153446177173,1,48.71846553822827,WARNING
489,4.150486623,8.020215518,2.881867784,75.7347202,84.09289889,1,0.8800731183616555,1,11.992688163834453,CRITICAL
938,2.085377592,5.397363068,2.397699165,75.00886342,82.48659906,0,0.43153927846317996,0,56.846072153682,MONITOR
1406,2.79191947,9.421817456,2.77136212,75.80423009,74.52327561,0,0.4501488050246512,0,54.98511949753488,MONITOR
355,1.706908961,4.388974021,1.595875603,77.13311228,89.23591982,1,0.7141130241932571,1,28.588697580674292,WARNING
1144,2.226850463,6.327707475,2.522136609,74.14444633,73.58305638,1,0.4365976194894834,0,56.340238051051664,MONITOR
1018,3.245295519,5.845366756,1.908447901,78.18764745,75.65858435,1,0.41835963222492867,0,58.164036777507135,MONITOR
433,4.8264299,11.16486389,2.543975869,83.58735956,81.69559935,1,0.9297672743916775,1,7.02327256083225,CRITICAL
626,3.310592981,9.499583268,1.904355627,76.1149094,72.66302923,0,0.7344970379620456,1,26.550296203795444,WARNING
927,3.86046202,7.208917343,2.907968756,76.05538984,84.67469872,0,0.47302479041282974,0,52.69752095871703,MONITOR
1173,4.212549806,5.677087111,2.770051836,77.21743208,88.28786491,1,0.38904194795213165,0,61.095805204786835,MONITOR
1042,3.21371837,5.190764287,3.654455391,79.14126623,88.60394867,1,0.2808050303987475,0,71.91949696012526,MONITOR
852,3.753086225,6.725922346,2.472245465,76.09780041,71.54529563,0,0.5347504832676785,1,46.52495167323215,WARNING
1265,3.941502521,10.12725377,1.102076329,75.26601819,72.78257474,0,0.544678006426381,1,45.532199357361904,WARNING
534,3.962444863,6.387971676,3.210711543,76.20939618,76.08016384,1,0.7828332687286549,1,21.716673127134513,CRITICAL
719,2.412465876,6.235855011,1.514894792,75.79182261,90.42637678,1,0.47646791840259045,0,52.35320815974096,MONITOR
424,2.648904691,3.037229236,3.032391948,78.29352195,85.72631021,1,0.6703403366472382,1,32.96596633527618,WARNING
1275,3.939939711,6.422518528,2.188834146,82.82485086,71.05854622,0,0.36357210541905494,0,63.642789458094505,MONITOR
784,3.513723683,3.383128767,1.725661279,77.58951484,71.27115643,0,0.36963252688925513,0,63.03674731107449,MONITOR
1108,3.420267039,4.788703654,2.190581327,83.09200598,76.22868705,0,0.2711686172307542,0,72.88313827692458,MONITOR
579,3.316357426,3.676939993,1.424701955,76.31040014,77.22529256,1,0.7456373571143765,1,25.43626428856235,WARNING
580,2.722559982,7.174837858,1.84888553,83.58795784,84.76763043,1,0.7527811949753141,1,24.721880502468586,CRITICAL
980,2.805679849,5.178954028,2.769126386,76.25087952,75.03374723,0,0.4224374672232612,0,57.756253277673885,MONITOR
890,3.952270382,5.012626269,2.31013308,76.06812977,73.59017834,1,0.44476122844846894,0,55.5238771551531,MONITOR
724,3.022397267,15.25467698,1.654081461,77.45616571,77.8406096,0,0.7218133747339062,1,27.818662526609383,WARNING
435,4.098055088,6.398678652,2.408686324,86.9982448,79.00078652,1,0.8481013515816267,1,15.18986484183733,CRITICAL
802,3.896101828,5.023473135,2.621266708,84.02113434,83.02442849,0,0.3223861565147343,0,67.76138434852656,MONITOR
721,2.832753775,3.357107894,1.866431575,75.00517605,74.12961502,1,0.5336789261146332,1,46.63210738853668,WARNING
793,0.62291293,4.446146006,2.122234144,77.59440588,75.86102193,1,0.37871884834853514,0,62.12811516514649,MONITOR
686,2.185153961,5.748858865,1.903213247,76.5388416,87.43288648,1,0.47226786115066083,0,52.773213884933924,MONITOR
1394,4.204395649,1.352745131,1.087758853,76.26052062,70.65170105,1,0.2699265647945447,0,73.00734352054553,MONITOR
1189,2.990635528,5.929326976,3.005439195,76.31401569,84.27455076,1,0.46369051282354273,0,53.63094871764573,MONITOR
1296,4.705718167,4.74803225,3.79080927,76.28163489,74.3095101,1,0.4658871422959202,0,53.41128577040798,MONITOR
888,3.238698266,7.5927825,2.650932537,88.05280819,84.49225346,1,0.46520051352747366,0,53.47994864725263,MONITOR
879,3.211083234,3.584065932,1.694362253,83.54215727,75.29178304,0,0.29095964628124876,0,70.90403537187512,MONITOR
905,2.521784739,4.834102077,1.103456315,78.36031675,69.92125626,0,0.3959007719250287,0,60.40992280749713,MONITOR
344,5.455809236,3.344799342,1.713266232,79.59356577,76.31413125,1,0.8791276231197211,1,12.087237688027885,CRITICAL
634,4.338107044,3.758890577,2.914716642,78.48873552,81.15854129,1,0.4574943760359988,0,54.25056239640011,MONITOR
489,2.651246858,8.38227254,2.55795256,76.00619296,71.69387831,1,0.9022214023773485,1,9.777859762265152,CRITICAL
906,2.243106087,11.51297237,1.685891152,84.15402966,84.03250332,0,0.4508089486346039,0,54.91910513653961,MONITOR
737,3.541372287,3.939883063,2.346733743,76.85914896,82.50670165,1,0.42804051038424273,0,57.19594896157572,MONITOR
850,5.052130044,6.559464079,2.63962551,74.3565812,74.93848276,1,0.6129184558245668,1,38.70815441754332,WARNING
1024,3.636237551,7.227436834,2.534803091,77.51997096,80.78095786,1,0.3865951798893837,0,61.34048201106164,MONITOR
821,2.415754704,8.474087461,2.199621102,76.02945192,69.30120611,1,0.5323561056621561,1,46.764389433784395,WARNING
707,3.37622131,8.502158819,1.552591461,78.19138591,80.15220908,1,0.6466376521631549,1,35.3362347836845,WARNING
1083,4.867080395,4.984865361,2.49639962,81.90804994,81.06430222,0,0.31082780106401336,0,68.91721989359867,MONITOR
873,2.921946987,7.123659004,1.784695156,74.32696636,71.81300245,0,0.5244195809828508,1,47.55804190171492,WARNING
436,3.250800602,9.370327987,1.764545658,75.26451826,80.56409427,1,0.9455710660351906,1,5.442893396480941,CRITICAL
1127,3.944053799,1.587507207,1.17049139,76.4917244,85.12671979,0,0.3348666539282666,0,66.51333460717335,MONITOR
366,3.683237787,13.0888004,2.613728703,74.12167863,73.07023911,1,0.946662361739515,1,5.333763826048498,CRITICAL
1358,2.430206806,9.30748899,1.612853111,78.49841826,86.14492994,0,0.28637698811550955,0,71.36230118844904,MONITOR
937,3.541315762,10.70434079,2.888996626,76.60005646,72.10208302,1,0.47587639360047246,0,52.41236063995276,MONITOR
720,2.925809101,7.330510956,2.8871646,77.45446557,82.31030256,0,0.6006764375365408,1,39.932356246345925,WARNING
717,3.32553092,7.388977164,1.565634863,77.21903164,88.17929158,1,0.6320024351233502,1,36.79975648766498,WARNING
521,2.886708288,6.870942545,1.764114216,74.98202607,82.82533446,1,0.9030133770578016,1,9.69866229421984,CRITICAL
1689,2.287336573,4.073502246,2.182574161,76.76262492,77.58098968,0,0.30436074549237074,0,69.56392545076294,MONITOR
917,3.035663812,4.560631396,3.359870993,81.79742471,75.12517802,0,0.26029969543730835,0,73.97003045626917,MONITOR
695,2.360540957,4.440452537,1.20769599,76.4825742,74.68378575,1,0.4109257731262985,0,58.90742268737015,MONITOR
905,3.980691201,5.122327349,0.817145456,78.40921715,79.10283545,1,0.4663105083129355,0,53.36894916870645,MONITOR
737,4.525011259,5.341730917,3.061290862,81.03375937,74.87046754,0,0.6491232229588653,1,35.087677704113474,WARNING
459,2.360940984,8.118233522,2.6055044,75.00856685,78.58390589,1,0.8922303044966208,1,10.776969550337922,CRITICAL
779,2.431055574,4.916802637,1.158864502,77.72765657,85.65611907,1,0.42882225269866275,0,57.11777473013373,MONITOR
451,4.080447167,3.40139321,3.658191965,76.00960855,85.67009928,1,0.6088542878261022,1,39.11457121738978,WARNING
1694,4.732393758,13.20148169,0.642457744,76.24983527,81.03244332,0,0.42470782825400355,0,57.529217174599644,MONITOR
587,3.502165822,8.624215622,2.230617599,74.84882852,81.92667797,1,0.7969720061282545,1,20.302799387174552,CRITICAL
811,3.740862432,4.014311507,2.006860189,78.50618806,84.29801907,0,0.23435333557301385,0,76.56466644269861,NORMAL
757,2.862862285,6.121096537,1.90194735,76.11478093,81.53731466,1,0.5856249232967075,1,41.43750767032925,WARNING
846,2.996517315,6.932775913,3.135656166,78.09592674,68.76838473,1,0.6018099276390828,1,39.81900723609172,WARNING
601,3.023441126,5.913029903,2.077826276,76.48143169,84.39071344,0,0.700665359610964,1,29.9334640389036,WARNING
509,2.307048408,4.98229629,1.905502558,77.1643274,86.33344062,1,0.7367944695554369,1,26.320553044456307,WARNING
889,4.178234461,5.695829935,2.308147953,74.82140597,80.03716227,0,0.4653120229443273,0,53.46879770556727,MONITOR
625,3.45182088,7.979222028,1.808510278,74.13062536,72.50015549,1,0.8744467184557169,1,12.555328154428313,CRITICAL
981,4.822007932,6.405569799,1.60920736,76.79974554,81.87007118,1,0.45438532011035543,0,54.561467988964466,MONITOR
530,5.106693505,5.258303471,1.890342056,76.73390561,88.52130124,1,0.7852147279805417,1,21.47852720194583,CRITICAL
458,3.6629921,10.7978921,2.951984434,83.52735582,79.19725311,1,0.814377576238091,1,18.562242376190895,CRITICAL
744,3.730724576,5.603028505,2.822790277,83.48729439,72.44687402,1,0.5699341403554146,1,43.006585964458544,WARNING
660,3.53548929,11.28297629,1.885723177,75.29851955,85.42810234,0,0.7752301095051187,1,22.47698904948813,CRITICAL
1096,3.766714405,6.127005359,1.751186485,76.81505461,81.84276022,1,0.40057285999303766,0,59.94271400069624,MONITOR
1412,2.08229388,6.183925104,2.657279989,75.19726506,84.47057897,1,0.24392945376766004,0,75.60705462323399,NORMAL
909,3.81829235,6.748117783,1.736258642,76.43196568,76.69684378,1,0.4629950586152874,0,53.700494138471264,MONITOR
793,3.994755397,9.465000104,2.436050633,76.5516151,81.43791325,1,0.5902436312601084,1,40.97563687398916,WARNING
719,2.426960609,8.050177198,2.872622189,80.82197036,66.18043955,1,0.6525865117796785,1,34.74134882203215,WARNING
1357,3.617452867,3.859839434,0.995249765,76.66634815,73.35195868,0,0.30203480737191085,0,69.79651926280891,MONITOR
964,4.218902271,4.989088707,3.577468311,78.51466456,83.62549599,1,0.26961609621687666,0,73.03839037831233,MONITOR
467,3.854109997,8.282645265,1.341026297,74.58098615,76.26611312,1,0.9674639171420055,1,3.2536082857994475,CRITICAL
833,2.439080183,5.634983097,1.294129789,75.34880672,80.02825876,0,0.5052351011765225,1,49.47648988234775,WARNING
1194,3.005504126,1.706456265,2.058838191,74.63546565,79.85044962,0,0.3715773381647238,0,62.84226618352762,MONITOR
804,2.724538826,2.982371327,3.334642789,74.87113647,87.04010849,1,0.46035773018321974,0,53.964226981678024,MONITOR
1323,3.63938328,7.244241525,2.698808509,75.75377962,75.71253239,0,0.5113511398406981,1,48.86488601593019,WARNING
567,2.291972554,6.884623626,1.754546781,78.0795424,80.25179887,1,0.6548886488468264,1,34.51113511531736,WARNING
740,3.241698319,7.910485828,1.110763383,75.65556601,88.25199138,1,0.7473520631339651,1,25.264793686603493,WARNING
632,4.060188945,6.641153313,1.503121408,82.66079498,68.72259162,1,0.7802439565805394,1,21.975604341946063,CRITICAL
423,2.151684813,4.4096189,1.698446583,87.01328686,80.05986041,1,0.6901737754216063,1,30.98262245783937,WARNING
570,2.011671937,4.641678,2.323100799,75.82764729,83.30248749,0,0.5996838257855305,1,40.03161742144695,WARNING
844,3.856238037,3.088970692,2.50336587,76.9565509,90.05041028,0,0.3618265425035503,0,63.81734574964497,MONITOR
749,3.231946099,3.83349485,3.501595074,75.2514914,76.53390719,1,0.6129957815885205,1,38.70042184114795,WARNING
741,5.267422488,9.674423623,1.3772211,75.76375406,78.20750756,1,0.7704214421215847,1,22.95785578784153,CRITICAL
530,3.615824254,8.698453818,1.780598892,73.80386707,91.19440643,0,0.78785269482504,1,21.214730517496005,CRITICAL
815,5.712042811,5.510682906,2.27506366,77.78764296,88.94956561,1,0.526818787577854,1,47.318121242214595,WARNING
715,4.176602855,4.209701746,1.120631817,75.96279836,68.94172792,0,0.6360269213896234,1,36.39730786103767,WARNING
1476,3.733184454,5.75238571,1.623718608,77.05292182,72.63836635,1,0.4535372366602103,0,54.646276333978975,MONITOR
854,5.325311975,3.992183491,5.119024389,81.89433038,82.20909442,0,0.3029194159694886,0,69.70805840305114,MONITOR
705,2.736895838,10.40183871,3.562216189,76.46562757,85.64625672,1,0.7330905907498252,1,26.690940925017482,WARNING
502,2.312835806,13.8969575,1.782209401,80.42805889,68.92975979,1,0.8355201321198834,1,16.447986788011658,CRITICAL
870,2.249550268,4.321139908,1.27547987,72.67767586,77.89988214,0,0.382966585098005,0,61.70334149019949,MONITOR
710,4.33856693,5.455502338,1.665819741,77.18979778,83.97855471,1,0.5908555387620333,1,40.914446123796665,WARNING
743,3.27785124,5.821562012,3.185952884,78.39129707,74.49915756,1,0.46790840344605866,0,53.20915965539413,MONITOR
805,5.024510427,7.635230016,5.628685706,76.35085055,80.52682432,0,0.6163852522473505,1,38.361474775264945,WARNING
868,3.617018252,6.698699896,0.998093649,78.2300452,74.70599047,1,0.5279738812573084,1,47.20261187426916,WARNING
748,2.156242232,5.176543416,3.204085223,83.10602246,91.84132287,0,0.5077213548041591,1,49.22786451958409,WARNING
542,4.254908285,8.099125506,1.634836672,77.8476894,82.56585805,1,0.842402887089472,1,15.759711291052803,CRITICAL
1378,4.693227755,7.454413359,4.689989726,76.46796292,84.20749837,1,0.43555010227456203,0,56.4449897725438,MONITOR
494,2.096283064,3.270394552,3.15930824,77.22170429,78.82747624,1,0.6001765103364702,1,39.98234896635297,WARNING
1468,5.34083593,4.426647081,4.595327896,76.93443409,81.86895966,0,0.3616820919336642,0,63.831790806633585,MONITOR
524,2.822507342,6.754806715,3.378652142,78.33987839,81.58397508,1,0.7203172336720491,1,27.968276632795085,WARNING
425,2.719264297,6.62271677,3.187473151,86.7197827,75.2591804,1,0.8677024180532507,1,13.229758194674934,CRITICAL
1033,5.31543275,8.592938962,1.478252572,79.2062231,80.88523742,0,0.33551395400187345,0,66.44860459981265,MONITOR
510,2.408857696,4.64629823,1.344950467,77.80804432,72.24395277,0,0.5301691018672926,1,46.98308981327074,WARNING
506,4.027753991,7.68086847,5.187346563,79.46541571,68.09248443,1,0.8430190521002856,1,15.698094789971439,CRITICAL
1419,3.131899081,5.87671463,1.826065153,83.16365935,90.76803912,1,0.3221085790747617,0,67.78914209252382,MONITOR
473,3.702504046,8.014288802,2.837350053,77.57069165,81.74941021,0,0.793988195137447,1,20.6011804862553,CRITICAL
1197,3.565285743,6.685883828,2.43356669,76.74557373,64.45870197,0,0.603695486415259,1,39.6304513584741,WARNING
580,3.661043769,5.071958429,2.493102068,75.57654239,85.065886,1,0.6668253285303943,1,33.31746714696057,WARNING
621,2.554799475,5.704114718,2.769764186,78.21898542,79.20456645,0,0.4606053424577191,0,53.93946575422809,MONITOR
1329,2.065754938,7.507762625,0.499955179,78.19860617,84.82407422,1,0.2853064164878456,0,71.46935835121543,MONITOR
434,4.793285009,7.449600561,2.455851557,76.07027341,71.73887074,1,0.9581772568351562,1,4.18227431648438,CRITICAL
697,3.207898747,6.689426815,2.714551223,75.37213318,80.52309838,1,0.7273891009201258,1,27.261089907987422,WARNING
543,3.61830058,8.482941177,2.398352992,76.39795887,76.50622142,1,0.8224311365164744,1,17.756886348352563,CRITICAL
1097,5.349706243,6.647369927,2.752160585,76.41069137,74.28384848,1,0.534941290445272,1,46.505870955472794,WARNING
605,2.399020337,8.191829155,2.657778397,75.93967203,84.78331749,0,0.6799894472524237,1,32.001055274757626,WARNING
581,4.35433866,3.53053879,1.243609994,77.24777598,74.3297409,0,0.572922925052846,1,42.70770749471539,WARNING
1070,2.309429908,5.196684686,2.777742356,85.32671866,86.44835038,0,0.3836037499497211,0,61.63962500502789,MONITOR
831,3.120185797,5.257630386,1.273368414,83.94933148,70.13849606,1,0.46531872831994275,0,53.46812716800573,MONITOR
659,4.950683271,5.938334049,1.620601577,75.81354596,64.80112628,0,0.6696638247196176,1,33.03361752803824,WARNING
642,4.644894882,5.948687704,1.143939207,77.87901356,81.23142751,0,0.6265069191657123,1,37.34930808342877,WARNING
694,3.742994364,3.490205933,1.199396347,78.60587572,83.54118352,0,0.39323962771411036,0,60.67603722858897,MONITOR
821,2.073947548,3.655093705,1.79631362,77.28454661,72.18150472,0,0.2269202812911283,0,77.30797187088717,NORMAL
353,2.92611224,5.346117674,1.863252766,77.8677431,73.46400294,1,0.8782946708931169,1,12.170532910688314,CRITICAL
683,5.406167244,10.89710208,3.891155602,77.42847337,69.17010543,1,0.588414068188214,1,41.1585931811786,WARNING
651,4.67152517,5.257293036,2.721877586,79.44875978,75.23635146,0,0.560938035663186,1,43.9061964336814,WARNING
1141,5.198982399,7.503386277,2.159296977,80.08783336,71.82793652,1,0.34669080960635584,0,65.3309190393644,MONITOR
617,2.863990067,7.193808298,1.522725497,75.4385129,81.15675898,1,0.7812547469327785,1,21.87452530672215,CRITICAL
1018,4.569935174,4.831048278,0.901725142,75.08813199,72.83419818,0,0.5648206346596073,1,43.51793653403927,WARNING
706,2.571748393,5.415746272,1.643688642,77.37457325,73.22234378,0,0.4910935782693966,0,50.89064217306034,MONITOR
1072,3.7799421,8.900901625,1.711279503,76.89103027,74.12239318,1,0.5542276247349929,1,44.57723752650071,WARNING
840,2.217310855,2.028790638,1.604032008,77.08356375,81.13934838,1,0.2915186073450437,0,70.84813926549562,MONITOR
883,4.123876726,5.67101935,4.283296393,75.46406134,86.03938371,1,0.4716353807104493,0,52.83646192895507,MONITOR
985,4.142760858,5.221758214,4.333798851,76.98946699,77.37292012,0,0.3274522977599554,0,67.25477022400446,MONITOR
777,2.080059298,2.276769771,2.388862318,84.84844363,70.33302615,0,0.34958721724557135,0,65.04127827544286,MONITOR
720,2.226138559,15.84157694,2.372420944,75.14530041,78.41042193,1,0.6225866894479808,1,37.74133105520192,WARNING
481,3.323656593,4.799281598,1.658413846,76.58990461,74.06774602,0,0.8181175487810491,1,18.188245121895086,CRITICAL
752,2.621543066,8.363681624,3.003577791,78.72812642,75.93668964,0,0.450048109861971,0,54.99518901380289,MONITOR
1167,2.479027651,7.620806088,1.233210276,76.02132744,77.43849431,1,0.3561515560931707,0,64.38484439068293,MONITOR
600,3.419841846,7.355023695,1.704759123,77.23921737,85.92522581,1,0.724799673785393,1,27.5200326214607,WARNING
775,3.809787649,6.052235454,3.020367047,83.57683414,72.53487653,1,0.5405435323762738,1,45.94564676237262,WARNING
959,2.563235658,10.18108624,4.640709641,77.33317387,72.12447122,1,0.44744589256644796,0,55.255410743355206,MONITOR
912,5.130885288,4.22787165,1.679004296,78.68522281,72.93446003,1,0.3563289066774646,0,64.36710933225353,MONITOR
750,4.145349492,3.771038292,2.370624849,77.0516645,84.55490688,0,0.36940953499455925,0,63.05904650054408,MONITOR
680,4.299630571,6.387502649,1.388576316,85.54565482,75.99127256,0,0.644171002629907,1,35.5828997370093,WARNING
710,3.4038254,17.00084093,1.83101102,77.57896312,79.75246101,0,0.6850996021895546,1,31.490039781044544,WARNING
432,2.115838806,6.808151819,2.654194055,75.92626609,72.46695725,1,0.8743653241479721,1,12.563467585202792,CRITICAL
805,3.141154501,6.873991341,2.098467126,75.40147583,76.45459631,1,0.5936842235503221,1,40.631577644967784,WARNING
740,3.140122234,4.347711433,2.182807559,75.87011974,72.60071752,1,0.5210675260624887,1,47.893247393751125,WARNING
827,2.78760083,6.421118571,2.046410148,83.6039917,82.72702101,1,0.3900358239693962,0,60.99641760306038,MONITOR
528,4.172764313,2.460889418,1.641697475,75.74882473,75.42230607,1,0.7924291744923155,1,20.757082550768445,CRITICAL
521,2.615068251,5.120912528,1.528631393,78.83682518,70.40572315,1,0.7260743130475782,1,27.392568695242183,WARNING
913,2.868511864,4.350756212,1.791875205,76.17775856,87.23876599,1,0.3190220638640695,0,68.09779361359305,MONITOR
571,2.114661304,6.441973218,2.098913834,78.24561281,86.88726093,1,0.7096867359542551,1,29.031326404574486,WARNING
833,4.494979986,7.078353563,2.78058635,79.51251861,78.95438541,1,0.4884484058029684,0,51.15515941970317,MONITOR
710,2.624737919,12.28507443,3.033261988,79.1484359,79.58156503,0,0.43452793874866963,0,56.547206125133044,MONITOR
463,2.337895833,4.955333777,1.444169834,74.81155882,67.9356778,1,0.8334791239632681,1,16.652087603673195,CRITICAL
809,2.838339252,6.46340894,3.319601659,76.46539782,73.63503723,1,0.5059051591597635,1,49.409484084023646,WARNING
700,2.341413079,5.581902403,1.24071966,77.26642793,80.79461039,1,0.4710225519811212,0,52.89774480188788,MONITOR
853,3.00425711,7.292977264,1.405205819,86.8031997,74.67447916,0,0.5650021734699341,1,43.49978265300659,WARNING
1018,3.766591974,7.731857937,1.672972729,75.57194314,75.79777151,1,0.5407085673886908,1,45.929143261130925,WARNING
673,2.987647441,5.220756242,1.962036211,75.42882325,73.86807911,1,0.7131144697016519,1,28.688553029834807,WARNING
942,2.406605638,6.031867759,0.620561233,85.78981784,87.91958596,0,0.47547035716617375,0,52.45296428338262,MONITOR
519,3.03588326,10.71764978,2.398805695,74.81934166,72.82543502,1,0.9043710331168182,1,9.56289668831818,CRITICAL
727,5.206692666,6.520374417,1.421918788,86.14716186,85.59809972,1,0.5171695219693718,1,48.283047803062814,WARNING
1089,3.752873212,4.981624263,1.494405197,77.43639432,68.35533106,1,0.364134099534512,0,63.58659004654881,MONITOR
1087,4.294720701,3.272855489,2.086659702,85.17823112,75.42729139,0,0.22226411432893314,0,77.77358856710669,NORMAL
674,4.397314642,7.889572027,2.982720549,75.5581538,82.98429289,1,0.6643742739027172,1,33.56257260972828,WARNING
905,2.102688441,4.803041305,1.430121722,74.71631748,74.19649572,1,0.2780989418458513,0,72.19010581541487,MONITOR
1361,3.245959495,9.446254963,1.552254397,75.0646275,77.93436472,1,0.38147284858932146,0,61.85271514106785,MONITOR
586,2.58412319,8.394562263,5.308963758,75.29371693,73.86968496,0,0.7865371803340208,1,21.346281966597925,CRITICAL
748,3.64895649,5.649686909,3.169166923,77.64931151,69.85330556,0,0.5367624024692965,1,46.32375975307035,WARNING
723,1.772147348,4.389838692,3.527164745,76.48322621,80.76771549,0,0.3687015811353328,0,63.12984188646672,MONITOR
719,3.026764776,3.264012469,1.578630302,77.41443743,78.85884556,1,0.43960792066744775,0,56.03920793325523,MONITOR
1762,1.697487414,4.327845373,2.523371877,86.75034941,82.39321146,0,0.2803826318920855,0,71.96173681079145,MONITOR
680,0.808593578,3.780912195,0.947805614,77.76832404,71.91843029,0,0.4381155469615366,0,56.18844530384634,MONITOR
1214,2.309563731,5.525676394,5.22391449,78.37599639,67.57689872,0,0.3771222801293665,0,62.287771987063344,MONITOR
432,2.015636944,5.119330174,1.441362242,76.92380188,76.34503405,1,0.8072070113341064,1,19.279298866589357,CRITICAL
676,5.154383951,4.014879862,2.983216075,75.10503626,68.77949551,1,0.6867672900170133,1,31.323270998298668,WARNING
545,2.549732538,7.363896237,1.429874869,82.30706268,75.85145949,1,0.8087354482791236,1,19.126455172087642,CRITICAL
895,4.800725605,6.351455817,4.464492988,76.81525711,71.31295568,0,0.4564200321967281,0,54.35799678032719,MONITOR
1034,4.932928284,6.46099674,3.101433789,77.82321132,80.66851074,1,0.3427550356264508,0,65.72449643735492,MONITOR
858,3.004842252,6.754820411,2.47248945,76.35926246,82.40706374,0,0.5166783756288094,1,48.33216243711907,WARNING
667,3.180426546,8.718281463,2.047986646,80.42445588,79.18547658,0,0.6771508096779442,1,32.284919032205586,WARNING
376,1.759965605,6.659509903,1.284918176,77.12301179,74.72708619,1,0.7002243165455022,1,29.97756834544978,WARNING
620,3.501369891,6.664428341,1.536553562,73.42077555,68.81421262,0,0.8888701752603888,1,11.11298247396112,CRITICAL
739,4.166558039,7.624133714,3.125257272,77.73099894,74.48789304,0,0.6830859737659775,1,31.691402623402254,WARNING
902,3.76217455,5.705992191,1.9756067,77.65074317,82.7766593,0,0.3584978216334617,0,64.15021783665382,MONITOR
697,2.555620664,2.301747602,1.472611195,76.24574556,70.00181474,1,0.5158247864868454,1,48.417521351315465,WARNING
761,3.895189758,6.02563478,3.519495446,75.8967582,72.62035299,1,0.7032502004129633,1,29.674979958703673,WARNING
528,2.539986937,5.839284491,5.523076619,83.78133369,83.83260721,1,0.6294582519124152,1,37.054174808758475,WARNING
773,2.094782654,4.682689148,1.702278016,75.90338165,67.17844359,0,0.5992553834992869,1,40.074461650071314,WARNING
874,2.432584852,1.178001895,1.489763643,83.06223824,81.26507069,1,0.33609043713210374,0,66.39095628678963,MONITOR
827,2.318573406,7.648029664,2.747049246,76.31630564,82.29896397,0,0.43820855772781847,0,56.179144227218146,MONITOR
1220,3.646510793,6.136674569,3.597194603,74.12660149,76.95650213,0,0.5391428909017246,1,46.08571090982754,WARNING
634,2.219873604,2.990350899,2.570019258,86.67289819,85.27810458,0,0.4391347220112012,0,56.086527798879885,MONITOR
986,4.999316333,5.259014695,3.135667715,78.243821,68.47054044,1,0.38618842466941944,0,61.38115753305806,MONITOR
825,4.199397656,3.567039978,1.836264777,75.94141293,77.14924976,0,0.2901658244069104,0,70.98341755930896,MONITOR
1158,2.639929297,7.234215331,2.537369498,75.9588563,85.23246296,0,0.479127268922165,0,52.087273107783496,MONITOR
445,5.046547159,8.73534253,2.686817544,75.7140097,75.41850522,1,0.9161568695081728,1,8.384313049182722,CRITICAL
796,4.025948356,3.117686848,5.607101679,77.63236947,79.2337502,1,0.19491869429788278,0,80.50813057021172,NORMAL
437,3.454288778,5.763059063,2.047519268,80.71218685,76.55549808,0,0.8019966184682713,1,19.80033815317287,CRITICAL
504,2.574321761,9.34866557,1.842166442,76.7759218,76.89387887,1,0.8067917811719805,1,19.32082188280195,CRITICAL
499,3.840890143,8.256118489,2.940317629,75.48135127,68.64547938,1,0.8948923984458821,1,10.510760155411791,CRITICAL
622,2.355858582,8.845712538,2.187449515,74.54977258,85.38754423,1,0.6862529075412517,1,31.374709245874833,WARNING
411,3.942370532,6.0775791,3.953888784,86.0604241,89.37432819,1,0.7863794948275088,1,21.36205051724912,CRITICAL
677,2.800350343,10.08942382,1.948073839,87.94827484,77.26707707,1,0.7327779401377978,1,26.722205986220217,WARNING
1683,2.986699362,6.596884526,1.94734331,77.19904135,72.60584423,0,0.40934329716703227,0,59.06567028329677,MONITOR
812,3.244131374,5.075673009,1.042389999,76.43508898,75.24596861,0,0.5906937826739409,1,40.93062173260591,WARNING
585,1.921917373,5.592566379,1.528384208,81.43255335,87.18899473,1,0.5625264596995624,1,43.74735403004376,WARNING
786,5.063058232,5.377826783,1.226460463,77.99798557,81.59266908,1,0.6458146416032212,1,35.41853583967788,WARNING
464,4.351772678,5.83368385,1.533200621,74.12349543,72.25339654,1,0.8766261297466674,1,12.337387025333257,CRITICAL
604,5.292655881,10.988485,1.456399621,84.77787215,84.53834619,1,0.6623487374000329,1,33.76512625999671,WARNING
853,3.248282014,9.107646029,3.872927387,83.31660928,84.10858371,0,0.4972701096472169,0,50.2729890352783,MONITOR
484,4.563868436,6.839701412,1.172364982,75.30026942,75.08714035,1,0.8700313575213581,1,12.996864247864192,CRITICAL
1276,5.481771577,5.348832397,2.470789281,76.5336673,77.49076019,1,0.4559213660897198,0,54.40786339102802,MONITOR
629,4.226210174,7.429740548,3.239842365,83.72510292,79.41139505,1,0.7239936805106881,1,27.600631948931188,WARNING
974,4.381400495,5.454701479,1.851090078,77.5158201,78.65826224,1,0.35165258002939304,0,64.83474199706069,MONITOR
817,1.802659212,11.83786602,1.59932056,76.85877669,75.9698716,1,0.5203198591807654,1,47.96801408192346,WARNING
407,2.060061679,7.772291758,1.721642965,75.74088114,67.70192052,1,0.9530045147166892,1,4.699548528331077,CRITICAL
452,4.437679339,7.026985065,2.968112843,74.13122715,86.98354912,1,0.8716333732874544,1,12.836662671254562,CRITICAL
623,4.240410306,8.099911673,1.147324888,76.24828462,69.80834624,1,0.8455040837794889,1,15.449591622051106,CRITICAL
773,3.10559357,6.041097879,1.778491757,75.16025506,79.58776445,1,0.5667181223856432,1,43.32818776143568,WARNING
563,3.39612656,5.167091159,1.586716185,76.57686263,70.78580695,1,0.763754226918938,1,23.624577308106197,CRITICAL
580,2.509516289,5.618440229,1.792702568,75.3872274,74.81088499,1,0.6889521826603842,1,31.104781733961584,WARNING
1064,3.996541988,4.175112774,1.681153635,76.40521672,74.54625016,0,0.27459728999743116,0,72.54027100025688,MONITOR
942,2.45001906,8.778762588,1.426311966,77.75706931,81.4990576,1,0.38982547673947704,0,61.01745232605229,MONITOR
624,3.640556445,12.3142633,2.356096752,81.58440995,83.2265513,1,0.6627227945966722,1,33.72772054033278,WARNING
656,3.902128056,4.276771741,1.995219809,77.12677207,84.03926057,0,0.5561694018035528,1,44.38305981964472,WARNING
990,2.588415849,4.444074803,1.214079161,83.67638465,70.21416068,0,0.4024079613512441,0,59.75920386487559,MONITOR
983,2.262431298,6.521835644,3.415522659,80.39118402,85.32117413,0,0.3020798336657032,0,69.79201663342968,MONITOR
842,2.265495214,3.142962356,1.155115467,77.9430778,84.73418924,0,0.437625974083451,0,56.237402591654906,MONITOR
612,4.423982658,4.138575869,1.641277407,76.96148222,69.95274653,1,0.5690452974576476,1,43.09547025423524,WARNING
663,4.299483684,8.100869349,2.576427781,77.99252278,73.19981811,1,0.732587598224657,1,26.741240177534298,WARNING
802,2.26317908,3.349223692,2.899872313,76.58041484,84.18325687,1,0.3051842505122931,0,69.4815749487707,MONITOR
770,2.959386039,7.77430313,1.669179447,77.78335442,71.46782485,1,0.7140758210191215,1,28.592417898087852,WARNING
1474,3.74380813,8.641003602,2.244428817,77.39980148,73.75119542,0,0.3590263120125772,0,64.09736879874228,MONITOR
1036,3.392050541,4.343169807,2.739612731,76.18845232,77.41877859,1,0.26519501175925614,0,73.48049882407439,MONITOR
523,2.971650932,6.760780352,4.458813137,75.29382089,88.34669952,1,0.8234453993905281,1,17.655460060947192,CRITICAL
855,0.072614682,5.103394163,1.492319763,74.85706327,74.3888555,1,0.5625946738811125,1,43.74053261188875,WARNING
860,3.034183262,7.996621579,2.489548574,74.65427745,88.94029409,1,0.6626503350413909,1,33.73496649586091,WARNING
1031,4.899692719,4.732332599,1.347354638,78.53583698,77.58817477,0,0.2639602558387619,0,73.6039744161238,MONITOR
816,2.61980496,7.518313857,1.541660397,75.14888441,84.1518014,1,0.4874246003369231,0,51.25753996630769,MONITOR
810,1.948652358,7.204750596,1.307334646,75.84918648,84.83905374,0,0.4353241410843748,0,56.46758589156252,MONITOR
625,1.895038666,7.779938614,2.220258609,76.73819105,84.12310706,1,0.6800484165384278,1,31.995158346157215,WARNING
653,3.080096864,7.673132578,3.201251101,77.57791738,80.55254584,1,0.6498194699436106,1,35.01805300563894,WARNING
838,2.27172625,7.877659828,2.384795048,75.29516283,76.91578061,1,0.46026021440650566,0,53.97397855934943,MONITOR
574,2.34890389,2.270991706,2.736577975,77.47969179,81.48411273,0,0.3783473372644734,0,62.16526627355265,MONITOR
622,2.634259226,5.858383512,2.614017604,81.57370092,80.68101457,1,0.5952108695082121,1,40.478913049178786,WARNING
598,1.798957287,6.728299775,1.275577483,77.70254205,78.20807349,1,0.5816200835452744,1,41.83799164547256,WARNING
751,3.52383619,6.491420535,2.312513763,77.5582872,83.15813041,1,0.5701843221936471,1,42.98156778063529,WARNING
544,4.798385058,4.784787856,2.055494154,77.90543333,83.57307076,0,0.7784570702872312,1,22.154292971276877,CRITICAL
926,0.879409118,5.93137593,2.780942803,77.57952636,85.30602236,0,0.3114079904924002,0,68.85920095075998,MONITOR
838,2.99718143,12.21535239,1.980288606,74.87930529,86.5645428,1,0.5410280620704183,1,45.89719379295817,WARNING
551,5.521328816,6.019316648,3.339069062,77.22262819,77.47832678,1,0.8079720126542337,1,19.202798734576632,CRITICAL
655,2.319822974,0.461502005,2.579275199,82.75458381,83.24062662,0,0.47687832005913466,0,52.312167994086536,MONITOR
785,4.05326969,3.734998698,2.371983199,86.08879153,86.17524135,0,0.3172493584077835,0,68.27506415922164,MONITOR
1068,3.704242939,8.208503267,5.832033524,76.70154733,85.64798208,0,0.5749884008727917,1,42.50115991272083,WARNING
1088,3.295898473,5.272996668,2.351667953,78.14286185,83.71079712,1,0.3330598306558638,0,66.69401693441361,MONITOR
1556,2.187095225,4.858166805,1.467259194,81.91453327,75.02293411,0,0.3562944482191854,0,64.37055517808146,MONITOR
599,5.42544127,4.242472292,2.207523317,77.49400878,73.48468878,0,0.49034235533241155,0,50.96576446675884,MONITOR
664,2.695342438,6.504262966,2.717839066,74.71322674,77.57198357,1,0.6972492784187985,1,30.275072158120153,WARNING
532,3.168403644,10.71063618,1.753076276,73.28430574,76.68116457,1,0.8487906775979965,1,15.120932240200347,CRITICAL
767,5.40062626,3.149538797,1.238246784,75.83523765,72.27791971,1,0.6073123528892761,1,39.26876471107239,WARNING
488,3.164569856,15.83805418,2.840477213,76.80395674,80.20490834,1,0.8360557170583026,1,16.39442829416974,CRITICAL
841,2.141367834,4.033708653,2.934177652,76.10237667,81.37016216,1,0.31372044572089375,0,68.62795542791062,MONITOR
535,2.144110698,5.264463962,2.045720543,77.91578693,82.38843992,0,0.7325368326488838,1,26.74631673511162,WARNING
800,3.496302285,18.01465744,3.147224592,78.58943108,77.63414602,1,0.6500506711927851,1,34.994932880721485,WARNING
974,4.722040849,7.821789945,0.713890267,77.83690395,70.20567862,0,0.43584850663566915,0,56.41514933643308,MONITOR
853,4.049891039,3.748256177,2.696836462,75.82197369,77.81166459,0,0.3535116516811138,0,64.6488348318886,MONITOR
516,2.086523751,4.560966018,5.362472239,73.47803494,82.59214221,1,0.7205825919636821,1,27.941740803631788,WARNING
545,4.830597479,5.358682524,1.018291703,77.10357323,83.76773916,1,0.7930157904836425,1,20.698420951635754,CRITICAL
710,3.759057965,3.677632621,3.265592334,75.95175533,74.42868193,0,0.3817066846820577,0,61.82933153179423,MONITOR
478,2.25237578,4.230198746,3.340481748,82.82703,69.99937118,1,0.619532600313231,1,38.0467399686769,WARNING
471,3.455963915,5.164471367,2.982607835,76.97259395,65.4211955,1,0.7585753011297459,1,24.14246988702541,CRITICAL
672,5.552704725,5.441959485,3.356110096,86.15523544,74.57818593,1,0.5766588600060035,1,42.33411399939965,WARNING
684,2.311274773,5.430210852,6.019936974,78.39018787,72.35259792,0,0.3112810327503111,0,68.87189672496889,MONITOR
425,3.047718665,5.936640716,2.566693617,75.83761244,66.11575554,1,0.9069141314822313,1,9.308586851776868,CRITICAL
871,2.691724928,4.588797525,4.736214618,87.0775076,83.58953465,0,0.27310182949173206,0,72.6898170508268,MONITOR
554,4.43672251,5.434252245,1.091753025,73.93639956,72.90658657,0,0.6950398443196208,1,30.496015568037915,WARNING
1197,2.774249302,6.1347017,3.471146247,82.17334758,80.19478635,0,0.254900020658972,0,74.5099979341028,MONITOR
451,2.57597981,9.877693357,1.812304627,78.40129,76.52962941,0,0.8972411703876422,1,10.275882961235784,CRITICAL
649,3.538076679,4.091974609,0.683524266,75.62243194,72.87630883,1,0.4077284345285197,0,59.22715654714803,MONITOR
811,2.831072786,5.539920938,2.886171818,84.23597159,72.30544641,1,0.31371187785985183,0,68.62881221401483,MONITOR
1641,2.455733669,5.988370031,2.515931057,75.6093624,83.83367834,0,0.26317145157485095,0,73.68285484251491,MONITOR
526,3.784461579,5.071793624,3.200291888,77.09604338,73.13486589,0,0.7517583974383986,1,24.824160256160145,CRITICAL
432,2.343959025,10.06437538,2.122863255,79.39111376,79.57090677,1,0.8245916730921812,1,17.540832690781883,CRITICAL
1080,3.041927981,3.962894236,1.094556762,76.9769665,81.00673204,0,0.26686862907956027,0,73.31313709204397,MONITOR
762,3.902440655,5.711929666,2.324017903,76.13682327,74.28364929,1,0.5879313980547478,1,41.20686019452522,WARNING
1666,5.605134844,9.34261027,1.137097262,76.5896838,73.48512756,1,0.5559066534924697,1,44.40933465075303,WARNING
725,3.274450159,6.924433031,3.596950639,76.56453588,80.65373391,1,0.5792573759116803,1,42.07426240883198,WARNING
889,2.212142159,3.851419107,1.923154558,77.42955086,84.17780304,0,0.21311455737723844,0,78.68854426227617,NORMAL
696,3.094163372,8.291815546,1.221728774,77.17969299,73.62439552,1,0.7750939405763954,1,22.490605942360464,CRITICAL
532,3.439435451,4.104356248,2.056809663,74.57064059,72.14177311,1,0.8797157028473637,1,12.028429715263634,CRITICAL
1047,3.278016238,5.464595691,1.459753677,77.39866035,81.76660802,1,0.4493682667713379,0,55.06317332286621,MONITOR
909,2.959261907,11.41890055,2.02546854,82.86727299,71.51373074,0,0.5745163304168845,1,42.54836695831155,WARNING
501,3.67406453,4.099890523,0.857548338,77.40669105,77.86535089,1,0.6594449491223175,1,34.055505087768246,WARNING
1213,2.212465582,6.626780002,1.399535209,78.16528408,85.85754051,0,0.3562673000898653,0,64.37326999101347,MONITOR
640,3.134981046,4.86473238,1.52915882,78.22159539,88.33477347,0,0.5939829996374967,1,40.601700036250335,WARNING
890,4.189697134,7.303443512,4.144200227,80.83081287,90.27947569,1,0.4705899736710375,0,52.94100263289625,MONITOR
460,5.352709758,15.66960032,5.069090606,77.60033437,84.64690494,1,0.7996677049878913,1,20.03322950121087,CRITICAL
681,2.574186649,4.985670849,3.52087166,74.01549036,81.6780879,0,0.747562156309144,1,25.2437843690856,WARNING
1488,3.575575038,5.193992295,3.046895598,78.69122654,79.47526981,0,0.2511613147814198,0,74.88386852185802,MONITOR
588,0.074388453,5.205818528,1.925694585,75.54929545,91.0418989,1,0.588084179515914,1,41.191582048408605,WARNING
647,3.868075726,10.32296621,0.922261835,76.86278805,75.05879754,1,0.6794986094620071,1,32.050139053799285,WARNING
748,3.796844566,6.261971924,2.611856621,76.32795052,68.19301448,0,0.6474091627441508,1,35.259083725584915,WARNING
651,3.990827342,7.889435394,1.558187376,74.26743363,79.81730819,1,0.7302895292781776,1,26.97104707218224,WARNING
563,2.951490743,5.945932057,1.225631667,76.8107505,81.06369821,1,0.7411524630773936,1,25.88475369226064,WARNING
932,2.925950837,6.020245126,1.686123935,75.75442901,74.69902169,0,0.5571546243528606,1,44.28453756471394,WARNING
1103,4.463199925,10.46506965,2.857144498,74.97128286,81.06884021,1,0.5396836885908445,1,46.03163114091555,WARNING
1143,3.180435983,5.244079487,1.889731217,76.35757427,75.04990589,0,0.42092998712945645,0,57.90700128705435,MONITOR
728,2.483021887,6.562360645,1.72643451,74.17618041,76.73653723,1,0.6063988313176079,1,39.36011686823922,WARNING
1583,2.641845971,9.120584963,1.685172468,84.67264939,72.48206694,1,0.36018599503836096,0,63.9814004961639,MONITOR
602,3.184080627,3.225427372,3.040180501,77.44185831,78.99086971,1,0.4986253692920785,0,50.137463070792144,MONITOR
704,2.354366317,4.910113654,1.231678332,77.22430068,82.85173393,0,0.43092048129233423,0,56.90795187076658,MONITOR
805,2.258197819,4.617645613,2.757661407,76.22579387,81.26034236,1,0.35499425547241015,0,64.50057445275898,MONITOR
518,4.86285687,3.71893686,2.630116962,77.46924689,83.72439214,1,0.7619296097480027,1,23.807039025199728,CRITICAL
1216,2.275986638,4.950498431,1.283623605,80.78952655,75.96235519,1,0.2897687848745591,0,71.02312151254408,MONITOR
886,5.575241418,6.725662277,1.512086131,78.09910894,84.02326042,0,0.5443629600613734,1,45.56370399386266,WARNING
747,3.829154757,5.924114088,1.718855588,82.83787964,76.58814308,1,0.582707666656545,1,41.729233334345494,WARNING
684,4.003913872,6.246988519,1.600694078,76.73741329,76.86246912,1,0.652758435013241,1,34.724156498675896,WARNING
795,5.62163823,5.188928595,1.711340371,78.0345056,79.7525262,1,0.5962069968620369,1,40.37930031379631,WARNING
759,2.872575435,6.886894878,1.777265353,76.66400559,89.85356063,1,0.6274004711915168,1,37.259952880848324,WARNING
540,2.30983643,7.557710135,4.30899781,74.44684439,73.21877354,1,0.8840982242555626,1,11.59017757444374,CRITICAL
902,4.256878914,5.985400883,2.491388226,76.7447783,72.64798911,1,0.4416651134840936,0,55.833488651590635,MONITOR
496,3.392706434,9.544493962,2.00739048,75.5739555,91.23603398,1,0.8047729332570743,1,19.522706674292568,CRITICAL
705,3.739217214,14.71173613,1.702052451,76.90291581,85.71156916,0,0.6861636060484659,1,31.383639395153406,WARNING
762,4.371894895,4.789459977,3.444749322,77.80326988,74.42402149,1,0.5324977690136534,1,46.750223098634656,WARNING
861,3.162280618,7.095230189,1.153937896,76.16938091,80.67476609,0,0.5329684856236251,1,46.703151437637494,WARNING
997,2.403140819,6.784254141,1.656750126,74.34175471,80.98924513,1,0.47632312839698643,0,52.36768716030136,MONITOR
564,2.445384162,6.942508227,2.086280129,77.70679803,71.84877274,0,0.5194649558970871,1,48.05350441029129,WARNING
388,2.850905376,6.263801715,2.042257117,75.56148093,74.96998004,1,0.9415812582623114,1,5.841874173768858,CRITICAL
385,3.035209864,7.024723557,1.247847697,77.35783511,71.70699164,1,0.9171150600011941,1,8.288493999880586,CRITICAL
480,3.318197343,13.61420633,2.655872572,82.11663747,83.53791795,1,0.800660356031168,1,19.933964396883198,CRITICAL
1245,2.96657085,4.066399357,1.773298216,76.08947203,82.61735916,0,0.3379472812975443,0,66.20527187024557,MONITOR
608,2.424684271,9.478545185,2.214676658,73.81301412,72.14040123,1,0.714160793693382,1,28.583920630661797,WARNING
1583,2.722098662,9.863675599,2.213842039,75.91929284,74.76160272,0,0.5363733737422061,1,46.36266262577939,WARNING
997,4.644626094,2.495695063,1.805796602,75.66443527,71.45451683,1,0.3039974780917383,0,69.60025219082617,MONITOR
579,4.50759446,10.26737618,1.329998773,73.31344889,77.69321377,1,0.7526111397462953,1,24.738886025370466,CRITICAL
474,3.812962184,13.47269348,1.666001839,77.83846454,74.42418421,1,0.8630289666245113,1,13.697103337548866,CRITICAL
812,4.576275395,10.6251349,5.935178951,76.94146845,84.97356476,1,0.46645069792957355,0,53.35493020704265,MONITOR
831,2.180286315,4.95452369,2.583157739,78.78453833,82.55517651,1,0.39650037059056825,0,60.34996294094317,MONITOR
856,1.812763159,7.534508323,3.039460836,77.79000196,70.94994596,0,0.38196711566178143,0,61.803288433821855,MONITOR
802,2.278241841,3.752841106,2.303319136,85.15939868,78.84995324,1,0.30717331335195586,0,69.28266866480442,MONITOR
942,3.943523873,14.74318387,2.940608024,73.04145895,72.74294581,1,0.6063672368818561,1,39.36327631181439,WARNING
1025,3.231549875,6.209457359,1.528579611,75.59001223,82.17597614,1,0.39085679004281365,0,60.914320995718626,MONITOR
581,2.261828371,5.727146046,1.778302497,75.46997744,68.78447465,0,0.7673093079257598,1,23.26906920742402,CRITICAL
609,2.802694031,6.803847893,2.751222416,81.2031713,70.24619633,1,0.703399792258893,1,29.660020774110695,WARNING
610,3.950713253,6.62504665,1.276062663,77.75628566,73.14524332,0,0.718376562100205,1,28.162343789979506,WARNING
451,3.109141965,6.26556278,2.296102185,74.48105414,79.51673024,1,0.9325355025228722,1,6.746449747712779,CRITICAL
631,4.539316874,2.302143509,3.612217233,76.32819678,80.70743115,1,0.5564159233734689,1,44.35840766265311,WARNING
655,4.058542035,5.216857649,1.872693866,89.02943709,78.48237891,0,0.48395429616532243,0,51.60457038346775,MONITOR
512,2.380070615,7.119713508,1.682810048,76.01631228,84.81422366,1,0.7305684571803504,1,26.943154281964965,WARNING
625,2.788693068,8.0205031,4.830511035,74.45254754,80.36309737,1,0.8599013267295368,1,14.009867327046322,CRITICAL
451,4.165669711,8.219174415,2.350541454,77.01368839,78.98487483,1,0.8702843739068707,1,12.971562609312926,CRITICAL
956,3.875586022,3.548484684,2.334707575,77.34767563,78.12339988,1,0.20937765912176343,0,79.06223408782365,NORMAL
840,1.968734217,5.433646975,5.136171165,76.68647322,77.26307437,1,0.38559963182040424,0,61.44003681795957,MONITOR
592,4.255966585,8.448575694,2.945151001,75.22788929,80.52925722,1,0.6757894611023763,1,32.421053889762376,WARNING
920,4.437702686,5.727895687,2.189096693,76.16482502,67.48613171,1,0.3696185060495395,0,63.03814939504605,MONITOR
718,4.146451935,9.221970101,1.306611846,75.65297213,76.47109443,1,0.7103313622955741,1,28.966863770442586,WARNING
839,2.721369438,15.65932035,2.012411617,74.88821275,83.09731822,0,0.6203390638099129,1,37.96609361900871,WARNING
1108,2.540678994,15.56363278,2.89225561,76.16079686,82.63433309,1,0.512582970398462,1,48.7417029601538,WARNING
786,2.974823954,11.55144474,1.530399576,75.36831263,73.43334534,1,0.6727917517054216,1,32.72082482945784,WARNING
395,2.386394543,7.870874858,1.663227312,77.00812251,70.04841189,1,0.8895224522607291,1,11.047754773927087,CRITICAL
360,2.074077041,4.259914045,2.877708403,77.07505853,85.62644057,1,0.7481685308667586,1,25.18314691332414,WARNING
654,2.800645508,5.335720089,1.733348995,78.4023501,72.27298938,0,0.5038776494584992,1,49.61223505415008,WARNING
749,2.979231929,7.833728233,1.583677812,79.24649978,69.56593689,1,0.6330296358573139,1,36.69703641426862,WARNING
1047,3.386786631,5.842954974,2.06623147,76.69355977,79.3184743,0,0.4246759400461057,0,57.532405995389425,MONITOR
634,3.960689877,6.472472233,3.328597529,74.4985932,74.79536457,1,0.8042863085679952,1,19.571369143200478,CRITICAL
600,4.278541988,2.001995301,1.985394647,79.87992359,86.59306432,0,0.6616365618434316,1,33.836343815656846,WARNING
555,2.866098366,6.786419001,1.851215269,83.53537684,70.52617595,1,0.7601917990395332,1,23.980820096046685,CRITICAL
1066,4.300641595,4.384580287,2.061386065,77.1982819,77.74588995,0,0.20008965190852268,0,79.99103480914773,NORMAL
610,2.740986267,12.88477401,1.086893448,74.77718569,87.58111623,1,0.7886899405903115,1,21.13100594096885,CRITICAL
401,3.255138217,5.036638576,1.345099306,75.67767399,76.06946603,1,0.9036492725301385,1,9.63507274698615,CRITICAL
499,3.843346145,5.845723857,3.179855249,77.87633614,77.96101345,1,0.6190114485934163,1,38.09885514065837,WARNING
876,0.864577095,7.08076952,0.346250886,77.34959813,80.85344052,0,0.6020558547177985,1,39.794414528220145,WARNING
570,2.562449729,3.175164251,1.144737641,77.18679384,83.42814613,1,0.6621820571820284,1,33.78179428179716,WARNING
794,2.160988013,3.404812254,1.935703748,76.341198,78.0077499,0,0.3104506564382246,0,68.95493435617755,MONITOR
549,2.439854101,9.908334176,2.689380517,76.66515399,78.87515957,0,0.7869122445634239,1,21.30877554365761,CRITICAL
928,5.386557468,9.21364139,1.870712499,88.58926038,68.17733079,0,0.6089372558594359,1,39.10627441405641,WARNING
1552,4.123065691,2.927521069,1.431929449,77.84717961,79.71849425,0,0.27561878478051677,0,72.43812152194833,MONITOR
829,2.745890152,6.401341094,1.595476254,76.59437988,77.03523761,0,0.464620846838987,0,53.537915316101305,MONITOR
1164,3.845279097,7.092579384,3.146211481,78.37333395,84.0294953,1,0.22663828837524774,0,77.33617116247522,NORMAL
872,2.208564187,6.479354416,3.178273448,76.93227171,72.04843235,0,0.4523690082492852,0,54.763099175071474,MONITOR
989,3.569974743,6.329313993,5.596626072,77.48132959,89.2232492,0,0.3901227658706438,0,60.987723412935615,MONITOR
439,4.177911598,4.912298773,1.917230229,76.60795562,85.64628029,1,0.7689780542265288,1,23.102194577347124,CRITICAL
776,5.132012302,5.913810384,1.180423457,78.64373206,80.29414013,1,0.6410622187405141,1,35.89377812594859,WARNING
496,4.845074483,15.46040695,2.552628819,76.18925782,82.93016446,1,0.8063219807936467,1,19.36780192063533,CRITICAL
975,3.473425883,5.409861023,0.625455092,76.12227539,71.31272955,1,0.46423762319263945,0,53.57623768073605,MONITOR
914,3.586253409,4.453000127,2.676788188,85.09802601,92.17334001,1,0.5105681762858688,1,48.943182371413116,WARNING
578,5.278344578,7.333443879,1.529085162,78.56051429,69.25059097,1,0.802814356547634,1,19.7185643452366,CRITICAL
789,2.358753209,7.46802028,1.546746669,78.24764432,85.1683479,1,0.49489150236469326,0,50.51084976353067,MONITOR
770,2.775252965,8.672610595,1.886742372,76.6906737,83.41186936,0,0.6228662601088546,1,37.713373989114544,WARNING
629,4.565178524,7.415677098,2.336813346,74.38361813,71.83962579,1,0.8963687197007476,1,10.363128029925239,CRITICAL
525,4.571708551,8.392399638,1.507325641,78.13850569,78.71295511,1,0.7776868559940366,1,22.231314400596336,CRITICAL
1045,2.749453277,6.422872779,1.437082406,77.2045225,70.87909159,0,0.5127032874136132,1,48.72967125863868,WARNING
620,2.660636198,3.872604107,2.439496373,73.84953092,76.90369408,1,0.5855326200593529,1,41.446737994064705,WARNING
625,2.96802569,5.047094978,1.357292873,77.69923577,79.62374487,1,0.5465994463045027,1,45.340055369549724,WARNING
562,5.114448156,5.882420257,2.787375962,75.00215791,76.90454863,1,0.848507030393384,1,15.149296960661596,CRITICAL
893,2.424874851,6.214017663,2.811960319,76.44351827,77.96873971,0,0.3900641378952293,0,60.99358621047707,MONITOR
1168,2.671261342,8.066906803,0.27211253,76.96814311,85.47039534,1,0.47435555096362025,0,52.56444490363798,MONITOR
541,1.671085497,8.348686948,1.52732712,73.88506139,73.08405268,1,0.8339101431351407,1,16.608985686485934,CRITICAL
403,2.694817558,7.459211088,2.579977514,75.96376822,74.26298365,1,0.9058939344849761,1,9.410606551502386,CRITICAL
602,2.436872664,5.890300123,3.492857144,74.48951182,70.2731726,0,0.8812920538607869,1,11.870794613921309,CRITICAL
1016,1.917978789,4.834478022,1.492071738,74.42001874,77.46949502,0,0.3490119561646793,0,65.09880438353207,MONITOR
762,3.730869274,5.666514679,1.685767014,75.10645653,68.96531069,1,0.6684358994079591,1,33.15641005920409,WARNING
668,2.541819792,5.145479719,3.114428463,75.49389021,70.38139692,1,0.5561151613735839,1,44.388483862641614,WARNING
915,4.397695058,5.189004631,2.269968472,77.23915076,85.06969864,1,0.3665322853891556,0,63.34677146108444,MONITOR
756,5.055389108,7.107928666,1.827730644,75.6826248,80.87201861,0,0.6925503331997181,1,30.744966680028185,WARNING
977,2.309873752,3.447025904,3.175855835,83.31553012,88.46627477,0,0.23812012288983028,0,76.18798771101697,NORMAL
619,2.023338724,3.685534594,1.489228267,77.43153652,70.8075022,0,0.40116662973950595,0,59.8833370260494,MONITOR
761,3.419064964,5.35965649,1.638043005,75.93628293,70.42744757,1,0.6547501763834421,1,34.52498236165579,WARNING
1172,2.053936106,8.319995213,2.603505647,76.96952317,82.60795186,1,0.44463820282411426,0,55.536179717588574,MONITOR
1210,4.546552377,6.323201898,2.387134959,75.29255898,83.32884627,0,0.49233934014358177,0,50.766065985641816,MONITOR
895,4.04799655,3.554482477,1.944351519,77.47287399,70.27833185,1,0.22793048680725841,0,77.20695131927415,NORMAL
1094,2.996352818,6.615728966,3.461103538,75.4990864,79.92480773,1,0.4981629090848808,0,50.18370909151192,MONITOR
913,2.915025235,5.080160726,2.491701363,78.40311683,68.63016264,1,0.4091152432010905,0,59.08847567989095,MONITOR
555,4.796375144,7.075026944,2.279317203,74.63029606,74.49854035,1,0.9000495088806059,1,9.995049111939414,CRITICAL
405,2.289350522,3.830845047,3.452194938,76.56466959,87.0224273,1,0.7969560916730024,1,20.30439083269976,CRITICAL
388,3.031357364,7.770303303,2.937207441,76.55025017,77.87662873,1,0.9422643679190783,1,5.7735632080921695,CRITICAL
1340,5.038853124,6.163269006,2.579854581,77.88559699,68.55487059,1,0.4204282765840321,0,57.95717234159679,MONITOR
718,2.907221465,5.943261138,1.790098172,75.29469123,75.92380777,1,0.7464654670007648,1,25.353453299923522,WARNING
742,3.69827034,6.027755682,2.379815518,83.13041692,90.47910949,1,0.5590652262501449,1,44.09347737498551,WARNING
609,3.558614497,6.447666352,3.2803613,82.90727128,76.03784643,1,0.7076443976054948,1,29.23556023945052,WARNING
530,3.991913424,4.113003643,1.893771303,87.79953269,90.58485098,1,0.6951189948969095,1,30.488100510309046,WARNING
835,2.348241784,3.634149838,1.362930703,76.54961895,75.53986392,0,0.36870626176746124,0,63.12937382325388,MONITOR
823,2.080203637,7.236541038,2.573919401,77.34109804,81.94345215,0,0.40916069715132936,0,59.08393028486707,MONITOR
561,3.870979136,5.620912003,1.643562166,76.8557264,76.21924468,1,0.733281916118989,1,26.671808388101105,WARNING
780,2.684925607,1.896517989,2.679222533,75.1749196,78.6049246,1,0.596675194524326,1,40.33248054756739,WARNING
1450,2.529041926,6.085343995,2.706177357,76.53621435,78.43448051,0,0.3491680931968653,0,65.08319068031348,MONITOR
448,2.245430469,5.191741366,3.244762943,81.03165788,79.03386903,1,0.7402347518876428,1,25.976524811235723,WARNING
532,4.799351102,8.365104215,2.447521171,76.01706982,69.57553833,1,0.9287494968617063,1,7.125050313829373,CRITICAL
1123,3.596865898,5.056221015,3.050391789,83.48153818,79.14113899,0,0.31224829122443437,0,68.77517087755656,MONITOR
1120,5.416679446,11.59529146,3.170719369,78.26442667,84.14928489,0,0.4006707775201004,0,59.932922247989964,MONITOR
455,2.395878838,5.742823017,3.019935052,75.6190696,84.86939209,1,0.8536647555936273,1,14.633524440637268,CRITICAL
792,2.401991051,8.378783825,1.092356557,77.32350571,87.15892739,1,0.4388419193104438,0,56.115808068955616,MONITOR
519,5.241496136,4.874745643,2.601024647,76.48539604,70.44076513,1,0.8907154269550432,1,10.928457304495677,CRITICAL
1111,3.892717064,12.73410344,5.373415713,75.61163852,78.2390519,1,0.586368439170478,1,41.3631560829522,WARNING
412,1.827247428,6.223716122,2.747456932,80.5307212,74.30270684,1,0.7861510172099555,1,21.38489827900445,CRITICAL
720,3.924156747,8.380638912,2.38054827,76.51248916,80.574479,1,0.6883227904933137,1,31.16772095066863,WARNING
1403,3.094966531,3.454279826,1.915841385,76.89774795,73.76831159,1,0.22367968585226577,0,77.63203141477342,NORMAL
480,4.188631419,5.825464461,1.368934175,75.65625914,64.94495145,1,0.8791911239425168,1,12.080887605748325,CRITICAL
586,2.178991486,6.315622759,1.338929646,77.16665971,80.20819277,0,0.6362413170264556,1,36.375868297354444,WARNING
623,3.998784629,6.043227847,3.547164375,74.11732181,68.50190558,1,0.8292542606324367,1,17.07457393675633,CRITICAL
450,2.175625385,5.677933074,1.058546916,85.83488123,81.02474343,1,0.7283157958378711,1,27.16842041621289,WARNING
575,2.997144675,7.105362156,1.690358972,75.70285211,73.99519154,1,0.7955067068158765,1,20.449329318412346,CRITICAL
746,4.569531768,3.174606377,2.716643858,76.01734712,87.73221093,0,0.40504260988541524,0,59.49573901145848,MONITOR
797,5.0698356,5.83565056,3.6396676,76.44313193,75.50203105,1,0.5060882582827592,1,49.39117417172408,WARNING
382,4.661029758,4.120781343,2.09185852,75.39416696,75.3483887,1,0.9048423248651024,1,9.51576751348976,CRITICAL
504,2.171171375,6.410808049,1.802261831,76.53942706,82.91259072,1,0.7751353445779586,1,22.486465542204137,CRITICAL
688,2.959549066,5.228888441,2.534278457,75.02687137,74.09677084,1,0.7501514139338669,1,24.984858606613315,CRITICAL
815,1.816446189,4.208749216,1.565314437,73.95990155,88.01337839,0,0.5623433162824051,1,43.76566837175949,WARNING
482,3.674204291,9.639304077,1.911037573,75.59333828,80.58388433,0,0.8650259066287176,1,13.497409337128241,CRITICAL
720,4.316608199,5.291694542,2.240667199,76.62736199,77.31924252,1,0.6003277648961063,1,39.967223510389374,WARNING
852,3.479871572,12.41410327,1.676735158,76.79617259,76.51260302,0,0.5605380215656837,1,43.946197843431634,WARNING
499,4.56508238,17.62938744,3.653318042,76.71846006,78.14891709,1,0.8211358660804373,1,17.886413391956268,CRITICAL
910,3.880492949,8.84895882,1.473932895,81.16907837,72.7695742,0,0.42627478220174636,0,57.37252177982537,MONITOR
854,3.216400732,4.198578609,1.952183175,81.47928071,81.44921087,1,0.2582451897642147,0,74.17548102357854,MONITOR
504,3.775245979,3.962480441,2.038647212,75.56431251,80.42142145,1,0.8252099962596811,1,17.479000374031894,CRITICAL
718,2.982639554,7.285500327,1.241435861,74.00956199,83.4151669,1,0.7552312205936035,1,24.476877940639653,CRITICAL
697,5.038159793,4.552153162,1.556843925,78.50525333,83.4154539,1,0.42790809014703013,0,57.209190985296985,MONITOR
699,2.525395909,4.161114785,1.418947591,78.5559613,82.46686315,0,0.4081407586724542,0,59.185924132754586,MONITOR
966,2.50652877,8.50426337,1.64793681,77.78895097,75.96578572,0,0.4974581861406433,0,50.25418138593567,MONITOR
831,4.535839539,8.01655553,1.105841038,77.28436917,81.5955806,0,0.5224691569304565,1,47.75308430695435,WARNING
866,4.850334316,6.149134497,2.634194616,77.54187474,75.47166269,1,0.5143874550875128,1,48.56125449124872,WARNING
1652,3.276245008,8.090186544,2.27821856,76.6395449,89.76042579,1,0.5600169137869557,1,43.998308621304425,WARNING
736,3.19847276,4.58339035,3.707144626,75.74553945,86.94708644,1,0.4491192177379903,0,55.08807822620096,MONITOR
657,3.930378865,6.300935462,1.583625337,78.52986988,77.53383494,1,0.4617403165974892,0,53.82596834025109,MONITOR
684,2.379987774,4.710309579,3.102947351,82.74732045,89.73174604,1,0.4505702155296675,0,54.942978447033255,MONITOR
508,3.169844063,3.841874312,2.83566815,84.27288665,86.71645613,1,0.6929382015390615,1,30.70617984609385,WARNING
1551,2.92936287,7.510511882,0.912505794,86.14020157,73.24199777,1,0.35469729527297433,0,64.53027047270257,MONITOR
1118,2.828898336,9.016960732,2.368223015,77.51063924,81.01731441,0,0.40516845221263015,0,59.48315477873698,MONITOR
1272,2.687719712,3.040153871,1.541550704,75.34323892,78.3657628,1,0.3485173776333064,0,65.14826223666937,MONITOR
1656,2.271249826,8.630568482,2.309076053,84.5446806,73.21575822,1,0.2688733526542007,0,73.11266473457994,MONITOR
569,1.754732265,6.863574417,2.336859763,77.20916174,66.83489709,1,0.7235746266803254,1,27.642537331967464,WARNING
456,2.26008444,9.134608351,2.609083728,75.92510217,78.83937939,1,0.8796931486825824,1,12.030685131741759,CRITICAL
1169,3.151479367,10.44517098,2.76279662,74.0820746,77.76883687,1,0.5194050027117231,1,48.059499728827696,WARNING
1311,2.926143711,7.506747179,3.529999421,75.73815391,70.60785269,0,0.5629828026094456,1,43.70171973905544,WARNING
469,2.673557939,14.27297737,4.729907381,77.59553533,90.66912278,1,0.7699636387181062,1,23.003636128189374,CRITICAL
525,3.419548991,8.895122524,3.533195232,78.28796501,76.65722887,1,0.7422463643357653,1,25.775363566423472,WARNING
627,2.942468696,14.30072654,2.969665866,76.78747385,72.9812732,1,0.75875379535367,1,24.124620464632997,CRITICAL
786,4.450374339,11.26051884,2.502196729,78.42448991,85.18110998,1,0.4361473407127836,0,56.38526592872164,MONITOR
1207,2.473926949,4.876040461,5.100204475,77.10901553,79.04195383,0,0.2125375791327052,0,78.74624208672948,NORMAL
430,2.518882277,10.99146808,1.776370249,76.54898725,71.55566801,1,0.9206736452961485,1,7.9326354703851525,CRITICAL
793,2.821572459,6.002648705,0.97659578,79.91955699,76.38966654,1,0.6010275396470656,1,39.89724603529344,WARNING
728,4.022370177,6.326276563,1.787127785,76.27296314,85.25258098,0,0.686560168308944,1,31.343983169105606,WARNING
801,2.267446496,6.792510286,3.172531284,74.19080658,65.63540652,1,0.7793294031008685,1,22.067059689913147,CRITICAL
1063,2.732093094,8.830228149,1.453048376,77.24416728,84.34036257,0,0.4169584685265544,0,58.304153147344564,MONITOR
424,3.315975474,12.24596063,2.796839353,77.78459899,84.90784384,1,0.8564068667225649,1,14.359313327743505,CRITICAL
580,4.721038531,2.671087409,2.027199938,77.96260907,68.3447578,1,0.6439093065650499,1,35.609069343495015,WARNING
657,4.018662309,17.29971058,2.806701111,77.85501834,75.76424504,1,0.6745898511209861,1,32.54101488790139,WARNING
1322,2.630959263,5.043802657,2.103667865,87.59987743,82.22481347,0,0.32406959527488854,0,67.59304047251115,MONITOR
1367,4.40677012,6.31802953,2.026014414,77.22415923,80.28492487,1,0.33115891698957367,0,66.88410830104263,MONITOR
1295,2.983157708,6.009093252,2.386411869,77.60476305,87.13975426,0,0.34079868831706056,0,65.92013116829393,MONITOR
690,3.399079825,7.637934154,2.370713117,76.38392716,84.2055828,1,0.7518079106496927,1,24.819208935030733,CRITICAL
1112,2.250585041,5.081113924,2.957316404,76.84663615,80.59966846,1,0.31828928277603774,0,68.17107172239622,MONITOR
539,2.990570627,5.297053166,1.465857493,77.65835238,71.1535119,1,0.6970757871603106,1,30.29242128396894,WARNING
1109,3.861192181,5.431292095,1.863153649,75.51064475,83.35677612,0,0.37803168506838847,0,62.196831493161156,MONITOR
687,3.733330298,2.563077083,3.479323192,84.44701027,80.8734515,1,0.3648837100696203,0,63.511628993037974,MONITOR
764,3.062610487,4.620158063,1.408026221,77.37202096,73.75508941,1,0.4577661428666107,0,54.223385713338935,MONITOR
544,2.225681931,6.579937807,4.557140936,82.91484351,77.46891541,0,0.6473186554820003,1,35.26813445179997,WARNING
755,3.253803817,7.125032211,2.519220807,80.10742547,82.94269649,1,0.6016792010206291,1,39.83207989793709,WARNING
588,2.012411883,5.725321745,1.6983881,76.56767316,83.39370254,1,0.6578677984376481,1,34.21322015623519,WARNING
576,2.932351549,8.460725469,1.101725937,79.88917851,83.97374782,1,0.8323089696365029,1,16.76910303634971,CRITICAL
531,3.749705374,6.846375195,2.301628777,81.12027614,88.87911467,1,0.727330439415325,1,27.266956058467496,WARNING
620,4.08514602,5.916181451,1.930710586,83.6424668,88.31262822,1,0.6166319545974277,1,38.33680454025723,WARNING
576,3.673601664,7.856399123,2.241272103,77.51247321,70.90585913,1,0.8122738492212572,1,18.772615077874278,CRITICAL
882,3.981533952,4.610831822,4.091421996,78.32478938,80.38853883,1,0.2868095578751716,0,71.31904421248284,MONITOR
548,2.555122899,3.877436861,1.207922933,77.29869075,70.80229862,1,0.7102714115412226,1,28.972858845877735,WARNING
530,2.607135091,13.99531364,1.383003319,76.93266984,77.03445306,1,0.8289976058607285,1,17.100239413927156,CRITICAL
1296,4.113971396,6.912401348,2.804133723,78.44885597,75.21912644,0,0.36361515014289264,0,63.63848498571074,MONITOR
1085,3.923719373,7.709005919,2.540565066,84.81253708,76.12817074,1,0.4464493371547701,0,55.35506628452299,MONITOR
399,4.485391132,6.595841078,4.638409776,76.42911255,82.1181616,1,0.8411823357114413,1,15.88176642885587,CRITICAL
1180,2.460076949,6.457549329,3.614911618,78.68448438,82.55082831,0,0.30924252026875415,0,69.07574797312459,MONITOR
891,4.545147956,5.643224045,1.993759914,77.67717557,83.8012171,0,0.4443624424164527,0,55.56375575835473,MONITOR
693,5.05222594,5.793151598,5.394945471,76.88139578,81.9935668,0,0.5561963649970636,1,44.38036350029364,WARNING
674,3.89866677,8.057320477,2.319933048,76.87049009,81.71286365,1,0.6681031238707394,1,33.18968761292606,WARNING
857,4.286136513,5.921750523,4.607548835,81.19605828,84.86748942,1,0.3389772007083031,0,66.10227992916968,MONITOR
512,4.40164054,5.060681844,2.088040003,76.25523985,71.78514863,1,0.8180910835934886,1,18.19089164065114,CRITICAL
751,5.241501973,6.348413014,3.381514307,74.91528406,79.17163058,1,0.6658978514999021,1,33.41021485000979,WARNING
1171,4.570798118,4.343651653,1.748957329,75.42177737,74.1762436,0,0.44294890880359833,0,55.70510911964017,MONITOR
502,3.160874609,0.809682825,2.906138582,77.23679879,80.53793117,1,0.5226231474936841,1,47.73768525063159,WARNING
1560,4.548735665,5.483256787,1.20588314,77.43196302,75.38085303,1,0.5353673055586,1,46.463269444139996,WARNING
619,3.862519084,4.373864709,3.863971237,82.47865034,85.29220486,1,0.5497291605312323,1,45.027083946876765,WARNING
954,4.844505643,6.593706259,3.692970433,78.27840696,66.63542152,0,0.5341430148816374,1,46.58569851183626,WARNING
1164,1.77694736,4.55955391,1.293648198,76.66128551,76.76576713,0,0.3401271360434621,0,65.98728639565378,MONITOR
798,4.120380739,3.625529849,1.391566967,87.01491209,85.81851363,1,0.35021538499252264,0,64.97846150074773,MONITOR
1021,2.692710252,12.7151717,1.860795203,77.12573223,81.02396772,0,0.4875484984205361,0,51.2451501579464,MONITOR
697,4.887764013,7.591965711,2.808834596,78.31201089,81.57554591,1,0.6331800190404989,1,36.68199809595011,WARNING
1063,3.144256422,10.20994313,2.217800461,73.45604981,85.34920021,1,0.5763154665170266,1,42.36845334829734,WARNING
468,4.575782575,4.213051193,1.740869163,77.35780162,77.80614862,1,0.7663475759573853,1,23.365242404261465,CRITICAL
877,3.805873676,7.246892665,1.430572128,76.45273967,75.49076036,0,0.49962949015056135,0,50.03705098494387,MONITOR
448,1.989825217,4.281498054,1.566687856,74.42308154,73.52143818,1,0.7906186991246227,1,20.938130087537733,CRITICAL
903,2.367511939,8.953232306,1.126427803,75.40819095,88.85491357,1,0.4092321628108882,0,59.07678371891119,MONITOR
1171,5.164737741,3.669186338,2.892011434,75.76077506,82.34765934,1,0.4814184739141333,0,51.85815260858667,MONITOR
632,2.14858409,4.534232249,2.992974786,80.96468309,81.84145568,1,0.5419775565259497,1,45.80224434740503,WARNING
710,3.103973707,6.018942033,2.760436563,75.78997417,78.95074076,1,0.6861406376532527,1,31.385936234674727,WARNING
1271,4.57067803,6.655297065,0.921578751,75.69911069,75.44371405,1,0.4595482987420875,0,54.045170125791245,MONITOR
615,3.963868631,4.461234717,1.446262676,76.70195595,73.03283435,0,0.5735508208960316,1,42.64491791039684,WARNING
866,2.345832138,11.70649272,3.439078885,75.44865592,71.87998134,1,0.5950768266350982,1,40.49231733649018,WARNING
597,3.11076313,8.555631926,1.940279356,74.87208213,78.19222764,1,0.7510098003062702,1,24.899019969372983,CRITICAL
459,0.192741064,6.948251341,1.511394597,84.24997442,80.61451388,1,0.7652597063309339,1,23.474029366906613,CRITICAL
855,3.087465037,5.170975444,2.493160236,86.23559719,81.37270588,0,0.32113037042837317,0,67.88696295716268,MONITOR
631,2.56895934,6.309382621,0.76868164,77.15118353,74.805432,0,0.5712023387720144,1,42.87976612279856,WARNING
1343,2.347640094,8.411802048,2.373078331,83.07864102,84.96678674,0,0.17344105899216888,0,82.65589410078312,NORMAL
656,1.940335719,4.439177188,1.556315555,77.8419673,78.40236603,0,0.37325841526176656,0,62.67415847382334,MONITOR
547,2.705943509,5.492615783,2.491021818,76.69819365,74.34203503,1,0.7655045471321719,1,23.449545286782815,CRITICAL
1103,2.966570412,6.706472362,1.386683059,75.31306069,74.46314544,1,0.5225618111429493,1,47.74381888570507,WARNING
790,2.058168863,4.80762075,1.421189095,76.76606857,67.59245337,1,0.4654310300389532,0,53.456896996104675,MONITOR
445,3.547005386,8.126104965,3.348664743,73.83159612,73.43795977,0,0.9567650252810499,1,4.32349747189501,CRITICAL
436,1.837354187,9.348115313,3.395640017,74.7695029,70.10638971,1,0.954657965377479,1,4.534203462252096,CRITICAL
511,4.29617184,4.669317531,1.612000523,76.73266927,76.94881584,0,0.7734674974471265,1,22.65325025528735,CRITICAL
610,3.781660612,5.72745848,1.569762514,75.7538027,74.49359431,0,0.741590837721488,1,25.840916227851196,WARNING
679,3.3567369,6.251323916,1.601719462,78.34437885,74.80395969,1,0.6871620878307825,1,31.283791216921752,WARNING
883,3.511534671,5.637002686,1.672228113,84.66085164,83.83615865,0,0.40581360326181987,0,59.41863967381802,MONITOR
707,1.81586512,11.79802457,2.991748348,75.80111363,89.48743235,0,0.5211888707812213,1,47.881112921877865,WARNING
779,4.192865351,9.923987128,1.748082379,75.12843976,70.22920585,1,0.7354783684631879,1,26.45216315368121,WARNING
856,2.494734424,5.926591164,5.344776357,74.97816122,72.53330266,1,0.39719364150225656,0,60.28063584977434,MONITOR
608,2.572670052,7.350643825,1.332815947,77.73056017,89.50983233,1,0.5597845937695253,1,44.02154062304747,WARNING
479,2.479497115,6.008140596,2.511009089,78.02542493,81.12831587,1,0.7598374414477892,1,24.01625585522108,CRITICAL
460,1.964847256,4.641325784,3.336201751,75.36795961,74.88544089,1,0.7305277801834281,1,26.947221981657187,WARNING
768,3.375701237,4.760199118,1.621724316,76.65928281,72.33201812,1,0.5763293700065028,1,42.36706299934973,WARNING
541,3.934739506,7.565581708,2.913477208,77.55864971,78.72817025,1,0.7854215108083712,1,21.45784891916288,CRITICAL
473,3.444812344,4.807555384,2.860550968,76.51259426,72.32719552,1,0.8211460140827608,1,17.885398591723924,CRITICAL
848,3.650124535,5.526458844,2.357041993,78.64989961,90.88289165,0,0.36681878051051,0,63.318121948949,MONITOR
502,2.315614136,2.14159149,1.68176689,82.16897889,87.66724637,1,0.7920796946550314,1,20.792030534496863,CRITICAL
780,2.805286636,14.77146288,1.934241854,74.68424074,79.0488112,1,0.7208383455835385,1,27.916165441646147,WARNING
497,2.737554284,3.972129572,0.881249497,77.21789135,80.96972117,0,0.7814016500162206,1,21.859834998377934,CRITICAL
628,1.522261744,6.170369452,3.72903341,77.02128318,76.01394047,1,0.5778616417550448,1,42.21383582449552,WARNING
765,1.890094521,7.439245141,1.530825915,73.99926499,75.71858687,0,0.6818588241627791,1,31.81411758372209,WARNING
1219,2.070256786,4.761695061,1.418639255,74.1080164,82.22728508,1,0.37013526665988733,0,62.986473334011265,MONITOR
1314,2.257256931,3.880151473,2.117951122,77.35268536,77.56411928,1,0.23240798821785594,0,76.75920117821441,NORMAL
963,3.810438624,14.97374549,0.803233548,78.19547711,76.41911863,0,0.4699896444678506,0,53.00103555321493,MONITOR
1366,2.575344252,5.780744399,1.716902156,82.03378241,72.85699654,0,0.36901600991324934,0,63.09839900867507,MONITOR
424,5.046300873,4.890633103,2.707594203,77.01463397,90.97698034,1,0.7789962552768712,1,22.10037447231288,CRITICAL
785,3.709107257,5.768811053,4.194821584,76.76379453,90.26738188,0,0.44807596141691164,0,55.192403858308836,MONITOR
505,2.803163135,5.46661601,3.003559433,83.47846178,71.72422956,1,0.7466843794665667,1,25.331562053343326,WARNING
505,4.790465538,4.970819373,1.887468271,83.13716391,89.45773141,1,0.8274962888281756,1,17.25037111718244,CRITICAL
433,5.215475751,6.347829152,3.120240009,75.73109636,71.66999648,1,0.9264406663156645,1,7.355933368433554,CRITICAL
1248,4.175918738,0.928295933,2.994287285,78.47036158,75.12180641,1,0.19187137579124253,0,80.81286242087575,NORMAL
927,2.54377683,6.639435369,3.77740317,89.21441206,79.81357085,1,0.4126975998709875,0,58.730240012901255,MONITOR
510,2.331706038,5.643737742,1.330127179,77.29451947,83.51378615,0,0.7796388629810945,1,22.036113701890546,CRITICAL
915,1.994694821,6.717760528,1.0949896,77.76204138,83.72806337,0,0.45780354718838995,0,54.21964528116101,MONITOR
733,2.847440763,4.225404469,2.521237383,78.56205274,79.04892537,0,0.3470372919109962,0,65.29627080890037,MONITOR
845,4.271944031,5.341274682,3.438517934,73.93200723,86.35850131,1,0.6688544226667992,1,33.11455773332008,WARNING
966,4.387725739,6.47014664,0.98455027,74.9752559,67.83771531,0,0.6200482883549451,1,37.99517116450549,WARNING
902,2.20533428,6.227453891,1.770624962,78.97644475,87.20654798,1,0.4842211541834976,0,51.577884581650245,MONITOR
1047,4.413927709,7.504321041,2.342412942,78.00479066,82.4899833,0,0.3542129081770277,0,64.57870918229722,MONITOR
584,4.035432198,6.274961781,1.677675488,79.90064307,75.29223219,1,0.6590957981746957,1,34.09042018253044,WARNING
1117,4.412118666,3.181779964,3.299694858,85.92629945,84.22631353,0,0.21054669034044055,0,78.94533096595595,NORMAL
1046,1.699897976,5.904739463,2.59087353,79.56981266,67.40503794,1,0.34868504266141254,0,65.13149573385874,MONITOR
1044,4.675681777,8.053105795,0.879486808,85.99906134,83.61469915,1,0.3253121500247524,0,67.46878499752475,MONITOR
997,4.416057798,6.087603739,1.996547469,84.13125189,81.28544233,0,0.3199934141117567,0,68.00065858882434,MONITOR
1856,1.835869914,9.359482409,1.609089108,77.78176213,82.47981404,0,0.3470979787531148,0,65.29020212468852,MONITOR
568,3.782437416,12.4075411,3.053833468,75.52383859,70.80752128,1,0.7667817958435488,1,23.32182041564512,CRITICAL
1249,0.298440123,6.773670415,2.398975078,85.18359928,86.33628199,1,0.3465425034590528,0,65.34574965409472,MONITOR
744,3.774870982,2.644530161,1.497868677,76.65019713,75.51706584,0,0.46165009940612983,0,53.83499005938701,MONITOR
499,4.237938307,5.197519743,1.561666834,76.66008741,83.86141909,0,0.775163223534287,1,22.483677646571298,CRITICAL
891,3.629202062,9.806486179,2.8984598,78.63797635,80.4434204,1,0.4217135862928829,0,57.82864137071171,MONITOR
487,4.229861295,6.63387838,1.853506328,76.59281214,70.92247256,1,0.886563940201146,1,11.343605979885396,CRITICAL
625,2.294546128,5.764743341,1.766447385,76.41053777,76.8426266,0,0.5493158404133727,1,45.06841595866273,WARNING
993,4.044885962,5.731377535,4.483088424,76.94835051,78.96960613,1,0.3704545530664939,0,62.95454469335061,MONITOR
931,2.496814511,5.327662256,3.357396316,76.99079748,71.94462439,0,0.41464628522189945,0,58.53537147781005,MONITOR
953,2.361626391,5.386775771,3.944182649,76.63329454,71.53994111,0,0.38396092199420623,0,61.603907800579385,MONITOR
600,2.635848869,4.989327355,2.002299555,76.7376604,81.6457501,0,0.47143346778823325,0,52.85665322117667,MONITOR
1005,4.3942543,6.725166457,1.253641542,86.56582017,78.93385955,1,0.4002402486788745,0,59.975975132112545,MONITOR
1501,2.955584316,1.659954263,1.645348458,75.71697497,75.54926504,0,0.31610545251211486,0,68.38945474878851,MONITOR
995,4.645426175,15.50178032,1.648206069,74.36114846,81.57560482,0,0.5545440405583085,1,44.54559594416915,WARNING
1590,2.938550109,10.24832581,1.256606499,76.8474128,77.57849408,1,0.5655726590595237,1,43.44273409404763,WARNING
1253,2.651424602,7.859061097,2.3510662,75.81712472,88.50065636,1,0.4803750781702099,0,51.96249218297901,MONITOR
696,4.103562666,6.618358058,1.740116221,77.58984302,67.57587529,1,0.7349986236517606,1,26.50013763482394,WARNING
964,3.328394282,9.037388784,3.324936855,77.67604754,73.74955535,0,0.3873720392176156,0,61.26279607823844,MONITOR
688,2.650927301,6.554987999,2.747484292,76.84574353,70.98565733,0,0.5522047793756905,1,44.77952206243096,WARNING
654,2.12681119,6.048616774,2.932469177,75.45248831,85.56178181,0,0.6673046863404343,1,33.269531365956574,WARNING
537,2.221440509,5.334903726,1.313170871,75.83016905,85.71059398,1,0.6697334497474166,1,33.02665502525834,WARNING
1187,2.576814196,5.038818543,2.263057798,85.10690607,77.42617984,0,0.31175575784306125,0,68.82442421569388,MONITOR
1676,1.811562357,4.197085784,1.756201747,76.34905073,84.02393542,0,0.29340218695969317,0,70.65978130403067,MONITOR
815,2.263811184,6.548497729,2.099971105,77.0978267,79.91542715,1,0.5220508815279877,1,47.79491184720123,WARNING
405,2.008248615,9.191454978,1.939528941,74.01876409,75.48308291,1,0.8888999247942949,1,11.110007520570509,CRITICAL
1007,3.872977755,6.393068783,0.990625897,85.35738639,70.99987376,1,0.3914851926535471,0,60.85148073464529,MONITOR
1029,4.429306316,5.316232168,2.048974607,74.87721863,71.47162963,0,0.47802947227583253,0,52.197052772416754,MONITOR
922,2.697810748,5.094065622,0.906994424,79.66224128,71.54858757,0,0.4258087596418625,0,57.41912403581375,MONITOR
592,2.732990938,0.050258467,3.0841565,80.17340833,87.26852472,0,0.5457413981758044,1,45.42586018241956,WARNING
861,4.083794329,6.00328264,2.26970052,79.52982486,89.49083706,1,0.4043096560831476,0,59.569034391685236,MONITOR
803,2.660156939,6.043977425,1.340684224,80.93081627,83.2952059,1,0.48121249046764053,0,51.87875095323595,MONITOR
568,2.868571636,6.735102093,2.638658917,78.63352146,87.69304547,0,0.673815517882291,1,32.618448211770904,WARNING
1163,2.540058127,5.846760063,5.240944834,75.6498679,80.35738803,0,0.31457529141249796,0,68.5424708587502,MONITOR
1113,4.928394566,7.255593052,1.599392053,75.35520101,76.54040831,1,0.5305009171845997,1,46.94990828154003,WARNING
666,2.260867173,4.796043284,1.536316658,77.68994704,69.7904148,1,0.38044060228124277,0,61.95593977187572,MONITOR
727,4.190618445,7.895550581,2.310501047,76.45456577,81.63474172,1,0.6886134718858126,1,31.138652811418744,WARNING
724,2.969070631,5.744455286,3.107895227,76.83006584,72.63196988,0,0.4905521164336067,0,50.944788356639336,MONITOR
850,3.865231515,5.494633106,2.325925464,77.3496539,75.74025912,0,0.44098370858605,0,55.901629141395006,MONITOR
549,4.135452408,5.672168923,2.718777235,78.42308018,88.29892575,0,0.6949765641030009,1,30.502343589699908,WARNING
691,4.563699717,6.250040078,2.263806885,81.57554799,81.59683899,1,0.6382565370673725,1,36.17434629326275,WARNING
876,5.432094862,3.149548212,1.942680389,76.10457593,84.15331523,1,0.45720405784652757,0,54.279594215347245,MONITOR
353,3.893201325,3.973884753,1.840213861,77.52626569,67.82090606,1,0.6798630848103452,1,32.01369151896548,WARNING
1128,4.153642787,7.75387574,2.931900924,75.36079709,66.44805211,0,0.7027112878286317,1,29.72887121713683,WARNING
467,2.551983668,5.023424807,1.564580591,76.54427174,70.23370863,1,0.8282995373148022,1,17.17004626851978,CRITICAL
445,2.687239783,5.760545552,1.600305477,78.33697313,79.02343452,1,0.7411168101961214,1,25.888318980387858,WARNING
1062,2.674156794,6.169680484,2.262398056,74.39545832,82.10123789,1,0.477067385818009,0,52.2932614181991,MONITOR
670,4.343576573,3.875827114,2.736062481,78.25528928,87.3617353,0,0.441872515365703,0,55.8127484634297,MONITOR
420,3.219622352,4.832839312,1.194296456,78.68669967,72.48489037,0,0.7546696409221751,1,24.533035907782484,CRITICAL
1137,4.02268564,8.871413936,4.564531913,80.08857835,74.85084497,0,0.5159961225989397,1,48.400387740106034,WARNING
785,1.83317133,4.67328355,2.182567171,77.43464389,69.08274986,1,0.42142877552978586,0,57.85712244702141,MONITOR
1031,2.441322241,4.167830604,2.726957259,77.41626471,69.20891404,0,0.3105019352253036,0,68.94980647746965,MONITOR
1131,3.509117705,8.612997418,2.26742627,75.64678377,73.91408375,0,0.5681813277178949,1,43.181867228210514,WARNING
927,2.384974552,7.177875851,1.830624908,77.41282595,85.36486202,0,0.453835653479806,0,54.61643465201939,MONITOR
642,2.870805213,16.35634751,2.15209469,77.7165427,80.65812826,0,0.7048994148836789,1,29.51005851163211,WARNING
1176,4.006072822,5.246207525,2.928504973,77.70125945,85.38070899,0,0.2881874213535189,0,71.1812578646481,MONITOR
711,3.285803306,4.701304472,1.056337648,78.06742848,80.9598765,0,0.4451358956113913,0,55.486410438860865,MONITOR
785,6.017783711,6.099246852,1.542248984,77.7384358,85.16826542,1,0.6568346153368768,1,34.316538466312316,WARNING
901,3.372798014,4.965825775,1.953673912,77.69046461,86.47516729,1,0.29464452361172444,0,70.53554763882755,MONITOR
687,2.786011084,3.598678155,3.207801818,77.21461684,81.02542684,0,0.46263748620230727,0,53.73625137976927,MONITOR
596,2.446912305,6.88673152,2.110001254,76.53378789,72.15470463,0,0.5880970501121547,1,41.19029498878453,WARNING
1391,3.117776074,8.852479213,2.216280206,77.28358291,80.45330729,0,0.307101068667417,0,69.2898931332583,MONITOR
495,3.493312266,8.946960828,5.402489552,77.606536,74.07203558,1,0.7868739443176906,1,21.312605568230936,CRITICAL
887,4.048884993,5.807127734,1.837994899,77.79746222,82.25462073,0,0.37319321197353644,0,62.68067880264636,MONITOR
795,2.591565389,7.209411692,2.675505802,77.96223552,79.10154193,0,0.45285597940944466,0,54.71440205905553,MONITOR
505,2.241226373,7.022182659,2.193469851,79.35253718,83.05673403,1,0.8045324612851048,1,19.54675387148952,CRITICAL
465,3.375323363,9.859320467,2.221341073,76.81727573,82.9834967,1,0.8851448167105473,1,11.485518328945265,CRITICAL
753,2.294234354,8.861244826,1.74543316,83.70880286,92.91041188,1,0.6643092130069111,1,33.56907869930888,WARNING
716,2.426666466,5.785599142,0.83447421,77.57821172,72.19193938,0,0.4075256580028133,0,59.247434199718676,MONITOR
773,2.309876535,6.748409983,3.048791184,76.07270534,84.44166413,1,0.5011547664115545,1,49.88452335884455,WARNING
394,3.56801358,5.91339981,3.849485133,75.13475769,73.71185321,1,0.9017615055584647,1,9.823849444153531,CRITICAL
1132,2.786900216,5.137874341,1.554692955,76.42737643,74.79657654,0,0.49726401581718493,0,50.27359841828151,MONITOR
572,1.960028893,5.223509104,1.717718239,84.50236188,86.20282752,0,0.49920641416486927,0,50.07935858351307,MONITOR
597,2.538342344,5.484818547,1.594207478,76.64474947,75.23958504,1,0.5877592865175876,1,41.22407134824124,WARNING
554,3.350133301,3.96849442,2.149520925,76.79421398,70.6389154,0,0.7300546062863087,1,26.99453937136913,WARNING
709,4.959869983,4.832435316,1.400753308,75.68221675,72.44731728,1,0.5705930306122877,1,42.940696938771225,WARNING
693,3.387697748,6.261640983,3.675570738,77.33614706,74.73009253,1,0.5632091193319467,1,43.67908806680533,WARNING
615,2.066292706,9.986769638,3.01314196,77.770204,86.65578899,1,0.610293596645145,1,38.9706403354855,WARNING
688,3.66074155,4.639049253,4.227773536,78.51596132,78.95281933,1,0.4021934347137641,0,59.78065652862359,MONITOR
675,4.048632681,5.219183965,2.255536268,83.66929671,75.61274158,1,0.62254867227154,1,37.745132772846,WARNING
580,3.886541395,4.837389414,1.856364748,88.28845396,80.77897846,1,0.6417069320964177,1,35.82930679035823,WARNING
433,2.208906684,15.06710929,4.240508388,76.78780143,77.79138218,1,0.7797068941435326,1,22.029310585646744,CRITICAL
796,5.058327661,9.8627714,2.551915178,76.6027508,78.42039551,1,0.560206090896233,1,43.9793909103767,WARNING
1587,2.347895987,6.523340468,2.754427877,77.40422933,72.43675862,0,0.3682651627798929,0,63.1734837220107,MONITOR
856,3.605926478,9.14291051,2.233290042,76.22757027,71.85652145,0,0.5363817883057757,1,46.361821169422434,WARNING
522,3.864178608,8.418645338,1.241345923,75.25413593,84.24908496,0,0.8442791962590275,1,15.572080374097252,CRITICAL
509,2.030973435,5.931480172,3.228605428,76.96311419,88.9147834,0,0.7236004080960236,1,27.639959190397644,WARNING
577,2.356359028,5.034483024,2.059390938,75.90965706,73.91770225,1,0.5754038519733914,1,42.45961480266086,WARNING
581,2.753469113,5.549127455,1.75322183,76.12285817,73.54099062,1,0.6729604657131144,1,32.70395342868856,WARNING
824,2.667474285,7.848612548,1.511270034,75.2580835,76.86552736,0,0.6480808015853635,1,35.19191984146365,WARNING
1014,5.212119349,6.863149263,1.76768529,74.32083432,80.11270464,1,0.6657228618719826,1,33.42771381280174,WARNING
597,3.933034094,4.991383384,4.286854152,82.63876533,76.33283671,1,0.5874801075837203,1,41.251989241627975,WARNING
1011,5.56374303,6.18110806,2.934747915,76.58163725,77.55258656,1,0.48415257767741915,0,51.58474223225809,MONITOR
956,2.168565015,7.677495244,5.165879626,77.79454695,74.61061743,0,0.2620230484492305,0,73.79769515507695,MONITOR
627,4.978613694,7.071436241,2.140003807,75.15100496,85.3503656,0,0.848126158216187,1,15.187384178381302,CRITICAL
496,4.70624017,5.249898286,3.803385471,75.03360653,70.54209474,0,0.8908951106314208,1,10.91048893685792,CRITICAL
1221,4.701245903,17.7111263,1.686513385,85.25213769,92.65089029,1,0.5543723875098915,1,44.562761249010855,WARNING
456,2.619307865,8.349443037,2.849917822,75.21019237,80.9823361,1,0.9340755713508567,1,6.592442864914327,CRITICAL
634,4.812983088,3.445375755,2.720879926,77.28576686,77.64249243,0,0.4344478694825308,0,56.555213051746925,MONITOR
1003,3.489661789,5.402622308,1.048219179,76.74198839,77.92372203,1,0.43616299543997933,0,56.383700456002074,MONITOR
465,2.784849976,6.344355211,2.038914579,81.66545685,74.46211639,1,0.8505497564725443,1,14.945024352745573,CRITICAL
960,4.439183332,12.82883461,2.973150548,76.81822446,74.26170323,1,0.5534403677642346,1,44.65596322357654,WARNING
1140,3.665037693,6.900091111,1.401764395,74.26274732,80.54941269,1,0.5977585925680321,1,40.22414074319679,WARNING
547,2.516645478,6.80983417,1.680886585,82.47756913,83.65368787,0,0.7159615963087596,1,28.403840369124044,WARNING
502,3.002667854,5.441927525,2.889043445,77.37131823,77.36527914,1,0.7226771744255899,1,27.732282557441014,WARNING
1030,4.376656786,6.867291212,1.650716779,76.03480973,80.55403779,1,0.4486600033284614,0,55.133999667153866,MONITOR
702,1.984818353,6.314650101,3.797734269,75.39121363,87.51129709,1,0.49391795206794814,0,50.60820479320518,MONITOR
1171,2.82625566,6.509751709,1.449530598,74.46907477,79.7384304,1,0.5873505241416626,1,41.264947585833745,WARNING
709,2.5616405,5.117024903,1.697196704,76.20126514,90.17751036,0,0.5706042084902876,1,42.93957915097124,WARNING
1092,2.598047834,6.188768127,2.92280227,75.35728712,72.51581225,1,0.422433086964907,0,57.7566913035093,MONITOR
884,3.070784629,8.140062305,2.467863124,74.43140491,79.19666351,1,0.5668485031285087,1,43.31514968714914,WARNING
1200,3.555673553,2.189219772,2.001187898,74.89057408,73.85253738,0,0.39003299826225996,0,60.99670017377401,MONITOR
920,3.668050121,5.059798404,3.309195803,77.09483337,74.29436001,1,0.4459350214612341,0,55.40649785387659,MONITOR
718,4.027569431,4.438923522,2.312030477,76.40183587,74.39206159,1,0.45434510170771014,0,54.56548982922899,MONITOR
609,2.255357113,8.513709255,0.932533253,78.14876055,87.59426771,1,0.5689717916324941,1,43.10282083675059,WARNING
809,2.524546986,7.396796734,2.540438182,78.50579601,86.33589652,1,0.41699923216222473,0,58.300076783777534,MONITOR
1162,3.795060323,1.251698611,1.790639704,78.67913588,69.04093491,1,0.2591812032752806,0,74.08187967247194,MONITOR
645,2.352143591,4.68444633,5.762317288,76.22306601,84.40453318,0,0.321386962587772,0,67.8613037412228,MONITOR
611,2.547463211,3.683399696,2.621700011,77.6903472,80.11512555,1,0.36297767034606887,0,63.702232965393115,MONITOR
825,3.225175835,7.051874239,2.135393177,75.47797919,68.31643828,1,0.6680685232682598,1,33.19314767317402,WARNING
445,2.486671513,7.479579807,1.635294713,73.85663892,78.75995926,1,0.8803761893648611,1,11.962381063513893,CRITICAL
750,4.107551622,4.290513502,2.513549934,77.0131009,77.87093798,1,0.4522263260837433,0,54.77736739162567,MONITOR
1038,3.881673246,8.208593019,1.340862741,75.39605857,76.97549571,0,0.5190484340537574,1,48.09515659462426,WARNING
675,0.664093471,17.35775318,3.652658093,74.81731549,83.92774767,0,0.7305237434859972,1,26.947625651400276,WARNING
743,3.643120043,4.598090943,2.316883501,84.76639897,81.48463665,1,0.4420375741895851,0,55.79624258104149,MONITOR
509,4.875057985,4.888984715,1.928559236,84.31452348,77.33970715,1,0.7643030599821132,1,23.569694001788676,CRITICAL
870,4.615583839,6.445005831,1.687116555,77.43996357,74.3871941,1,0.4904622038986376,0,50.95377961013624,MONITOR
813,3.898180627,6.836572804,3.297303026,76.05225733,64.95636859,1,0.6641614518624528,1,33.58385481375472,WARNING
1136,3.039868114,5.951566132,3.092261065,76.83540959,90.32683986,0,0.5183008588716344,1,48.169914112836565,WARNING
529,3.50066113,5.539921996,1.511664316,76.68772089,92.55901792,0,0.7334934400181162,1,26.650655998188377,WARNING
915,1.918258674,6.022019419,1.240449833,77.05961989,81.93697516,1,0.47796030930922256,0,52.203969069077736,MONITOR
938,3.0490831,8.326413269,5.309674027,75.90193357,79.381602,0,0.5813227838107339,1,41.86772161892661,WARNING
560,3.789305234,9.239557952,2.858714526,76.1148578,75.28376108,0,0.8076767970870552,1,19.23232029129448,CRITICAL
681,4.210146606,7.11600012,2.58714132,78.44407517,78.27837279,1,0.5578048777296786,1,44.21951222703214,WARNING
1138,3.426785364,5.932343666,2.734497903,74.68563718,72.41957456,1,0.5682244781847395,1,43.177552181526046,WARNING
1077,4.147730586,7.639341242,1.464019297,76.26829434,80.63517307,1,0.4082719157114677,0,59.17280842885323,MONITOR
722,3.184306928,17.02322404,2.49353225,86.82925727,83.83529878,0,0.5526821665520352,1,44.73178334479648,WARNING
554,4.331031318,6.096184622,1.489336936,77.89097399,79.27058683,1,0.6930687527099793,1,30.693124729002076,WARNING
1190,4.150626009,13.06459504,1.087962535,77.61036146,72.93911205,0,0.5779989045966336,1,42.20010954033664,WARNING
704,2.602146613,7.37792329,2.093363784,77.45464682,80.22161876,1,0.5325501910513915,1,46.74498089486085,WARNING
693,2.516245039,4.206705852,1.27383813,83.03973589,79.61923995,1,0.3599097755864143,0,64.00902244135858,MONITOR
566,3.777509146,3.08151356,2.146932853,88.20023364,78.93272831,1,0.5396245006420091,1,46.03754993579909,WARNING
639,2.395446026,15.29154848,1.773090805,78.14977156,68.16097154,1,0.7622727543545674,1,23.772724564543257,CRITICAL
841,3.894732157,7.142922079,2.416514174,81.39502721,80.66447311,0,0.495954241803814,0,50.4045758196186,MONITOR
1073,3.205219178,6.74467497,4.396506461,75.79936616,80.93444815,0,0.41543370161122745,0,58.45662983887725,MONITOR
662,3.969043205,4.49052052,1.301790037,78.22422824,83.4730168,1,0.48926323106281044,0,51.073676893718954,MONITOR
1299,4.417031964,8.62695969,1.417360668,75.54384166,71.73722337,1,0.5174292181102093,1,48.25707818897907,WARNING
541,1.952802533,10.50200546,1.850450898,75.58339424,80.58575951,0,0.7261480654294579,1,27.385193457054214,WARNING
589,4.281426227,5.075305648,2.754334512,76.85880815,77.76021805,1,0.6399969204174122,1,36.00030795825878,WARNING
532,4.875603528,9.233678804,2.741126186,83.988082,87.92821165,0,0.8713283529457639,1,12.867164705423606,CRITICAL
1100,3.643754981,9.253657501,2.833222632,76.01399338,88.63409287,0,0.5812334619633353,1,41.87665380366647,WARNING
878,4.016754182,6.357183054,5.665076025,75.80214442,72.98059372,0,0.4946071819125911,0,50.53928180874089,MONITOR
585,4.936250574,6.469440349,1.261866235,87.63182023,74.32918935,1,0.6028470497455489,1,39.71529502544511,WARNING
435,4.883192126,10.47539844,1.923990944,78.37739011,81.34920516,1,0.86335227692087,1,13.664772307912997,CRITICAL
1003,4.297735542,9.941437519,1.788360986,76.00401753,84.39185808,1,0.5215184570137943,1,47.84815429862057,WARNING
1301,2.479021826,6.105712358,2.035941521,77.09579874,77.41508996,0,0.350427597426786,0,64.9572402573214,MONITOR
769,3.843640715,7.105046242,1.890506624,85.92586942,84.96245398,1,0.44985495877460124,0,55.014504122539876,MONITOR
1369,2.101454853,3.783921172,2.345197508,85.40687632,75.17874733,0,0.26804350636016955,0,73.19564936398304,MONITOR
738,3.75284889,6.793033014,2.120388632,76.84462123,87.73442333,1,0.5673165849078341,1,43.26834150921659,WARNING
802,4.118489733,6.483462162,1.731882033,87.64036957,90.7768741,1,0.5626380704006214,1,43.73619295993786,WARNING
1202,2.173392039,4.455410963,1.976436734,75.80262254,76.92872883,0,0.31006556669671015,0,68.99344333032899,MONITOR
1265,2.352544133,10.16738137,2.472911798,76.29126015,84.67878628,1,0.3386606441599348,0,66.13393558400652,MONITOR
845,4.23620318,2.851222109,2.755524706,77.32895636,78.73079259,1,0.2112669674842611,0,78.87330325157389,NORMAL
624,2.14053252,7.808190467,2.623795944,75.50728057,82.51208843,1,0.6833865549790025,1,31.66134450209975,WARNING
504,3.420732588,4.796584135,1.934049511,76.93873025,78.05822239,0,0.6870538398595937,1,31.29461601404063,WARNING
581,4.040043885,6.041512725,2.56355852,76.99230516,79.89408974,1,0.7152046681534909,1,28.479533184650908,WARNING
729,2.378893887,11.28328821,1.552261144,73.6903892,87.98864033,1,0.6742139648937151,1,32.57860351062849,WARNING
1140,3.091758959,4.528911708,1.595655186,83.29421239,75.1529286,1,0.2675643158726906,0,73.24356841273094,MONITOR
885,2.57335515,4.638408507,4.14260948,80.02764864,83.9705956,0,0.2846170104304207,0,71.53829895695793,MONITOR
502,2.510157415,4.508193446,2.445826097,86.14107118,71.78066044,1,0.6542916113435445,1,34.57083886564555,WARNING
563,3.565564782,6.023810413,1.745224853,77.55714107,92.97666134,1,0.7011499276346053,1,29.885007236539472,WARNING
964,3.811310535,5.443268379,1.594682404,75.96699654,88.62642384,1,0.4153233255222845,0,58.46766744777155,MONITOR
758,2.750954717,1.226343206,1.015933556,81.76118045,81.6880215,0,0.469327806904802,0,53.0672193095198,MONITOR
1221,4.222807575,4.32524621,5.648512067,83.79968047,76.74660242,0,0.22148992452236319,0,77.85100754776369,NORMAL
1362,1.923295815,6.751542844,2.219713945,79.95681318,70.3646219,0,0.41373937014446827,0,58.626062985553176,MONITOR
772,4.760844576,9.230854349,7.05312359,73.16396328,77.09861582,1,0.7318313405942165,1,26.81686594057835,WARNING
747,3.121894545,4.253207803,1.979472416,88.87887177,87.50511272,0,0.44174859453165527,0,55.825140546834476,MONITOR
886,2.64336365,5.61580202,1.258570711,76.3631114,77.58380876,1,0.39783389921482026,0,60.216610078517974,MONITOR
1082,3.746413459,3.99860963,0.994802832,77.17286062,84.92911715,0,0.24416818588353298,0,75.5831814116467,NORMAL
1402,5.070777551,9.632538721,2.843265232,77.17020788,79.83871869,0,0.4285874779295394,0,57.141252207046065,MONITOR
770,4.174277247,7.479872003,2.518706414,75.24252152,73.82824033,1,0.5951459553876465,1,40.485404461235355,WARNING
479,1.851432036,1.588609207,1.14276965,75.98039205,82.36896828,0,0.7146842173379093,1,28.531578266209067,WARNING
769,3.95256591,5.30822188,1.27741674,78.63498195,78.71659187,1,0.5427461546116248,1,45.725384538837524,WARNING
710,2.460407899,6.182169399,2.144132094,76.44544863,82.20837763,1,0.5099624739248128,1,49.00375260751873,WARNING
858,5.151661544,8.264509699,1.49746606,76.5990625,78.43317379,1,0.5811917271332109,1,41.880827286678915,WARNING
758,2.924378052,2.961114329,1.850694856,86.21542211,83.00432113,1,0.3943302310465498,0,60.56697689534503,MONITOR
976,2.246504768,7.987535345,2.663134029,77.31838182,72.75173366,0,0.3988895640226941,0,60.111043597730585,MONITOR
617,3.263891739,5.60374204,3.458820713,74.26438001,75.95264013,1,0.7079032069180723,1,29.209679308192772,WARNING
1004,3.354443693,4.37835109,1.284314968,74.39182746,71.68376628,1,0.4736770785228805,0,52.632292147711944,MONITOR
813,3.59583992,8.09852215,1.77989773,76.53288271,75.83559344,1,0.6397450734838309,1,36.02549265161691,WARNING
800,2.841431392,6.841369399,1.655518342,83.51191683,70.31626348,1,0.5615983417475072,1,43.84016582524928,WARNING
693,2.594408312,5.459545693,1.307809658,75.97757477,80.15423568,1,0.6580170594436073,1,34.198294055639266,WARNING
608,4.975467378,7.789730373,2.067665689,77.13085552,73.90755935,0,0.819944116286247,1,18.005588371375303,CRITICAL
1603,3.797821418,7.942447937,1.51695546,78.15212937,79.16223569,0,0.32001358394316126,0,67.99864160568387,MONITOR
971,2.323724576,6.587811939,2.236456499,80.3520207,83.80432892,0,0.34124333577044236,0,65.87566642295577,MONITOR
1438,2.368605569,6.318991526,3.157914912,77.30040154,74.53841673,1,0.3091941517202448,0,69.08058482797553,MONITOR
748,3.018675575,5.236237869,1.613937945,74.59921243,78.92979022,1,0.6083375420651844,1,39.16624579348156,WARNING
868,4.828818489,4.529304914,1.546705373,81.61759658,86.91670489,1,0.37213129675959605,0,62.7868703240404,MONITOR
875,3.518446562,5.320534257,6.91366974,76.6185386,73.11730927,0,0.36611499698043615,0,63.388500301956384,MONITOR
746,4.725579953,7.741676585,3.116671991,75.25152749,81.79204268,0,0.6058399373799518,1,39.41600626200482,WARNING
1199,1.580588357,7.630737153,2.880732999,81.7087945,71.27775434,1,0.45539897872538887,0,54.460102127461106,MONITOR
383,2.719244296,6.393436756,1.268755891,76.84773634,73.51910347,1,0.9283217765453476,1,7.167822345465236,CRITICAL
594,2.272900555,6.358408237,3.448191437,73.9418278,77.08576523,0,0.7829367304869062,1,21.706326951309386,CRITICAL
652,2.135404033,4.624039928,2.21176694,78.39222339,81.35782539,0,0.47188139634523907,0,52.81186036547609,MONITOR
446,3.298320651,9.218975476,1.983092649,76.09960642,70.18376511,1,0.9637152983147403,1,3.6284701685259657,CRITICAL
607,3.227210221,4.13845761,3.40135551,76.33248698,76.62282709,1,0.6673890789102295,1,33.26109210897705,WARNING
963,4.882412616,7.262263672,5.338218166,77.09457109,77.89970666,1,0.4600605426223999,0,53.99394573776001,MONITOR
535,2.784314785,5.118514944,1.731663479,76.49270847,66.21603646,1,0.8059004590516269,1,19.40995409483731,CRITICAL
855,2.387460491,8.889988978,1.264144168,74.78563091,89.42241841,1,0.4425229964772913,0,55.74770035227087,MONITOR
723,4.95885673,14.30077651,3.360051727,78.95368759,74.76056722,1,0.57071957243849,1,42.928042756150994,WARNING
655,2.268643363,5.260935012,1.178423122,77.63392578,81.62018498,1,0.514787146071083,1,48.5212853928917,WARNING
628,4.99925324,3.470500377,1.368642908,78.25864451,72.03674926,1,0.4491140684442781,0,55.0885931555722,MONITOR
864,3.265051604,3.891605672,1.399021488,85.24299314,77.45752647,1,0.29290003374769213,0,70.70999662523079,MONITOR
542,2.243619111,5.893222231,2.209743109,76.04599946,79.23614284,1,0.7877984201183821,1,21.22015798816179,CRITICAL
988,3.549304224,5.882847088,1.249305791,77.4304197,80.50020856,0,0.4410724203103782,0,55.89275796896218,MONITOR
773,3.48260124,6.998199358,1.798822709,76.11911881,74.66217522,1,0.6402252237608763,1,35.97747762391237,WARNING
380,2.394812994,7.577545798,1.213487868,78.5125284,78.78631072,1,0.9174674977091056,1,8.253250229089437,CRITICAL
450,2.15328421,5.144072805,1.050610428,76.63375059,78.21982139,1,0.7611216765959744,1,23.88783234040256,CRITICAL
1095,2.65625508,4.381775367,0.767701176,76.64826712,72.37001203,0,0.4192530565576718,0,58.074694344232825,MONITOR
668,3.114031313,7.559399901,2.143790671,75.89624931,77.13851716,0,0.728368566591372,1,27.163143340862806,WARNING
670,3.188911125,7.027098313,2.26369007,76.8302086,71.96458867,1,0.651040675098452,1,34.8959324901548,WARNING
1041,2.710782286,5.166483134,1.005668985,75.80007221,75.81781182,0,0.40675111792660246,0,59.324888207339754,MONITOR
797,0.867212514,9.154264723,1.762051588,76.42245899,79.71787571,1,0.5172231252426607,1,48.277687475733934,WARNING
393,4.647613564,8.438933912,2.095756502,76.98888058,90.9115714,1,0.9207714754265653,1,7.922852457343465,CRITICAL
690,2.758632963,6.208755232,2.250550879,73.41157905,68.75585102,1,0.8468834368760109,1,15.311656312398913,CRITICAL
341,3.067883314,6.279435564,1.687463615,77.43066983,70.60409841,1,0.922360154142358,1,7.763984585764206,CRITICAL
853,5.115165343,4.513013223,2.069101819,74.58152126,71.01268185,0,0.7284086809877868,1,27.159131901221322,WARNING
982,3.196286696,4.49838541,1.113848592,83.55670616,84.3724302,1,0.34667663513982705,0,65.3323364860173,MONITOR
520,2.158544654,4.428864146,3.05972503,77.63658865,81.22087418,1,0.54430590354787,1,45.569409645213,WARNING
636,4.620254378,5.455074234,2.582583327,72.6891868,79.97827737,1,0.7081364140176603,1,29.186358598233973,WARNING
1007,3.553237411,3.144234929,1.479225586,76.79973088,76.34271337,1,0.2638780946232219,0,73.6121905376778,MONITOR
1456,2.863160166,6.164993331,3.053434721,76.78122634,81.04810246,0,0.34869337772604914,0,65.13066222739509,MONITOR
982,5.680232498,4.925542875,6.314648533,74.41998704,76.47501479,1,0.5918211899061356,1,40.81788100938644,WARNING
623,3.334830582,5.96451444,1.639633963,77.64880839,81.72292266,1,0.5225741153567499,1,47.74258846432501,WARNING
764,3.828116263,4.979883117,2.900889021,77.33968211,79.24111987,0,0.506484266608009,1,49.35157333919909,WARNING
1107,3.853346204,9.976106901,2.873508852,76.23852745,75.5410554,1,0.5169889490316822,1,48.301105096831776,WARNING
891,2.372316746,4.372395714,3.750381777,81.72678002,81.87966617,0,0.24169252851032483,0,75.83074714896752,NORMAL
923,4.276761954,5.98310379,2.280236138,81.88810779,76.67537633,1,0.31776318618749955,0,68.22368138125005,MONITOR
1027,4.163432276,7.847047231,2.538762124,73.31840094,76.60718829,1,0.5779451016019493,1,42.20548983980507,WARNING
992,3.890780159,12.28806777,1.180185059,84.29095016,84.69519042,0,0.331340315458879,0,66.8659684541121,MONITOR
700,2.691592394,13.97572009,2.441018644,77.65868485,79.61313381,1,0.5800719603720963,1,41.99280396279037,WARNING
527,1.735248796,5.274526666,2.179354254,77.6064471,76.42515712,0,0.6979657496239082,1,30.20342503760918,WARNING
1242,2.940193286,10.16430784,1.099739284,80.73496162,77.77419587,1,0.4878062973412297,0,51.21937026587703,MONITOR
623,3.055244491,9.494611635,2.08472535,76.86570058,72.92768818,0,0.7919268476165755,1,20.80731523834245,CRITICAL
839,1.978399916,5.776686094,2.440659137,75.30351489,73.23070688,0,0.4635346011167842,0,53.64653988832158,MONITOR
925,5.146751649,8.342517871,6.174729284,74.40824064,76.42864572,1,0.6931336714440477,1,30.68663285559523,WARNING
1020,2.618196192,11.37889085,1.705445212,75.36901736,70.84810239,1,0.6159059979625838,1,38.40940020374162,WARNING
710,2.103274563,7.914873331,1.320621066,75.51514509,84.47628754,1,0.5793066991275371,1,42.06933008724629,WARNING
1380,3.408907067,7.164969363,1.866396638,75.2870254,68.8739837,1,0.5261037503024995,1,47.38962496975005,WARNING
831,1.837292327,6.154573143,1.883470574,77.01840545,82.66083187,0,0.4737618254892836,0,52.623817451071645,MONITOR
623,2.189107705,5.139113666,3.019927102,76.02205703,74.92552234,1,0.4456063768155109,0,55.4393623184489,MONITOR
702,2.596587633,7.160955462,3.019569341,75.78084297,73.2560599,1,0.6718831542859461,1,32.81168457140539,WARNING
459,2.96182195,4.736701213,1.485860675,75.32618657,70.68012157,1,0.9041270390002749,1,9.587296099972509,CRITICAL
599,4.30990379,5.285927134,2.184780838,78.23469362,85.27829366,1,0.5184904026056563,1,48.15095973943437,WARNING
564,3.785006011,5.30742772,1.521325193,77.03311945,90.15352136,1,0.583948238559486,1,41.605176144051406,WARNING
628,2.727928795,5.158538095,1.842034033,78.5921197,72.95827116,1,0.5252037362166843,1,47.479626378331574,WARNING
771,3.094624782,8.403194675,2.851355625,76.5897174,91.51622289,0,0.6329999256977323,1,36.70000743022677,WARNING
409,1.868914031,7.61288206,2.70203975,76.29727826,73.76206381,1,0.9330447387653682,1,6.69552612346318,CRITICAL
738,4.128577616,3.616545543,1.628879165,78.46017148,72.56549037,0,0.3628159892075831,0,63.718401079241694,MONITOR
850,2.656819448,4.487179536,1.639153294,77.70383843,87.95864538,1,0.3905111365966972,0,60.94888634033029,MONITOR
451,3.783163393,12.68095674,2.54521239,75.87070961,90.77376003,1,0.9128626211968147,1,8.71373788031853,CRITICAL
461,2.493760802,10.64987101,2.080066391,76.28124999,84.54145185,1,0.8878782972125437,1,11.212170278745626,CRITICAL
674,2.622135494,6.31041928,1.690341029,77.60381986,70.87025268,1,0.6289019511363286,1,37.10980488636714,WARNING
741,3.685316792,6.691546842,3.490532931,74.74197286,67.78098761,1,0.7783104032364554,1,22.16895967635446,CRITICAL
717,2.652476631,6.963450869,2.906586165,76.22477965,75.27977591,0,0.5866137298297835,1,41.33862701702164,WARNING
680,5.003748956,4.754413002,2.670602066,77.27992548,82.88724948,0,0.5446606998400082,1,45.53393001599918,WARNING
428,2.322199422,6.124861525,1.135874698,79.05349107,81.1544641,1,0.8097684048938405,1,19.02315951061595,CRITICAL
752,3.471193208,4.241874872,3.05369988,75.55751856,77.75395652,1,0.5486334950891327,1,45.136650491086726,WARNING
1181,2.243044743,4.891744203,1.577943623,86.76085435,80.48181969,0,0.32578959846033095,0,67.4210401539669,MONITOR
759,2.96055903,8.401736781,3.002746994,75.33872848,71.97323512,1,0.6911819020170745,1,30.881809798292547,WARNING
609,1.986932343,5.911557269,2.341821436,74.80752083,76.71593836,1,0.5732322392947962,1,42.67677607052038,WARNING
781,3.998970869,3.866428153,1.55783701,75.54764239,70.39191743,1,0.373606737242211,0,62.639326275778906,MONITOR
1511,2.321443804,7.458951515,1.462805125,74.56015275,79.94748567,0,0.24927178759314586,0,75.07282124068541,NORMAL
1068,3.145591215,7.536734643,1.935095734,75.73756163,80.69230729,1,0.4683430289827994,0,53.165697101720056,MONITOR
607,3.21072576,8.619352333,2.202914424,76.73518998,77.24474877,0,0.8384378824775695,1,16.156211752243056,CRITICAL
622,3.975049153,3.752753136,0.859843269,76.67827307,77.73452234,0,0.5400609522510478,1,45.99390477489522,WARNING
1119,1.652989576,6.998899335,1.717543549,86.0175716,73.63290676,0,0.43788634859709663,0,56.21136514029034,MONITOR
632,2.376094421,3.222884944,2.98376162,76.58215419,80.39984501,1,0.4621730286612171,0,53.78269713387829,MONITOR
781,2.344274817,4.926656996,3.105468248,82.51368114,91.33839319,1,0.5247922462909519,1,47.52077537090481,WARNING
709,2.964354439,5.170863309,2.266500268,88.04573664,80.25078056,1,0.5763735615290427,1,42.362643847095725,WARNING
849,2.214738209,4.366149257,1.65035524,77.89947027,87.06390448,1,0.33297146516622544,0,66.70285348337745,MONITOR
626,2.557805604,7.75692149,2.251041122,75.04795522,70.1549406,0,0.8111104099601302,1,18.888959003986983,CRITICAL
934,2.236613178,8.520663294,3.404996565,79.45628327,84.34351311,0,0.3325160025208396,0,66.74839974791604,MONITOR
816,4.479651947,5.72808886,1.449830452,84.20596972,85.65693882,1,0.41035753403994973,0,58.96424659600503,MONITOR
538,3.056883905,4.530015713,1.639438207,77.52329804,79.72594498,0,0.5054821715573496,1,49.45178284426503,WARNING
618,3.663000942,6.970910261,2.616064484,77.13092833,79.49157323,0,0.7110306124455903,1,28.89693875544097,WARNING
1626,4.222824862,9.312175709,1.957556096,75.87437515,79.83893731,0,0.3799059401308259,0,62.00940598691741,MONITOR
600,2.130291216,7.414974164,2.584774614,79.02845503,78.27816154,0,0.5323533616405695,1,46.764663835943054,WARNING
549,2.80233112,13.4220927,2.941198243,76.66063474,71.2343369,1,0.8544173462671734,1,14.558265373282664,CRITICAL
850,4.221118376,5.803711725,1.432639246,76.09645419,76.22980559,1,0.41331269567288276,0,58.668730432711726,MONITOR
704,2.643427623,6.451724601,1.612240268,76.60398262,77.91562265,1,0.5345797241107684,1,46.54202758892316,WARNING
1006,3.609605462,13.26489944,1.118083969,87.50468317,75.21197867,1,0.4787491092377896,0,52.125089076221045,MONITOR
787,4.550209105,4.145694793,1.50698348,77.65998948,77.49070128,0,0.3654872394015084,0,63.45127605984916,MONITOR
683,2.63639272,8.614252432,2.151373571,74.4310829,72.88985868,1,0.7574061828729812,1,24.259381712701877,CRITICAL
786,5.437710507,5.876470748,3.229387522,85.66855441,65.00664932,0,0.5359163492196881,1,46.40836507803119,WARNING
876,3.833886479,2.739789945,1.94469492,77.45191053,72.45228745,1,0.24041218929257696,0,75.9587810707423,NORMAL
452,1.648901676,7.706323489,1.615855966,76.1975029,65.76610771,1,0.8502549009694417,1,14.974509903055832,CRITICAL
718,2.767870747,5.048687688,2.230450147,76.77990825,76.62073618,1,0.5605948925617423,1,43.94051074382577,WARNING
596,2.990213412,7.559009425,3.948084772,77.19773803,71.84483218,1,0.783388696746814,1,21.661130325318602,CRITICAL
897,4.34339737,1.91355736,1.33748737,76.42475407,71.55875739,0,0.3313396885581435,0,66.86603114418565,MONITOR
963,3.689433614,12.03141559,3.357348134,77.76734307,76.72020351,1,0.34008982448728925,0,65.99101755127109,MONITOR
701,3.072903006,2.875460079,1.531374512,76.37243677,77.33280416,0,0.4808141294231919,0,51.91858705768081,MONITOR
1529,5.47161256,12.45347497,1.83237279,75.78208897,90.02121881,1,0.4044938889546598,0,59.55061110453401,MONITOR
760,3.628139512,3.795526365,1.558528461,74.02859479,81.32915251,0,0.4265919544253254,0,57.340804557467465,MONITOR
639,3.292826585,6.614160453,1.942489735,76.07291913,68.94284225,1,0.7540171191356024,1,24.59828808643976,CRITICAL
922,3.657809539,8.462006886,1.103165568,76.62388032,86.69018853,1,0.4853109954988828,0,51.46890045011172,MONITOR
1153,2.696912286,8.013057848,3.132235743,83.49655532,80.43885912,0,0.3850251713399891,0,61.49748286600109,MONITOR
733,4.107831289,7.634366124,1.832452917,77.56699918,89.66461678,1,0.6514299118862074,1,34.857008811379266,WARNING
611,5.54166881,7.253459398,0.99019458,77.0893129,67.85175051,1,0.873040944918943,1,12.695905508105698,CRITICAL
1038,4.906906985,3.352499713,6.683997724,76.67061762,81.94939189,0,0.17396678185485417,0,82.60332181451459,NORMAL
752,4.434040786,7.473618752,1.664906753,86.75452613,74.2080694,0,0.5171128043196604,1,48.288719568033954,WARNING
1802,2.649903366,13.3324673,3.204594831,80.14673469,86.73254438,1,0.39498397871734664,0,60.50160212826534,MONITOR
1426,5.481672079,8.784771062,1.540543756,81.63497393,74.30401195,0,0.43203344397080123,0,56.79665560291988,MONITOR
731,4.302755242,6.135083012,3.285500943,78.54867495,82.36414652,1,0.485690220993966,0,51.4309779006034,MONITOR
1060,2.209479094,6.884929128,1.619471148,76.83651283,70.77403576,0,0.33290499610842145,0,66.70950038915787,MONITOR
960,4.56585047,6.881213769,2.030303456,76.84282069,90.06063116,1,0.4801398238471386,0,51.98601761528614,MONITOR
713,4.712140313,10.10949195,5.510582032,77.34861585,67.28091951,1,0.6672412159879024,1,33.27587840120976,WARNING
609,2.5107573,1.386040977,2.820138205,76.98598449,92.31880245,0,0.47244185609718053,0,52.75581439028194,MONITOR
864,4.443720097,6.751359475,3.245363463,77.01334293,75.96294742,0,0.5529251641390095,1,44.70748358609905,WARNING
1106,3.156722894,5.499320801,4.040374378,76.19479307,89.86711329,0,0.48171705047684726,0,51.82829495231527,MONITOR
929,3.31498533,9.014093006,1.56187853,77.41138106,84.16654975,0,0.42129494295341924,0,57.87050570465808,MONITOR
1229,2.28894431,3.561332343,1.987093766,77.08323902,73.98211974,0,0.2623705442650056,0,73.76294557349944,MONITOR
809,4.111239203,7.297054105,5.214051303,85.80379098,78.93173167,1,0.42814239544402405,0,57.1857604555976,MONITOR
1389,2.296363157,5.680919893,1.824339707,76.70591822,85.15993598,1,0.2456301972389883,0,75.43698027610117,NORMAL
743,3.39050581,12.80931821,2.985913201,77.04052417,85.04333003,1,0.6017822880844976,1,39.82177119155024,WARNING
500,4.098378245,10.88795711,0.543732364,77.19371607,81.17273444,1,0.7619214806616127,1,23.80785193383873,CRITICAL
508,2.538528489,7.142379558,2.901902915,74.91343848,90.73729118,1,0.8000060551809943,1,19.999394481900566,CRITICAL
540,2.905636694,6.408749068,3.556577615,75.15073445,72.14596784,1,0.9095912677558522,1,9.040873224414781,CRITICAL
595,3.985342987,5.392746235,3.124794709,77.27318463,73.02905258,1,0.6620149067750405,1,33.79850932249595,WARNING
1040,2.103874809,3.783944428,3.288329131,77.32342337,86.43062767,0,0.2373909399892851,0,76.26090600107149,NORMAL
423,2.502221162,2.938880979,3.761432062,75.40028458,78.87469968,1,0.7104824403814388,1,28.95175596185612,WARNING
419,2.414700613,6.260711301,3.482943425,74.42246879,74.44676543,1,0.8806152418379567,1,11.938475816204331,CRITICAL
494,3.242060008,6.727587716,3.105535451,73.51681292,84.57999226,1,0.9012059960910686,1,9.879400390893146,CRITICAL
1078,1.874045096,4.59478408,2.142239236,78.15043269,84.81158708,0,0.39748321746098153,0,60.25167825390185,MONITOR
1514,2.077054148,7.62991053,2.896631915,76.30736958,82.21396584,0,0.3239496427131345,0,67.60503572868654,MONITOR
650,4.941298477,4.889321453,1.524629007,76.54827988,82.79462861,0,0.682858705572905,1,31.714129442709506,WARNING
634,3.285810052,12.53518641,1.472096953,84.88261607,75.47562317,1,0.7647867127407276,1,23.521328725927237,CRITICAL
916,2.331835634,6.329489495,2.220629546,75.21374294,84.35683965,0,0.46687153598928044,0,53.31284640107196,MONITOR
1586,3.260069863,5.373939659,1.432018275,73.94459376,76.79449486,0,0.4204333536348807,0,57.956664636511924,MONITOR
476,0.509583201,9.219668693,2.339422607,74.94342303,72.55631648,1,0.8595566391944572,1,14.044336080554276,CRITICAL
902,2.01937503,5.84965182,2.869393915,77.09355866,84.30910853,0,0.35267387536964184,0,64.7326124630358,MONITOR
950,4.527297574,7.473155244,1.178215964,78.08048309,76.90203858,0,0.4596148308485927,0,54.03851691514072,MONITOR
453,3.648446334,3.746483381,2.924707856,75.4584861,80.31096179,1,0.8314280732538639,1,16.857192674613607,CRITICAL
784,4.040047494,8.384503916,3.232936894,82.46874471,69.38057507,1,0.5329830594048593,1,46.70169405951407,WARNING
1043,3.271046877,3.684830371,1.647410847,75.74725904,87.27825072,1,0.37913887584916717,0,62.086112415083285,MONITOR
1254,3.823547308,4.27687071,1.742491911,78.05618995,71.81236112,1,0.23209368728562477,0,76.79063127143752,NORMAL
593,2.383950669,12.80993126,3.207938949,73.38942947,70.90932052,1,0.7283933182428609,1,27.16066817571391,WARNING
843,2.868510627,5.466811049,2.745867173,77.01436692,76.11028532,1,0.4670045674465237,0,53.29954325534763,MONITOR
497,3.930574136,7.509560931,2.480684272,75.17181214,72.50916328,1,0.8678573700962358,1,13.214262990376424,CRITICAL
609,2.980101678,8.669566399,2.72757671,77.05684356,86.52029494,1,0.7628134642532396,1,23.71865357467604,CRITICAL
687,2.782540491,17.22647336,3.304898091,73.27426074,70.57001533,1,0.8308637253932205,1,16.91362746067795,CRITICAL
478,2.115319183,3.686326996,1.662742091,76.07715565,74.73551466,1,0.7005160590082437,1,29.948394099175633,WARNING
719,3.418866742,7.38583906,2.843866951,73.94062494,73.87057879,0,0.8047524811393,1,19.524751886070003,CRITICAL
596,2.377026133,4.259547464,1.145969071,76.68650945,77.17053556,1,0.43479285112601407,0,56.52071488739859,MONITOR
391,2.245112407,4.02024695,2.702679021,81.18418818,88.85756979,1,0.8264479558051971,1,17.355204419480287,CRITICAL
553,4.369523041,8.061723342,2.340630546,76.50909103,80.10926822,1,0.756551932837705,1,24.344806716229495,CRITICAL
1292,2.84204017,7.668630899,1.788881136,86.07893095,72.81415647,0,0.34785608032558807,0,65.21439196744119,MONITOR
503,3.745668333,7.832278761,2.781432953,73.83870936,80.3766879,1,0.926275813347303,1,7.372418665269698,CRITICAL
725,3.531366668,2.637337681,5.449076897,83.62718891,84.72910125,0,0.29128684985453435,0,70.87131501454657,MONITOR
745,5.026714854,7.070687597,1.449414404,75.21219671,66.49584944,1,0.670609414231618,1,32.9390585768382,WARNING
778,1.954466665,15.01894448,1.717140472,76.66043288,68.18607487,1,0.5655590600814302,1,43.44409399185698,WARNING
1394,4.933330218,6.933642589,3.99499362,77.6459639,82.77916262,0,0.2989145494827655,0,70.10854505172345,MONITOR
722,3.007075623,7.693732025,5.34288088,77.86410139,71.84637182,0,0.6351591957828117,1,36.484080421718836,WARNING
521,3.799200976,7.82173836,1.956510602,78.3662555,82.76342394,0,0.7372887389632424,1,26.27112610367576,WARNING
908,2.612702113,6.390803851,4.414432084,78.37126329,88.78295218,0,0.3844741173636559,0,61.55258826363441,MONITOR
711,2.780820634,3.424544801,2.035324678,77.52684508,89.7760747,0,0.553907020908596,1,44.6092979091404,WARNING
674,2.627318607,7.84127715,0.878719459,77.76271372,81.23072628,1,0.5352264143163131,1,46.477358568368686,WARNING
451,2.755170463,8.194505741,2.779378552,76.03151176,75.68676865,0,0.8743320146081152,1,12.566798539188484,CRITICAL
993,3.376787662,5.093312974,4.751132409,76.32934756,80.01967284,1,0.39309069868261654,0,60.69093013173834,MONITOR
596,5.268247431,8.241029388,5.066608364,76.54613037,71.83303518,1,0.8319605480754891,1,16.803945192451085,CRITICAL
1121,3.031459897,7.363303937,2.499724299,81.47845427,76.26667029,0,0.4929798328848268,0,50.70201671151733,MONITOR
664,3.500933111,11.462048,5.114797802,76.46998189,87.04367883,1,0.7342432867956643,1,26.57567132043357,WARNING
600,3.253146665,12.04326756,3.939783223,75.48716686,81.27043026,0,0.6995058597878555,1,30.04941402121445,WARNING
888,2.919763877,4.772290264,1.949376533,80.10417497,82.10551118,1,0.2769634830665206,0,72.30365169334793,MONITOR
899,2.81327559,5.57747507,2.303722125,76.56670291,82.4769303,0,0.40988786777427216,0,59.01121322257279,MONITOR
580,3.890245563,7.271944974,1.650033288,83.17299435,85.00396987,1,0.6969790535131507,1,30.30209464868493,WARNING
494,4.6366568,7.889407778,2.109195271,73.46469815,83.55137691,1,0.9043991194062722,1,9.560088059372784,CRITICAL
821,3.571877705,9.759042967,1.529008172,76.73595121,80.60831674,1,0.5993523047220454,1,40.06476952779546,WARNING
1211,4.678950454,5.876807319,2.972187744,74.8373696,79.78034842,0,0.47793811454273716,0,52.206188545726285,MONITOR
1356,4.098327031,4.032684187,2.108239893,82.08263771,79.77645569,0,0.2034783344120628,0,79.65216655879372,NORMAL
532,2.519635059,6.911890414,2.693607374,81.81730782,69.04643363,0,0.814773863650501,1,18.522613634949902,CRITICAL
800,3.629187236,7.451793733,1.11141711,79.05304445,78.36849315,1,0.5057832411207214,1,49.42167588792786,WARNING
1185,2.28689825,6.866089759,1.914124742,78.14734224,84.21446772,0,0.3275262854729584,0,67.24737145270416,MONITOR
564,3.975918872,4.352548805,2.641089124,78.60071989,84.34461903,1,0.5043918970241407,1,49.56081029758593,WARNING
985,2.555085783,2.401619284,6.620013636,76.37171451,72.66173759,0,0.20227667431172147,0,79.77233256882785,NORMAL
472,2.059125938,3.242522982,1.384566419,78.50402854,84.82832283,1,0.780340629490263,1,21.965937050973704,CRITICAL
452,2.43074045,7.197301226,2.534863998,78.52653466,76.74256338,1,0.8244411232926138,1,17.555887670738624,CRITICAL
855,5.02218318,11.31524351,3.303143405,75.71537475,84.60534248,1,0.6019318798865626,1,39.80681201134374,WARNING
609,3.562696678,7.415098927,1.703406332,77.68095932,76.62243096,1,0.7014902823719953,1,29.85097176280047,WARNING
861,2.823318839,6.56322771,2.108719578,76.54864477,74.40805781,1,0.43625488046901734,0,56.37451195309826,MONITOR
1085,4.985243057,6.10989069,1.643828458,88.81500734,85.95323113,1,0.3381108350889404,0,66.18891649110597,MONITOR
512,3.489710092,4.105276645,3.715531635,76.75211259,71.9705054,1,0.6489383909194761,1,35.10616090805239,WARNING
874,3.027625555,5.885963413,2.407121637,73.63453536,72.57176227,0,0.7283575788454382,1,27.164242115456183,WARNING
1281,3.024767696,6.217855286,3.071429929,75.57278692,87.53671015,0,0.4709856749212016,0,52.90143250787984,MONITOR
1085,3.479050151,4.294771271,1.991101341,77.64944688,65.40826005,0,0.3775211875304336,0,62.24788124695664,MONITOR
1034,4.984489869,6.148351726,1.444645883,76.48331833,75.6255334,1,0.4371470199370218,0,56.28529800629782,MONITOR
500,5.399561339,13.96014886,3.026601004,82.93238211,67.5225927,1,0.9116706945555124,1,8.832930544448757,CRITICAL
782,1.961151236,8.56439345,2.511618166,76.43830417,77.37116979,0,0.5399568068314238,1,46.004319316857625,WARNING
576,5.255375966,6.575026884,4.963053286,78.09184626,82.0509277,1,0.6932829550845317,1,30.671704491546826,WARNING
1225,2.030876521,7.592607561,1.224191296,77.03333168,83.99447351,1,0.38417332791840925,0,61.58266720815908,MONITOR
408,2.127604542,2.426588196,2.607411287,76.02605814,71.37817834,1,0.7998617006105795,1,20.013829938942052,CRITICAL
757,2.380726329,0.316456269,3.370730886,76.08136351,78.05013464,0,0.4142489655298884,0,58.57510344701116,MONITOR
1207,3.083580937,6.540250891,2.837179696,80.40019743,76.79046312,0,0.3918617004661241,0,60.81382995338759,MONITOR
1033,2.210566383,2.991786613,1.354201646,76.31798379,75.21903583,0,0.20843493448926215,0,79.15650655107378,NORMAL
1053,2.533847042,4.212193982,4.705473891,75.84209778,75.98157237,0,0.3469477924521906,0,65.30522075478093,MONITOR
534,4.041434956,10.40933469,4.792768919,75.68460238,70.38465463,0,0.8828095638554233,1,11.71904361445767,CRITICAL
1140,5.079731641,4.729854997,2.936702084,76.60688406,68.19356996,0,0.43827443286064105,0,56.1725567139359,MONITOR
588,4.551837314,5.604693206,1.499266525,86.2352757,75.50727138,1,0.5377512731079922,1,46.22487268920078,WARNING
625,3.517157573,9.034119024,1.701085868,75.06471705,80.70102248,0,0.8160446090357163,1,18.395539096428372,CRITICAL
535,2.666068211,7.280019101,2.422013565,74.94296049,83.08148415,1,0.8991842810741447,1,10.081571892585528,CRITICAL
1045,2.18369345,15.07301276,2.163690648,77.50540858,82.61259435,1,0.44177045285794636,0,55.822954714205366,MONITOR
554,3.511495313,10.13244565,1.701815475,80.28420147,69.4511012,1,0.8185317158508119,1,18.146828414918815,CRITICAL
861,3.146486533,12.33836805,4.27957155,74.98211538,82.56363696,1,0.4527746863326311,0,54.72253136673688,MONITOR
880,2.647890809,5.967658733,1.708861014,76.86939162,78.14845812,0,0.4422489461820004,0,55.77510538179996,MONITOR
666,5.680782891,6.411326526,3.141806615,74.00783766,76.83690541,1,0.6870712093546116,1,31.292879064538837,WARNING
999,2.859133015,5.042603809,1.480673773,74.8148758,85.7417633,1,0.5223942564864651,1,47.76057435135349,WARNING
742,4.368760011,7.746107282,2.493145357,76.29982317,72.31307335,1,0.668270238328701,1,33.172976167129896,WARNING
637,4.035158293,6.69347473,4.704630908,77.79283025,76.21439318,0,0.6384882627653885,1,36.15117372346115,WARNING
606,2.516178849,5.784915589,6.090578747,76.72518816,75.82546907,1,0.5723111468203742,1,42.76888531796258,WARNING
799,2.314471379,7.867092458,2.406820679,76.15791394,76.98383581,0,0.49937204980785527,0,50.06279501921447,MONITOR
1056,2.794223696,3.956211378,3.089015721,80.61408487,80.65369604,0,0.13181350749232568,0,86.81864925076744,NORMAL
455,4.759290152,13.97116025,2.448630195,80.60016369,75.81192539,1,0.926182982647338,1,7.3817017352661995,CRITICAL
1457,3.828955562,5.988194623,4.780043934,77.75769135,90.46501369,0,0.29539746741506795,0,70.46025325849321,MONITOR
586,2.581378161,5.688382375,2.659132155,76.22824374,72.42537683,1,0.7179774104484268,1,28.202258955157323,WARNING
733,3.30880335,11.87079003,1.974798903,74.44370115,84.31509708,1,0.7281222593145789,1,27.187774068542115,WARNING
633,5.425919834,7.313858097,3.219693178,78.34261539,79.72447077,1,0.6665985874482805,1,33.34014125517195,WARNING
414,3.441587167,11.12641283,3.020758238,76.64332627,68.16172228,1,0.9828796444916152,1,1.7120355508384755,CRITICAL
909,3.172950018,6.719023937,3.807480743,78.46762578,72.76788475,0,0.34597734654057194,0,65.4022653459428,MONITOR
859,2.507571314,4.90181459,1.625299339,76.25742887,72.70638999,0,0.39402784551904796,0,60.5972154480952,MONITOR
1272,3.358739315,7.183442486,2.540044667,84.95477285,90.25056028,0,0.3249552870437208,0,67.50447129562792,MONITOR
489,2.274050529,5.673031868,2.09412513,77.05486827,80.3512841,1,0.805884998199318,1,19.4115001800682,CRITICAL
709,2.562223683,7.011949696,2.869582201,77.01888104,83.64739661,0,0.48318699174291707,0,51.6813008257083,MONITOR
681,3.109804058,1.846237277,4.943831616,77.86480066,77.7332631,0,0.3246013836486353,0,67.53986163513648,MONITOR
619,4.990218324,4.149368394,2.793562783,77.31424093,69.96455475,1,0.5391185273487257,1,46.08814726512743,WARNING
530,2.827063162,5.625013847,2.953827207,75.09613928,74.22828561,0,0.8779015706739034,1,12.20984293260966,CRITICAL
748,1.999914243,8.125867627,2.047060403,76.36105316,76.1211105,0,0.5691259369060492,1,43.087406309395085,WARNING
842,3.582724848,7.556463052,3.192971193,73.06119972,75.19383795,1,0.7095173026539147,1,29.048269734608535,WARNING
936,3.368351453,5.636977659,1.849695861,84.53386987,79.67678303,1,0.3695956388418507,0,63.040436115814934,MONITOR
963,4.684175757,18.91680795,3.341104117,73.88435581,68.70290733,1,0.7848993707952506,1,21.510062920474937,CRITICAL
735,2.766188881,5.159959832,1.850257901,77.07429015,73.64865778,1,0.5038846264016108,1,49.61153735983892,WARNING
618,3.76619468,1.548745463,0.927315665,77.82675055,81.13691014,0,0.367014033610522,0,63.2985966389478,MONITOR
887,2.964381554,6.549351989,1.866054162,75.41624876,64.14536252,1,0.671393632427066,1,32.860636757293406,WARNING
1319,2.375989545,4.229699777,1.867835204,75.73220818,70.71550021,0,0.29928704607378664,0,70.07129539262134,MONITOR
675,2.092766746,4.621425981,3.068892191,74.57549761,80.44147059,1,0.6173765854057763,1,38.262341459422366,WARNING
978,3.703655985,7.585346994,1.670380275,75.50512664,79.59353828,1,0.454045928046934,0,54.5954071953066,MONITOR
842,2.801440365,9.60750911,1.945725473,76.45967548,82.10105021,0,0.5741183267053868,1,42.58816732946132,WARNING
696,2.954537828,5.683195766,2.078408239,74.9967325,75.69431452,0,0.7731025517096032,1,22.689744829039682,CRITICAL
877,2.783236569,6.597150836,2.049545572,75.59068592,75.81281247,1,0.5151107986767614,1,48.48892013232386,WARNING
669,5.130338497,6.128847247,3.169231695,80.77993286,66.07052128,0,0.7354821200134868,1,26.451787998651323,WARNING
567,4.762832087,7.436181876,2.626310763,83.93846545,78.91849782,1,0.7459923068666047,1,25.400769313339534,WARNING
686,4.459726441,6.579082043,2.251333089,78.63819418,76.07594862,1,0.6550770060372436,1,34.49229939627564,WARNING
617,2.486291281,7.080774754,2.480606196,77.08981852,81.8880938,0,0.6486002952035759,1,35.139970479642415,WARNING
704,4.149567844,7.559896395,2.983632011,76.70500255,82.23793829,0,0.5772960908488791,1,42.27039091511209,WARNING
1068,2.929768155,4.411199918,1.360951261,75.46864864,85.96671197,1,0.4405365109379855,0,55.94634890620145,MONITOR
547,4.12809349,7.519176302,1.097499809,74.99945639,65.22182991,1,0.913814271269957,1,8.618572873004304,CRITICAL
644,0.231910504,6.516657866,1.218855735,77.32999524,77.35008374,0,0.6522203229525447,1,34.77796770474553,WARNING
820,4.150015411,3.82659959,1.456527621,76.11809827,73.02400666,1,0.32014696428743106,0,67.98530357125689,MONITOR
1168,4.017212357,6.324644277,1.942135091,76.20177469,83.84473497,1,0.39858449809509133,0,60.14155019049087,MONITOR
498,5.643340094,5.903941256,2.61257059,80.01461794,66.58762306,1,0.802921050430955,1,19.707894956904504,CRITICAL
1356,3.869504005,2.35800458,4.906734481,80.7996745,75.00285733,0,0.16665378274853998,0,83.33462172514601,NORMAL
1643,4.22495823,5.287678469,2.101629611,75.96496363,76.18415893,1,0.4302550972233343,0,56.97449027766657,MONITOR
1209,3.385390519,4.863631747,1.417065837,80.01285227,79.73859526,0,0.3350430956497642,0,66.49569043502358,MONITOR
591,3.254694408,12.13676308,2.355949007,75.39214586,81.95859832,1,0.7145797430508078,1,28.542025694919214,WARNING
943,3.664974507,4.745614511,2.752125866,76.81656817,70.44808236,0,0.4402953045732994,0,55.97046954267007,MONITOR
764,4.172956106,3.994741314,0.97544396,74.80912337,86.28071295,1,0.5710905858389584,1,42.890941416104155,WARNING
766,2.828335928,4.557105875,1.505860682,82.84158811,83.46084302,1,0.4167473074544591,0,58.325269254554094,MONITOR
924,4.406621495,5.247546357,1.808366377,76.06038575,76.61239524,1,0.39203242988881304,0,60.79675701111869,MONITOR
550,2.639498855,3.683418181,1.375167655,78.05309403,79.43563385,0,0.6271580378150295,1,37.284196218497044,WARNING
965,3.676709515,5.276505333,2.088815654,74.23883015,77.52086189,0,0.5173173875481957,1,48.26826124518043,WARNING
899,3.548600657,4.567573488,2.408514556,75.95281009,87.29740029,0,0.46294438475294264,0,53.705561524705736,MONITOR
540,5.634121171,6.224759824,3.511966766,74.60099629,70.20075166,1,0.9274656933765293,1,7.253430662347071,CRITICAL
459,4.015363828,7.477354511,2.145181928,76.17410899,78.49565544,1,0.908507538765331,1,9.149246123466902,CRITICAL
793,5.265928281,5.869576595,3.512349667,76.34369017,84.96201969,1,0.495013471382689,0,50.498652861731095,MONITOR
631,2.389285562,2.134657416,2.497286182,76.40069581,87.52512693,1,0.5011398490863805,1,49.88601509136195,WARNING
551,2.740011562,18.28501912,1.019686244,75.26891417,70.89021584,1,0.8059906082006003,1,19.400939179939968,CRITICAL
749,3.361777547,5.725126484,2.53200022,75.18398224,71.8892248,0,0.571479074365317,1,42.852092563468304,WARNING
504,4.283336415,9.717827243,2.771490216,76.43577273,88.30217056,1,0.8308888201513353,1,16.911117984866475,CRITICAL
764,2.907092101,5.882375318,2.676546819,78.38431674,77.82893211,1,0.6317055308860305,1,36.82944691139694,WARNING
518,2.654790652,8.274631161,2.91875856,76.61675588,80.40205411,1,0.7932554692941326,1,20.67445307058674,CRITICAL
735,2.235709612,11.86647044,2.885931349,78.09026994,79.90963,0,0.441746576985333,0,55.8253423014667,MONITOR
967,5.019605624,7.791592228,2.457673732,76.72949969,71.57082091,1,0.5422076230362974,1,45.77923769637026,WARNING
537,4.783063725,5.331258329,2.468434171,75.49587515,82.95136623,1,0.7610950195924939,1,23.890498040750607,CRITICAL
475,2.102741331,7.34792921,0.953091824,80.4755585,78.60742294,1,0.8596474899480326,1,14.035251005196736,CRITICAL
587,0.107738542,6.22192506,1.588517021,76.03099279,75.0000931,0,0.6793229617893601,1,32.067703821063986,WARNING
491,4.16573091,6.448849465,2.342862944,73.60306904,80.6118766,1,0.9075609521481264,1,9.243904785187363,CRITICAL
650,1.978673543,5.576337078,5.309385414,77.59040834,83.91282566,1,0.4536581502540789,0,54.63418497459212,MONITOR
554,2.609285854,5.575054298,2.015022472,74.01376687,81.97994148,1,0.8498468208594545,1,15.015317914054549,CRITICAL
654,2.26647528,5.852384575,2.965228571,82.61864076,78.50720451,0,0.3979016126562566,0,60.20983873437433,MONITOR
756,2.770669078,6.43903108,2.627211617,74.70613578,77.81293449,0,0.6516514620289522,1,34.834853797104785,WARNING
549,4.262793206,5.884714956,3.151801252,73.95235574,81.32063764,1,0.8403215504398763,1,15.967844956012367,CRITICAL
617,3.179974792,4.649419844,1.681951361,75.13374761,69.83162714,1,0.6761282356389389,1,32.38717643610612,WARNING
464,3.140535413,5.701409488,2.710967998,76.15088596,79.16667581,1,0.8430195482615346,1,15.698045173846541,CRITICAL
1029,3.564528438,2.199117452,1.248571495,78.1412114,86.34509902,0,0.2682093503031162,0,73.17906496968838,MONITOR
1179,3.137946547,5.017530107,3.542505026,76.9262617,80.66400558,0,0.4162521713231146,0,58.37478286768854,MONITOR
1035,3.887933218,8.796249151,3.548044825,75.785523,89.57823864,1,0.6157243333845289,1,38.42756666154711,WARNING
763,2.479604339,5.496863665,2.447354826,74.51483115,75.23949835,1,0.5567901365797144,1,44.320986342028554,WARNING
561,3.638480822,5.429135428,4.128599959,86.35607157,67.9852639,0,0.5725925673599642,1,42.74074326400358,WARNING
993,4.421239189,4.899149267,2.174043959,75.89145881,71.7247755,1,0.45415059547819814,0,54.584940452180184,MONITOR
1069,4.227350501,5.815929788,2.015980398,77.51033156,85.85711913,1,0.33598154213591835,0,66.40184578640816,MONITOR
886,2.025333573,5.318556537,1.952686649,85.85130279,85.16155923,1,0.43391471073035914,0,56.608528926964084,MONITOR
1650,3.764192922,4.053842154,3.230649257,86.1963535,84.99510178,1,0.25976263018009654,0,74.02373698199034,MONITOR
670,3.508691594,6.83311187,2.382914254,87.52596198,74.86379725,1,0.6529100718077301,1,34.70899281922699,WARNING
855,2.042576789,12.5661137,3.690248584,73.94938327,77.33090948,1,0.6487100884475635,1,35.12899115524365,WARNING
746,2.752856752,7.234147085,1.8480256,77.28184297,82.58962991,0,0.566339717152776,1,43.366028284722404,WARNING
685,2.595125421,4.914636448,2.974685476,75.8934039,78.56767267,0,0.6034157917416362,1,39.65842082583638,WARNING
923,2.965317209,5.9397089,4.128663109,77.4185536,73.81682768,1,0.3869323246338996,0,61.30676753661004,MONITOR
1188,3.193229919,5.985348266,1.482826603,79.49192828,80.98364135,0,0.46613766812551705,0,53.3862331874483,MONITOR
1150,4.119375587,9.701266033,2.681193462,78.2345132,84.04705865,0,0.2705941858467703,0,72.94058141532297,MONITOR
698,4.454381025,1.401523476,2.866881879,77.27730454,73.04722809,1,0.4018536822018819,0,59.81463177981181,MONITOR
1152,3.952010848,4.955447491,1.906075417,76.27192771,73.47915247,0,0.3755761675910729,0,62.44238324089271,MONITOR
700,4.261619151,9.706396934,3.973765468,75.90437808,80.00676003,1,0.6960735521514307,1,30.392644784856927,WARNING
811,2.936618433,8.762076511,2.591630747,77.04669469,73.75032124,0,0.6342055639640521,1,36.57944360359478,WARNING
613,2.396924733,9.335959128,3.038432736,75.71579497,76.89185781,1,0.6469066054270767,1,35.30933945729233,WARNING
513,3.25204858,7.277685472,3.125630702,75.40878331,70.65256233,1,0.9288730022631629,1,7.1126997736837065,CRITICAL
665,3.725302711,3.995246866,2.474914305,77.23864526,88.9331985,0,0.44827218130536656,0,55.17278186946335,MONITOR
839,2.607473928,4.13588389,1.944408177,77.8874095,83.97337526,1,0.29424807073618114,0,70.57519292638187,MONITOR
770,3.131921737,5.124472658,2.356620442,76.56897433,82.07750952,0,0.5429532332018706,1,45.70467667981294,WARNING
774,3.752924079,4.602594741,1.451600742,78.69480984,74.03613287,0,0.4297107797980298,0,57.02892202019703,MONITOR
446,3.681669089,4.102012461,1.563839994,75.34259707,86.19427253,1,0.8243583972227825,1,17.56416027772175,CRITICAL
668,2.26712687,6.211984443,1.177748206,77.84233481,70.51337291,0,0.446864878923761,0,55.31351210762389,MONITOR
929,2.413752199,12.7667245,1.997435222,77.70538616,72.10009506,1,0.4321135528377162,0,56.788644716228376,MONITOR
887,1.953769401,6.79676065,2.086491967,73.75508716,79.78253079,1,0.45362765783083925,0,54.63723421691608,MONITOR
785,2.85807181,7.698463982,3.37472502,83.76162584,70.8718793,1,0.5236130135567353,1,47.638698644326475,WARNING
1103,2.390048963,6.949360525,1.959646066,75.65257926,79.26419148,1,0.3181539333303534,0,68.18460666696467,MONITOR
593,3.223123092,9.812645038,1.746359317,77.18651762,85.5367054,1,0.7511981073368545,1,24.880189266314545,CRITICAL
1039,3.038645906,14.55964712,1.32702354,75.95843344,70.72944676,1,0.5375605785161803,1,46.24394214838197,WARNING
602,2.413892157,6.673008966,5.756269722,75.30826223,79.88255028,1,0.752182595177886,1,24.7817404822114,CRITICAL
641,2.783708198,6.316195418,3.764968279,81.85661738,91.02396634,0,0.6101473597988406,1,38.98526402011594,WARNING
946,5.069667638,6.448355835,2.170613248,77.47422075,81.11040043,0,0.48542609516656293,0,51.4573904833437,MONITOR
498,3.698543692,5.40988778,3.166196613,75.865564,78.45891124,1,0.796561983382687,1,20.3438016617313,CRITICAL
591,3.14328224,6.84570211,2.289311531,83.50261529,75.63388977,1,0.6777638721627122,1,32.22361278372878,WARNING
898,2.40327124,8.099516362,2.140091551,76.45676408,86.68130529,1,0.4457538251907314,0,55.42461748092686,MONITOR
710,3.283767309,6.375545916,1.24856444,82.71628618,66.59040496,0,0.7610987719816867,1,23.890122801831325,CRITICAL
622,2.473583111,5.511923902,1.689232727,76.37698885,69.27036055,1,0.5649783371931295,1,43.50216628068705,WARNING
768,2.33138148,6.871346215,2.546188412,75.08759533,68.24353424,1,0.6459282656870862,1,35.40717343129138,WARNING
774,2.500272733,5.423664757,5.818929312,75.19653356,89.31738614,0,0.5971033043874199,1,40.28966956125801,WARNING
1273,3.328208934,5.402876253,1.901777106,76.77386952,80.63569826,0,0.3755722611289487,0,62.44277388710513,MONITOR
812,2.28187961,4.132728396,1.011890871,77.91314025,81.55372721,0,0.27668463538096605,0,72.3315364619034,MONITOR
642,4.191950135,6.284633431,5.257315561,76.45590037,83.48406249,0,0.6624437207769034,1,33.755627922309664,WARNING
758,3.193515718,6.81608046,2.865231021,75.53396748,73.19576476,1,0.6392938023363129,1,36.07061976636871,WARNING
468,1.310903387,7.569304861,3.643355441,76.43146822,77.89104127,0,0.8317037348563585,1,16.82962651436415,CRITICAL
677,4.083682462,3.410282345,3.357520257,75.65701988,88.83973711,0,0.42688030697020896,0,57.31196930297911,MONITOR
581,4.791653564,6.065028689,6.201780689,77.41245865,89.57887156,1,0.7088475079599483,1,29.115249204005167,WARNING
1192,1.913301847,14.23360841,2.564949286,76.32696687,76.16489994,0,0.4074178604947223,0,59.258213950527775,MONITOR
797,1.991227785,3.419455352,3.492902204,81.57249582,75.6250806,0,0.30348844376995016,0,69.651155623005,MONITOR
1571,4.738721038,10.94063432,4.533094073,75.9233961,81.27415088,0,0.41401998415283137,0,58.59800158471686,MONITOR
930,4.553205695,7.887266507,3.226208637,74.78196937,75.85370639,1,0.570728874770583,1,42.9271125229417,WARNING
871,3.803645943,5.966246991,3.115703573,86.92277852,87.10975313,1,0.3716087738723901,0,62.83912261276099,MONITOR
422,4.858012729,7.405278197,1.070162187,74.69565461,87.21891337,1,0.9263833597583063,1,7.361664024169368,CRITICAL
956,2.773713457,6.475114965,2.69646652,83.24256107,73.73264174,1,0.30459346656245667,0,69.54065334375433,MONITOR
605,4.866375379,8.073401861,2.755125794,76.53609423,87.71244697,1,0.8187609895742494,1,18.123901042575064,CRITICAL
1554,4.839070565,3.807063873,4.127710026,76.8139352,79.58727672,0,0.28957386465435725,0,71.04261353456427,MONITOR
753,3.502319673,7.165388615,2.735538331,76.74822695,76.55403307,0,0.6255937867213991,1,37.44062132786009,WARNING
898,2.917687424,1.680907615,2.24017958,74.80564457,79.69495531,0,0.3541012150825778,0,64.58987849174223,MONITOR
1204,3.401066285,6.446008889,2.68439707,75.12487718,74.84031436,1,0.5355802694824557,1,46.441973051754424,WARNING
834,2.879011484,12.86920373,1.109333357,80.67304366,75.95747704,1,0.5920268281055358,1,40.797317189446424,WARNING
804,3.568839483,10.6780271,1.350019782,74.34500627,82.28712658,0,0.5278470486963834,1,47.21529513036165,WARNING
562,2.910228471,4.479199363,1.116656502,76.58774497,88.45043341,1,0.6628417580378485,1,33.71582419621515,WARNING
493,2.152161752,6.814647043,4.612542262,78.10901042,78.57361192,1,0.7066016561398076,1,29.339834386019238,WARNING
574,3.811002826,7.185832721,2.011503037,72.75776885,75.03532166,1,0.8592423372518959,1,14.075766274810409,CRITICAL
1307,3.771456913,2.955203604,1.844965895,77.86410473,81.62351367,0,0.22627141014483673,0,77.37285898551633,NORMAL
965,2.917839418,4.493307623,2.884184729,75.1609609,71.67698827,1,0.5001228016563347,1,49.98771983436653,WARNING
546,2.984033385,5.578544357,2.05984801,77.56193558,78.08920009,1,0.6874618259533676,1,31.25381740466324,WARNING
541,1.951007979,7.640212928,1.677185251,77.59489565,75.04069666,1,0.6321147557003984,1,36.788524429960155,WARNING
825,4.236032101,9.305240148,1.925539959,77.45362807,90.83773819,0,0.5203013398341997,1,47.969866016580035,WARNING
517,1.845045939,4.534602727,2.851049588,77.75789942,79.63173554,1,0.4699587856169914,0,53.004121438300864,MONITOR
907,4.92979658,4.814561283,1.532188812,77.64681642,77.10092963,1,0.3245044533800935,0,67.54955466199065,MONITOR
1126,2.860312991,7.256424094,2.023612308,75.01908284,77.78238167,0,0.5325499316637468,1,46.745006833625325,WARNING
908,3.033810183,4.897281715,2.225713178,81.6329511,77.37121538,1,0.2729858258958063,0,72.70141741041938,MONITOR
674,4.822979762,4.546635523,4.620051316,85.74121322,83.95769633,1,0.4625963082100999,0,53.74036917899001,MONITOR
1069,2.297863979,8.382381922,2.671107068,76.22068994,71.08712553,1,0.47820924734448916,0,52.17907526555108,MONITOR
955,2.922861223,12.53408198,1.792662374,76.03586483,76.71172623,0,0.5339480719407034,1,46.60519280592966,WARNING
490,2.914719776,3.744594825,2.00356774,75.97784649,79.15939819,1,0.7561779079333482,1,24.382209206665184,CRITICAL
862,2.999197415,11.22550227,1.831092475,76.82001433,75.80184505,1,0.5935362829883865,1,40.64637170116136,WARNING
790,1.857773801,4.580053375,2.821036626,76.31813895,88.03699539,0,0.45433362553229795,0,54.56663744677021,MONITOR
739,4.040752131,6.035226658,1.476402651,82.88770711,76.31111846,1,0.6422143952798313,1,35.77856047201687,WARNING
862,3.636286828,5.921524022,2.501388619,74.85997844,68.52687762,0,0.5439784999235859,1,45.602150007641406,WARNING
679,2.67404957,6.371171891,4.752487166,74.85597161,69.74575398,1,0.7111756489915203,1,28.88243510084797,WARNING
532,2.410805507,6.849752424,2.703425227,74.0103138,68.61113146,1,0.81787775837465,1,18.212224162534994,CRITICAL
398,2.635967949,12.26447754,2.078711685,76.66661973,71.26701107,1,0.9486120299576157,1,5.138797004238427,CRITICAL
899,2.825513445,5.107071503,1.085310164,76.09997989,81.67164317,0,0.4701593212505935,0,52.984067874940656,MONITOR
419,4.57154013,6.922746337,1.705506859,85.63961566,81.84639359,1,0.9005016191771189,1,9.94983808228811,CRITICAL
817,1.94583485,5.314042806,1.340624859,75.41117386,82.20509186,1,0.40162455792696544,0,59.83754420730345,MONITOR
645,4.816452294,5.429986625,1.326370906,74.19618263,74.69440248,1,0.6392821485927009,1,36.07178514072991,WARNING
482,2.312521764,7.68792052,3.192417001,77.79067954,67.10541387,1,0.7521057773258812,1,24.789422267411876,CRITICAL
987,2.695108041,5.729253778,2.955142096,77.73877474,90.20909433,0,0.3654011546059667,0,63.45988453940332,MONITOR
1090,3.593942919,2.843234702,3.171835765,77.84072035,70.06251667,1,0.21305071658873537,0,78.69492834112646,NORMAL
423,2.138839417,7.343844434,2.365190371,75.11030055,85.99948882,1,0.8721737171447941,1,12.782628285520591,CRITICAL
630,4.345458164,4.895514348,3.420170243,82.20277796,73.69672444,1,0.6382571120492634,1,36.174288795073664,WARNING
895,2.11140088,5.207449621,1.890736084,85.86947449,75.11813209,1,0.31859891829910963,0,68.14010817008904,MONITOR
705,1.668181577,6.131495554,3.951186999,77.25731457,87.04221708,1,0.44371993264172377,0,55.62800673582762,MONITOR
766,2.729667468,6.526565475,1.149970845,74.00717939,78.0296752,1,0.6279541883434652,1,37.20458116565348,WARNING
773,5.135056326,8.003806924,2.662775933,75.83022232,87.44933382,1,0.6550073833655432,1,34.49926166344568,WARNING
655,2.637026731,3.667689958,2.130017168,77.73689693,76.77153798,0,0.3486618729416828,0,65.13381270583172,MONITOR
655,2.922010548,6.729562429,2.595958545,73.76570709,78.22750796,1,0.8321104176394564,1,16.788958236054363,CRITICAL
864,4.874107499,8.162205856,1.82787896,81.26651355,71.87305856,1,0.5063368550907218,1,49.36631449092782,WARNING
1101,2.616887497,10.59882063,2.552528643,78.05810161,68.7530534,1,0.4738525016141096,0,52.61474983858905,MONITOR
1244,2.050098426,11.05216264,2.136786056,83.02267544,72.66299949,0,0.26738083771924914,0,73.26191622807508,MONITOR
734,5.369783804,8.63110744,1.484931828,75.18609044,72.1292826,1,0.72515913419116,1,27.484086580884004,WARNING
925,2.081278554,3.379855821,3.268657176,75.37625916,78.00412257,0,0.2721116264816973,0,72.78883735183027,MONITOR
1106,2.02435959,5.064188969,1.815519635,77.55916602,90.53925426,1,0.3239831881329804,0,67.60168118670195,MONITOR
692,4.963872608,5.97216532,2.072143153,79.61320642,69.33211004,0,0.6785540231654441,1,32.144597683455586,WARNING
469,3.283812058,7.384226538,2.732531743,77.01655004,75.23278655,1,0.8906892638903137,1,10.931073610968634,CRITICAL
1098,2.950391829,9.62636128,1.314419173,77.63693352,69.10272592,0,0.5416278445754127,1,45.83721554245873,WARNING
757,2.914554791,6.176453742,2.729503364,81.93350632,79.49069645,0,0.5688828499139571,1,43.11171500860429,WARNING
580,2.184977454,6.637368079,2.495720839,77.43442868,80.27197258,1,0.6412400174598465,1,35.87599825401535,WARNING
540,1.742383397,6.911794013,1.247713593,71.58993153,75.66089353,1,0.7520599192240298,1,24.79400807759702,CRITICAL
659,4.124273227,6.687290019,3.156329241,75.7973948,89.9418723,0,0.7513939020487937,1,24.860609795120624,CRITICAL
885,4.333912833,6.035898722,1.072635872,75.07918637,74.01744901,1,0.5922089104023425,1,40.77910895976575,WARNING
629,1.460540258,3.976345472,2.577339026,76.86903925,73.43584389,1,0.38237058639472127,0,61.76294136052787,MONITOR
852,4.101706481,11.67500292,1.671065745,79.04785687,75.44042519,1,0.43360870366057774,0,56.63912963394222,MONITOR
614,2.777943792,3.654726062,2.284569489,76.91387287,79.78834057,0,0.4988567061909034,0,50.11432938090966,MONITOR
797,2.549862186,5.756395547,2.790734033,78.58842627,70.95313577,1,0.40232951990258414,0,59.767048009741586,MONITOR
1160,4.512012578,13.36995812,0.394199566,77.17176215,82.29407348,1,0.5249449030408332,1,47.50550969591668,WARNING
835,2.619652682,6.812743875,3.156219064,80.39943183,83.42752079,1,0.39090691857764154,0,60.90930814223585,MONITOR
1498,2.041978398,8.287842476,2.569864795,75.27176034,68.40250221,0,0.622173361821065,1,37.7826638178935,WARNING
487,2.131461295,3.874247209,3.202515086,85.53014997,93.57590276,1,0.6869292817004284,1,31.307071829957156,WARNING
966,1.865217907,9.707949383,1.905712424,77.20921155,76.15290179,1,0.600927808734924,1,39.9072191265076,WARNING
525,4.366174537,5.993565597,0.799098833,75.28904154,82.50379322,1,0.7568338268954428,1,24.316617310455722,CRITICAL
654,3.889446798,6.338459494,3.438980783,78.20383921,84.51594621,0,0.5405958092187646,1,45.94041907812354,WARNING
678,3.840635745,10.740326,5.918888313,79.65587662,80.69993662,1,0.581029138451526,1,41.89708615484739,WARNING
765,5.274040016,6.888305968,1.641160029,81.96028061,73.69027242,1,0.5844876571634726,1,41.55123428365274,WARNING
835,2.124394121,5.155437248,2.852445477,75.61807893,73.22535685,0,0.3768885514341007,0,62.31114485658993,MONITOR
783,4.042977347,7.835564862,1.826349879,75.22266018,85.41117638,1,0.5953802382517358,1,40.46197617482642,WARNING
731,2.178237621,10.32326897,1.907554915,77.95866468,80.9115558,1,0.5076491768537446,1,49.235082314625544,WARNING
675,4.132961186,7.653943936,2.940653316,77.77414052,77.49144361,0,0.703068044589858,1,29.693195541014195,WARNING
630,4.211055499,7.043989472,2.798201015,74.46290377,77.72833586,1,0.8371984550735214,1,16.28015449264786,CRITICAL
562,3.877744794,4.854558655,0.071460249,76.28171509,81.1662907,0,0.580581957437655,1,41.941804256234505,WARNING
475,1.951662559,7.868252671,1.680052198,78.4211292,86.07499353,1,0.8277338218412638,1,17.226617815873624,CRITICAL
1208,2.848783121,4.551286709,1.531674201,85.58598655,70.15434135,1,0.3210888550500301,0,67.89111449499698,MONITOR
567,2.836649731,12.45724377,2.991418656,79.35548045,75.97248602,1,0.7855912904705071,1,21.440870952949286,CRITICAL
850,2.061505272,4.638277108,3.093109139,82.62995763,72.11695368,0,0.4085014650376942,0,59.149853496230584,MONITOR
827,2.510110247,4.058640609,3.145713732,77.76868344,79.126508,1,0.3169667779132288,0,68.30332220867712,MONITOR
430,3.097193639,6.542761165,3.173457244,76.07978391,81.27256017,1,0.892145504676387,1,10.785449532361302,CRITICAL
1047,4.530694113,6.644509051,4.00811403,74.64210628,72.6282863,1,0.5852127692054079,1,41.478723079459215,WARNING
656,5.900295637,8.307274466,3.713017242,75.56620361,82.06000367,1,0.7683023694370558,1,23.169763056294425,CRITICAL
666,2.353205209,5.832254929,3.470845279,76.51880018,83.00752442,1,0.4807311978223814,0,51.92688021776186,MONITOR
796,3.701676186,7.087639454,2.359805253,76.37394361,77.56508141,0,0.6106788324637369,1,38.93211675362631,WARNING
1305,4.722603399,7.435370137,1.380086796,87.05237288,83.80391961,0,0.3976661002947035,0,60.23338997052965,MONITOR
850,2.375657382,7.551966112,2.569235,77.13097075,86.94309762,0,0.4698692998090805,0,53.01307001909195,MONITOR
778,4.569550619,5.511544513,2.687546583,81.07509313,84.23501385,1,0.5542548816284353,1,44.57451183715647,WARNING
810,3.815752017,4.645900331,2.524527406,83.55236085,74.91207068,1,0.4311187948945952,0,56.88812051054049,MONITOR
608,2.145477387,3.823174361,2.384124103,76.41469695,85.43718532,1,0.49972395949027015,0,50.02760405097298,MONITOR
534,2.152025558,7.572848916,2.019931713,76.22814376,82.89871571,1,0.7957015610577856,1,20.429843894221445,CRITICAL
750,2.686931566,5.090279553,2.058624264,76.94565581,85.3011919,0,0.4824114678232449,0,51.75885321767551,MONITOR
669,4.915633028,6.368597039,1.301830806,74.25275527,76.59009989,0,0.735744375459666,1,26.425562454033404,WARNING
481,4.234956519,5.08267423,1.71001905,75.72800876,71.13509007,1,0.8714849940711923,1,12.851500592880772,CRITICAL
1010,4.425086176,8.745352776,2.369105352,84.56961089,88.89091784,0,0.41086306130326394,0,58.9136938696736,MONITOR
441,3.992936816,6.194890535,3.152919174,73.50979656,75.35355918,1,0.8947686074282298,1,10.523139257177016,CRITICAL
1368,4.431744934,4.734390053,2.004665223,78.72311649,77.63564218,0,0.35976767129390286,0,64.02323287060972,MONITOR
571,2.563235967,6.159266613,2.520874172,75.92588289,72.8818659,0,0.7829340405794912,1,21.70659594205088,CRITICAL
1047,4.525758586,9.852326189,1.436560341,77.49135202,85.0948564,1,0.4584739212062473,0,54.15260787937527,MONITOR
576,3.378852156,6.402379173,2.436254817,77.36197731,75.36462451,1,0.7263271970291908,1,27.36728029708092,WARNING
660,2.518850626,7.772056779,1.145256553,77.50874522,80.02054681,1,0.5391756596655176,1,46.08243403344824,WARNING
537,2.940957821,5.438149446,1.721493143,75.65035202,71.29191915,1,0.8465576236215935,1,15.344237637840653,CRITICAL
488,3.989143279,6.956410339,4.233113465,77.28853687,72.63821542,1,0.8055793614441595,1,19.442063855584045,CRITICAL
529,3.870725201,5.120162329,0.884230475,78.27387986,82.72753638,1,0.6885450314578099,1,31.14549685421901,WARNING
726,1.230628679,2.592124731,2.11145109,77.65503933,90.50951629,1,0.4652829392492985,0,53.471706075070145,MONITOR
764,3.940837082,6.832061793,2.686248963,78.51433104,85.65865745,0,0.4640010446372776,0,53.59989553627224,MONITOR
610,2.360217637,9.929329894,3.285947327,74.69915576,69.9362644,0,0.8285161992326748,1,17.148380076732515,CRITICAL
1263,2.492342099,2.717896128,3.288169863,77.16350468,76.77081978,0,0.21216229324153107,0,78.7837706758469,NORMAL
457,3.466659976,5.579131796,1.422546889,77.6092668,75.6923232,1,0.742126462576098,1,25.787353742390195,WARNING
759,0.308482874,4.228529869,2.550292255,81.14774751,86.08804232,1,0.4775254074949549,0,52.24745925050451,MONITOR
764,2.906079843,8.572967145,2.407333125,77.36771741,81.5117588,1,0.6617312254819229,1,33.82687745180771,WARNING
1411,1.89732418,4.621009737,2.560055306,75.58544379,77.69975668,1,0.2908752923516171,0,70.91247076483829,MONITOR
895,2.986898834,4.991624163,2.301745876,74.70826205,72.21228801,0,0.5246123412642565,1,47.53876587357435,WARNING
1341,2.357713655,4.388354762,1.677036187,77.23750746,86.2596882,1,0.26306580774805877,0,73.69341922519412,MONITOR
706,2.26547645,3.707101603,3.310598614,78.38826852,78.11088034,1,0.3741485602256116,0,62.58514397743884,MONITOR
1058,4.176574193,10.44596844,1.5327593,77.38385961,87.72247596,0,0.43906428066026953,0,56.09357193397304,MONITOR
817,4.270764413,8.031881155,1.282675747,74.88688453,80.47703875,1,0.5681039053570813,1,43.18960946429187,WARNING
841,2.031330263,7.825731438,1.725577356,78.32797874,87.59019754,1,0.48458733391514275,0,51.54126660848573,MONITOR
425,4.7846964,7.517241063,2.984701588,76.36624146,86.79683787,0,0.8831341357606696,1,11.686586423933043,CRITICAL
723,3.784283546,7.054115022,1.582154559,78.03091036,83.57913366,1,0.5863191285535961,1,41.368087144640384,WARNING
1359,4.791229804,6.02839769,2.576677026,77.47500379,72.54401843,1,0.4347892313283082,0,56.521076867169185,MONITOR
657,1.862527624,6.593558367,1.215732389,75.46333607,92.58272189,0,0.5696514033823414,1,43.03485966176586,WARNING
547,3.29250378,12.2177211,7.09757141,74.7506467,90.2218738,1,0.7108973697356477,1,28.910263026435235,WARNING
667,2.576066826,4.503984938,1.813628514,80.69713523,81.48223643,1,0.4414835178182179,0,55.851648218178205,MONITOR
729,4.513901324,6.673503215,1.129785328,77.59288318,88.81340161,1,0.6304450774760161,1,36.95549225239839,WARNING
1073,2.157046822,3.499127343,2.599046387,74.3896665,78.0387269,1,0.26086545747661444,0,73.91345425233855,MONITOR
640,3.141753207,5.068797061,1.983550285,75.58976448,69.64982153,1,0.6502871234618326,1,34.97128765381674,WARNING
1551,2.712627616,16.41907581,0.370904414,74.49952871,76.42464681,0,0.4604526874920023,0,53.95473125079977,MONITOR
802,2.596787337,9.30862465,3.122688961,75.88727725,81.40476635,1,0.5216833827263821,1,47.831661727361784,WARNING
915,2.957126584,10.91519063,2.682538609,76.89868102,79.65903752,1,0.5977282026272203,1,40.22717973727797,WARNING
828,3.299317902,9.515455728,2.264382849,76.80383757,77.8612657,1,0.6647714929214833,1,33.52285070785167,WARNING
551,2.813498723,4.676523423,0.756080324,77.8586007,67.07948236,1,0.6157710654898485,1,38.42289345101515,WARNING
631,5.238686153,9.963249083,2.490327509,81.7800175,94.45813183,1,0.6966610553353898,1,30.333894466461018,WARNING
573,4.542159741,15.45976975,1.768363756,80.87744262,93.593814,0,0.7184414984543082,1,28.155850154569183,WARNING
877,2.124620528,2.585503567,1.956373604,78.59171025,84.57712675,0,0.31374846727671774,0,68.62515327232823,MONITOR
642,3.956896825,5.427613595,1.968789345,75.4109088,66.45611727,1,0.7533979608025763,1,24.660203919742372,CRITICAL
479,3.357996366,9.312451952,2.01550372,73.2414351,76.60859186,1,0.9321684481028891,1,6.7831551897110876,CRITICAL
561,4.919465404,13.94880376,1.639736592,77.03904377,82.83082224,1,0.843221626397474,1,15.6778373602526,CRITICAL
768,3.191888541,4.493910276,2.583188152,78.09700257,84.97108304,0,0.4632330941957473,0,53.676690580425266,MONITOR
520,3.521822437,5.382188391,1.719969477,77.64170754,75.55183121,1,0.7280414460745215,1,27.195855392547852,WARNING
733,2.224237401,6.166301285,2.980517244,81.68681024,89.05996642,1,0.4703699024081532,0,52.963009759184686,MONITOR
1223,2.577140609,5.318526121,2.944162743,76.53456259,84.00593946,1,0.3476804285604944,0,65.23195714395055,MONITOR
685,4.708998057,6.081656059,3.049174126,74.11296845,73.44987684,0,0.7289988747178238,1,27.100112528217622,WARNING
909,1.902371013,5.652577907,1.433371313,79.00222348,73.73373418,1,0.3727638508920244,0,62.723614910797565,MONITOR
808,5.107287574,7.936525862,2.344706464,75.3859842,86.13212409,1,0.5970859478526145,1,40.29140521473855,WARNING
395,2.171385719,6.362278658,1.385980489,76.26337274,84.25199872,1,0.9069826628672566,1,9.301733713274341,CRITICAL
1002,4.145073286,5.650363085,1.312839,75.42271202,80.97349312,1,0.35092552545840877,0,64.90744745415913,MONITOR
530,4.142201027,3.921240347,1.340232596,76.559611,84.97797215,1,0.8105745641258432,1,18.942543587415685,CRITICAL
475,2.618627562,15.61449265,1.281945119,77.74729819,68.90203951,1,0.8681109599648827,1,13.188904003511725,CRITICAL
533,1.978938303,6.485261284,5.949864865,76.68359135,88.98720602,1,0.6315905901895825,1,36.84094098104175,WARNING
1156,2.093973012,8.863949036,3.505857031,77.46181023,70.92317673,0,0.4328640883686737,0,56.713591163132634,MONITOR
724,2.064613934,5.265491154,2.117328232,82.47776606,73.62648223,1,0.442539313459517,0,55.7460686540483,MONITOR
775,3.910337369,6.541415887,1.599203088,74.66848201,82.9715224,1,0.5704858097418037,1,42.951419025819625,WARNING
595,2.823177747,10.221225,1.883603263,77.40789761,70.58702264,0,0.758377441210986,1,24.162255878901394,CRITICAL
560,2.683046512,12.02872734,2.559105228,87.24174026,84.05027372,0,0.7136040141483693,1,28.63959858516307,WARNING
746,1.872316939,4.278517119,1.357570938,75.61248199,70.95915238,1,0.41372172124205203,0,58.62782787579479,MONITOR
840,2.379173434,15.38222144,2.937488352,74.85844329,82.77579409,0,0.7151280526296259,1,28.487194737037413,WARNING
425,5.51857725,7.410779474,2.748060231,75.71181078,67.547163,1,0.9706780256007244,1,2.932197439927564,CRITICAL
793,2.457093915,7.598423271,1.870572863,74.28053627,78.19887211,1,0.6038452086172524,1,39.61547913827476,WARNING
392,2.497148039,8.65660403,3.952944417,76.04802093,72.47894165,1,0.9291565838546441,1,7.084341614535594,CRITICAL
1079,1.884124018,5.505063544,2.039940962,76.30840644,74.05852444,0,0.35004151153012375,0,64.99584884698763,MONITOR
1253,3.440128874,7.762260658,2.458026247,75.68259751,83.50255221,1,0.5492193658779899,1,45.07806341220101,WARNING
582,3.213019892,10.45155727,2.817119186,79.56761331,69.74684811,1,0.7583307382685667,1,24.16692617314333,CRITICAL
815,3.25241634,5.446731741,5.457185872,77.36599356,74.36437049,1,0.46644256281808066,0,53.35574371819194,MONITOR
818,3.822396352,6.88714036,1.49382824,77.20821389,76.60606778,0,0.5175365390578515,1,48.24634609421486,WARNING
704,4.824756474,14.01645203,3.127024607,73.49296153,71.21713769,0,0.7892808647809356,1,21.07191352190644,CRITICAL
651,5.516563101,4.665174903,3.494341309,76.76425475,76.83265625,1,0.5798254366008431,1,42.0174563399157,WARNING
1322,4.362502256,5.200347491,2.543342347,77.28275054,80.15912568,0,0.3028509584579558,0,69.71490415420443,MONITOR
898,5.394699504,5.013831545,2.505402907,77.01999846,75.1055504,0,0.46197394968316235,0,53.80260503168377,MONITOR
834,2.076565455,6.574008042,2.325895648,74.58030756,75.63493032,0,0.42203783530948646,0,57.79621646905135,MONITOR
545,2.198545888,5.147330829,2.137029087,79.34326605,85.50884429,0,0.7508235386665961,1,24.917646133340387,CRITICAL
612,2.072847372,5.938563538,1.002812184,76.51705809,72.21223751,1,0.6141299697273594,1,38.58700302726405,WARNING
993,3.272306436,8.759691406,3.13880745,76.57478402,87.22974023,0,0.5436012531201826,1,45.63987468798174,WARNING
853,3.136550359,1.207902552,1.786505722,77.47964649,85.92565673,0,0.31997495193168335,0,68.00250480683167,MONITOR
676,5.590796867,5.415023133,1.854310979,76.54818562,67.05913373,1,0.5572519693526299,1,44.274803064737014,WARNING
461,2.316227064,12.82512165,1.575178731,77.3353738,81.67302627,1,0.8175374368264104,1,18.246256317358956,CRITICAL
760,2.000847295,5.798000291,3.434743239,74.73840164,65.98658277,1,0.746076380206668,1,25.3923619793332,WARNING
1004,2.487068601,6.506698282,5.701215061,77.89880283,88.51243989,1,0.34069873060043443,0,65.93012693995655,MONITOR
421,2.311524171,7.743172745,2.695075808,76.83170398,92.36638208,1,0.8560854268234062,1,14.391457317659384,CRITICAL
801,2.500153137,5.911520828,1.979120382,77.77047737,76.46659418,0,0.3853874539099263,0,61.461254609007376,MONITOR
679,2.74077584,12.02719291,4.110421491,75.54246597,79.94989486,1,0.6048497392279221,1,39.51502607720779,WARNING
662,5.054411019,6.988442156,2.062073846,76.27166024,82.33485855,1,0.7223193946001586,1,27.76806053998414,WARNING
686,2.281504946,4.581041428,2.438730339,74.08128787,69.07221252,0,0.7722027034388919,1,22.779729656110813,CRITICAL
889,4.157592599,8.258786529,4.297567393,76.10111083,75.34146003,0,0.5428887239015169,1,45.71112760984831,WARNING
550,5.106337489,5.934182957,1.997549407,77.01175064,73.5521676,1,0.7213307275801083,1,27.86692724198917,WARNING
472,2.949093469,5.233727528,2.006954943,76.98512769,85.05005362,1,0.7471781574717953,1,25.28218425282047,WARNING
887,0.500010149,5.426869911,3.306636368,76.67225043,74.01940498,1,0.3791892519612334,0,62.08107480387666,MONITOR
459,1.904203197,6.251307575,1.54212355,72.25759443,84.09479595,1,0.7923139773283134,1,20.768602267168657,CRITICAL
462,2.502990028,4.614554266,2.85213181,77.418983,77.20238268,1,0.7680432020373607,1,23.195679796263935,CRITICAL
1277,5.476089667,6.054230502,3.382992367,75.17485867,80.13818987,1,0.49683412382879394,0,50.31658761712061,MONITOR
856,3.031963732,8.134556549,1.288740151,77.0858192,88.82902022,0,0.6067670165655613,1,39.32329834344387,WARNING
997,0.612139771,4.683000051,1.485607878,82.38286599,78.12594093,0,0.32736913953841973,0,67.26308604615802,MONITOR
1036,3.266031106,7.351652423,0.729415686,75.51330073,79.95828847,1,0.5120061770056593,1,48.79938229943407,WARNING
591,4.869288101,7.860033003,2.781762808,76.00480045,66.66709751,1,0.8667572705051995,1,13.324272949480054,CRITICAL
682,3.509360116,5.850651468,2.4390238,81.9416985,79.25045254,1,0.5730523859976357,1,42.69476140023642,WARNING
953,4.366601141,4.807785332,1.699529661,81.68264188,68.54502564,1,0.3588258433038464,0,64.11741566961535,MONITOR
905,4.240201822,6.142632263,1.111661216,85.56823122,88.37398831,0,0.42727091170406195,0,57.2729088295938,MONITOR
1154,4.391431799,4.451851055,1.396360991,85.84991715,75.5837782,1,0.2781280665992354,0,72.18719334007646,MONITOR
961,1.907135494,14.43163506,1.552088252,76.47543301,71.1368491,0,0.5482984344388779,1,45.170156556112204,WARNING
865,2.929342224,6.101720144,4.982169871,77.69143041,83.32775859,0,0.4122710194743255,0,58.77289805256745,MONITOR
522,4.348993245,9.309670691,1.587357785,74.64505784,71.38757329,1,0.9630050994797904,1,3.6994900520209595,CRITICAL
730,2.894705653,7.200042284,1.611206597,76.20685163,76.34978708,1,0.742573092583385,1,25.7426907416615,WARNING
677,3.169062167,4.871894844,2.572828151,77.76166077,88.296283,1,0.4727560987392357,0,52.724390126076436,MONITOR
1008,2.313566679,2.066152089,1.624082399,78.26810508,86.90820432,0,0.2964954143622433,0,70.35045856377566,MONITOR
1048,4.707825592,4.403818184,1.549348726,75.50089282,69.79372413,0,0.4866729011971029,0,51.332709880289705,MONITOR
734,3.893191324,6.837404801,1.641189384,75.85220456,74.57429896,1,0.6843258337786665,1,31.567416622133347,WARNING
840,3.179180892,1.635770229,2.098030444,77.32508907,82.09895957,0,0.2240793998305728,0,77.59206001694272,NORMAL
434,4.622657701,4.860942302,2.41697045,76.05697058,80.8563777,1,0.8047885255379617,1,19.521147446203834,CRITICAL
580,3.748294918,15.00855245,2.012853641,75.89932757,95.1491783,1,0.7469689950927106,1,25.303100490728937,WARNING
898,4.909559951,1.424510374,2.928664668,76.82929698,79.91062103,0,0.20007469168392655,0,79.99253083160734,NORMAL
613,2.38753828,4.623730473,2.186444538,76.11240328,81.89944837,0,0.49064662791955327,0,50.93533720804467,MONITOR
767,3.495199724,4.845329332,1.811688485,80.05734732,75.31891697,0,0.49856809744051334,0,50.14319025594867,MONITOR
682,3.038532393,3.990943697,2.419333355,74.78682001,77.7195891,1,0.5307808451825804,1,46.92191548174196,WARNING
605,1.536758317,7.9194175,1.861758666,74.85940305,78.40794386,1,0.7442590193479162,1,25.574098065208382,WARNING
544,2.381797483,18.86116757,1.023096481,74.23758177,84.26205857,1,0.7584886016742547,1,24.15113983257453,CRITICAL
390,2.241631349,9.812596479,2.967307553,76.08764617,71.50454844,1,0.9579921200415106,1,4.200787995848943,CRITICAL
393,3.997489279,3.220321551,2.278885433,76.36890416,73.95590881,0,0.8732477016770224,1,12.675229832297763,CRITICAL
673,2.427752363,11.43839674,1.828546888,84.52338063,86.06776215,0,0.5602397141218508,1,43.976028587814916,WARNING
816,1.924260004,1.135958928,1.020585001,74.87002454,76.67849713,0,0.32053292697925456,0,67.94670730207454,MONITOR
1265,2.42331119,3.849420742,1.940051711,78.60567307,71.16879946,0,0.2623250069629068,0,73.76749930370931,MONITOR
977,5.700200328,5.196521111,2.897153534,80.93705123,69.8995178,1,0.43019401336332797,0,56.9805986636672,MONITOR
1000,2.737609237,7.050306008,2.978768876,77.64083501,70.93576487,0,0.36099418777913966,0,63.90058122208604,MONITOR
653,3.568198928,5.345689458,0.759348037,76.43798105,87.40474202,1,0.6850628999924133,1,31.493710000758668,WARNING
606,2.087365457,5.691801418,1.146337661,75.20035181,86.11883291,1,0.5852221982541178,1,41.47778017458822,WARNING
772,3.071266453,3.295086725,1.915774237,82.49663399,84.11460368,0,0.34122916540274073,0,65.87708345972592,MONITOR
454,0.017448888,7.234136952,1.275377086,80.55897037,67.93209577,1,0.8249448397708335,1,17.505516022916645,CRITICAL
769,2.788219428,4.62341352,3.160683527,77.08532514,81.04837782,0,0.4462640377128546,0,55.37359622871454,MONITOR
734,1.788247292,6.718904143,2.896118656,75.01353097,83.74150466,0,0.5744698106504805,1,42.55301893495195,WARNING
1297,3.575365722,6.934630475,1.471779983,74.24807372,76.34022043,1,0.42644315526766075,0,57.35568447323393,MONITOR
928,2.745738234,4.923815054,1.6158925,82.96894838,72.92252893,0,0.31776054470786796,0,68.22394552921321,MONITOR
925,4.251381123,6.884824537,3.531966396,75.03543495,81.56404376,0,0.4356972637020852,0,56.43027362979147,MONITOR
1301,3.797865769,7.226486308,2.572415321,78.23394812,72.05996171,0,0.4142033999774188,0,58.579660002258116,MONITOR
1280,3.418698934,7.508984426,1.569087474,79.93752093,85.19684305,1,0.35162967137601076,0,64.83703286239893,MONITOR
1128,2.316545023,5.769000234,3.836800274,72.94469931,81.99832656,1,0.48155098658241313,0,51.844901341758685,MONITOR
685,3.478398613,4.538501153,2.248469562,78.49159168,85.9916004,1,0.42370295138985353,0,57.629704861014645,MONITOR
552,2.1159384,4.458593043,0.851901706,79.03541092,79.35446757,1,0.549995869032465,1,45.0004130967535,WARNING
580,2.148754205,7.550293602,2.794424357,80.90610765,81.23257102,1,0.6925150166934634,1,30.74849833065366,WARNING
837,2.545010933,2.790887246,1.785302898,77.56442114,75.30411335,0,0.32829389883275023,0,67.17061011672499,MONITOR
1145,4.01503389,5.256223304,3.169126068,76.95818717,67.86147876,0,0.3453636918676472,0,65.46363081323527,MONITOR
488,5.229103011,2.769050659,2.874110244,78.31256393,87.95248008,1,0.850130705251573,1,14.986929474842704,CRITICAL
797,2.462027183,4.283105167,2.187904578,75.80978574,68.43532058,1,0.5493702210581084,1,45.06297789418916,WARNING
1315,3.664665178,6.46067356,2.097933809,78.70578081,79.16254543,1,0.35233726388092335,0,64.76627361190766,MONITOR
695,3.746314535,6.052376443,2.934530156,79.55622092,82.77238601,1,0.582241674526588,1,41.775832547341196,WARNING
371,2.0528516,8.096558965,2.511071169,75.3909952,77.48105958,0,0.9499051172123081,1,5.009488278769192,CRITICAL
532,2.568112686,8.021161877,2.647031993,73.99446404,73.07615472,1,0.8995802963352838,1,10.04197036647162,CRITICAL
732,2.982871606,5.870506478,3.224039724,76.92544136,79.85200567,1,0.4945393165019627,0,50.54606834980373,MONITOR
724,2.880196873,1.19410526,3.261921436,80.31336906,75.88778807,1,0.334822170295714,0,66.51778297042861,MONITOR
463,3.129276463,4.794016949,2.529281148,75.91788567,83.90231105,0,0.8097137410102803,1,19.028625898971974,CRITICAL
600,4.668198871,5.588346991,1.997896105,76.58984098,68.96768861,1,0.7334284528564364,1,26.657154714356356,WARNING
722,3.393938127,6.290179538,1.959339825,75.65009828,83.15811722,1,0.724861451779884,1,27.513854822011595,WARNING
1281,4.093606867,4.66227032,1.607835565,77.38513218,80.09425938,0,0.3255001018844711,0,67.4499898115529,MONITOR
641,4.205490324,6.630221873,1.8406301,77.97505784,74.57020437,1,0.6157826182957055,1,38.42173817042946,WARNING
461,2.193178931,7.84427683,2.89823301,76.23391525,76.80562668,1,0.8599528052917286,1,14.004719470827142,CRITICAL
455,3.677606615,1.688317868,2.201063219,76.77386726,75.2321657,1,0.7246751123391505,1,27.53248876608495,WARNING
480,3.030013009,6.115227907,1.268276151,76.79267746,74.48586356,1,0.7893433502665865,1,21.06566497334135,CRITICAL
649,4.014151431,8.529781299,1.844954846,74.53384172,80.18416989,1,0.6632499494175201,1,33.67500505824799,WARNING
524,3.098416427,7.547752885,3.210213381,74.56828236,73.87466243,1,0.9059710459608917,1,9.402895403910827,CRITICAL
851,2.369306493,5.968350974,4.23246651,86.00747416,77.72216621,0,0.3328116606850054,0,66.71883393149946,MONITOR
566,2.597873853,6.109728944,2.836157755,79.70717322,79.85260892,1,0.7784108785044043,1,22.158912149559573,CRITICAL
725,2.997937099,8.785459812,3.418660161,77.17659766,82.57745193,1,0.6658456155113125,1,33.41543844886875,WARNING
1341,1.913394019,6.000767031,2.522922495,77.68454621,88.73727578,1,0.2759883477261054,0,72.40116522738947,MONITOR
1383,1.980378193,6.72779478,1.68048582,75.90570538,74.58624829,0,0.32003361459859986,0,67.99663854014003,MONITOR
731,3.136090263,5.497883609,3.001961871,75.3987877,73.63951812,1,0.6502435594831718,1,34.97564405168282,WARNING
1601,2.482880125,9.46268536,1.78132405,75.60285237,86.82540988,1,0.32310228967488397,0,67.6897710325116,MONITOR
607,4.016823859,4.402368093,1.473533936,81.12302746,82.05730229,1,0.5932212024834054,1,40.67787975165946,WARNING
824,2.213278627,5.208604853,3.294579224,73.25006008,73.92640593,0,0.5420022833424213,1,45.79977166575787,WARNING
577,3.940982513,7.321786572,3.346610832,77.78889873,85.14432186,1,0.6628500665003183,1,33.71499334996817,WARNING
537,2.103535405,5.740737672,1.083505666,74.22229304,82.06560619,1,0.737420688509515,1,26.257931149048495,WARNING
763,3.413606879,5.477267671,2.680862517,76.66497297,77.49180846,1,0.5976917578038212,1,40.23082421961788,WARNING
823,2.09261354,7.100224895,1.790771784,76.81916813,76.3844377,0,0.46059714563529863,0,53.940285436470134,MONITOR
686,2.16268988,6.446511295,2.228399997,75.78779245,73.32454813,0,0.5153221943167735,1,48.46778056832265,WARNING
1438,1.590114386,7.421382911,2.534361667,77.24992633,84.20114847,0,0.2991685563959493,0,70.08314436040507,MONITOR
654,3.935491063,7.841980245,1.48535576,75.45422393,82.41626904,1,0.755458779394191,1,24.454122060580897,CRITICAL
1640,3.808534802,6.756059402,1.681747522,85.12121606,66.75493786,0,0.48433759385077724,0,51.56624061492228,MONITOR
1576,4.108501248,6.994348455,1.464100654,77.61478465,78.2624028,0,0.43029537882244784,0,56.97046211775522,MONITOR
1052,3.522196441,5.524576277,6.266875488,77.10356882,70.32025678,1,0.3007418577866949,0,69.92581422133051,MONITOR
487,3.721606386,15.70032212,3.502132908,75.79767326,81.03317484,1,0.8744700292559467,1,12.552997074405326,CRITICAL
616,5.430131629,8.025171769,0.401875374,77.11154828,71.92163975,1,0.7655838773423405,1,23.441612265765954,CRITICAL
635,2.135722198,5.858025743,1.197472485,74.29446329,72.66536506,1,0.5718295279618593,1,42.81704720381407,WARNING
508,1.981080198,7.14766814,3.376230442,84.25088464,80.11972617,0,0.7177864490912639,1,28.22135509087361,WARNING
679,3.426454131,4.73974744,1.905157525,76.03435357,83.71509033,0,0.6504921798030804,1,34.950782019691964,WARNING
828,4.057485757,6.836365106,2.057446593,78.16597882,89.05312444,1,0.4609613316470055,0,53.90386683529945,MONITOR
1041,4.521052604,6.210473426,3.187333879,79.19700639,71.81744631,0,0.3260269066255106,0,67.39730933744895,MONITOR
955,2.395127241,6.369332885,1.982329054,74.62443292,80.34982259,1,0.4695790771856444,0,53.04209228143556,MONITOR
552,3.144595021,4.855246799,2.849956465,75.45311259,65.6732725,1,0.8531563030945326,1,14.684369690546738,CRITICAL
1150,2.236247587,9.361295951,1.449700039,75.8542173,76.11210972,1,0.3365250859836355,0,66.34749140163645,MONITOR
582,3.305923512,10.11824225,1.435929626,77.64036859,75.24191218,1,0.7392740808122165,1,26.072591918778354,WARNING
1160,2.497388261,4.635109754,1.861152806,74.02667526,68.69180777,1,0.6580626395149022,1,34.193736048509784,WARNING
983,4.150463474,3.885178705,2.373489812,77.22590477,78.56257731,0,0.21670289262180545,0,78.32971073781945,NORMAL
626,5.128554564,4.249362715,1.545277641,78.25741258,78.96126358,1,0.4085881486401515,0,59.141185135984855,MONITOR
848,5.041836347,6.349225426,4.294664318,75.19796477,82.49990933,1,0.5582636537654617,1,44.17363462345383,WARNING
1086,4.508131813,5.901259801,1.191325477,75.30020509,69.16508701,1,0.5127096347499732,1,48.72903652500268,WARNING
529,3.785529273,8.046544799,3.32458934,75.2286849,73.99102318,1,0.8548425834242614,1,14.515741657573855,CRITICAL
901,2.818155577,5.29798994,1.693433458,77.07743994,79.70129395,1,0.3841854024575667,0,61.581459754243326,MONITOR
643,2.218643831,5.797620942,0.841596888,84.87961032,84.58779988,1,0.48091173417855787,0,51.908826582144215,MONITOR
959,2.174341484,2.132372154,1.145021331,82.27038141,83.77531,0,0.3767291404401008,0,62.32708595598992,MONITOR
459,5.624806813,9.139945617,1.294455,84.81651892,68.02638422,1,0.937731921884253,1,6.226807811574697,CRITICAL
931,1.819531757,6.267878574,1.919201059,79.55028152,84.71489996,0,0.4176975787752078,0,58.230242122479225,MONITOR
1003,3.480686086,6.13709598,1.502485561,76.14279097,82.97216709,0,0.41693872077940636,0,58.30612792205936,MONITOR
659,3.391689369,5.492123205,2.718949003,75.78311701,78.49299972,1,0.7359914450423404,1,26.400855495765963,WARNING
971,2.162634309,5.288795025,5.556781269,77.71530051,83.29732487,0,0.2436163126176703,0,75.63836873823297,NORMAL
1015,2.96386188,2.237735996,2.891221514,75.85005156,75.74756456,1,0.3472834182146247,0,65.27165817853754,MONITOR
908,2.34298638,13.48928275,1.397817265,75.09183865,89.91666123,1,0.5193908535230679,1,48.06091464769321,WARNING
603,4.103444987,4.816152657,2.675635548,83.99220446,88.37023123,1,0.5955271558521228,1,40.447284414787724,WARNING
990,3.07085582,10.00811444,3.430589772,77.90244713,76.40444883,1,0.36722572843548096,0,63.27742715645191,MONITOR
813,2.217467051,6.976107254,1.538755744,77.23939781,81.6613328,1,0.4568447699611728,0,54.31552300388272,MONITOR
825,2.076628759,5.722442712,2.248595659,75.02718814,83.34319961,1,0.5232986365141855,1,47.67013634858145,WARNING
466,1.907980151,2.844804953,2.095718862,75.87953202,82.49901803,0,0.7246604433392925,1,27.533955666070753,WARNING
722,2.148746885,4.905491755,1.779630631,74.49055618,68.09609787,1,0.6650848164836247,1,33.49151835163753,WARNING
579,4.281392356,6.273855998,1.767545493,75.41027221,71.88935497,1,0.7504401145170659,1,24.955988548293405,CRITICAL
668,2.676840685,6.086536586,1.21144996,85.04176623,89.22687274,1,0.55888710713512,1,44.111289286487995,WARNING
1196,2.944374674,9.667704349,1.41603284,78.14473466,73.86307023,1,0.5133254459485248,1,48.66745540514752,WARNING
594,3.82445029,12.61343521,1.70799522,75.68851106,78.93312543,1,0.7011259133931323,1,29.887408660686766,WARNING
1024,5.111173183,7.640231413,1.355008584,78.40145116,81.08863251,1,0.3797169460045985,0,62.02830539954015,MONITOR
604,4.037863172,6.068130717,2.645791056,84.05161299,75.03809879,1,0.5891860492131106,1,41.08139507868894,WARNING
934,4.389349993,10.07384643,5.565129522,76.59748868,86.47399629,0,0.5813538615798358,1,41.86461384201642,WARNING
906,4.198483497,5.379505618,2.189138168,75.79644913,80.25400867,0,0.41383086258858515,0,58.61691374114149,MONITOR
461,2.353805043,6.273069456,1.349175505,75.72693018,73.44449259,1,0.8564688344778528,1,14.353116552214718,CRITICAL
495,3.640083544,2.617189522,3.991755144,84.43772852,82.9431779,1,0.5343828533396359,1,46.561714666036416,WARNING
561,3.900674511,1.390572356,5.343930414,82.50264993,66.85448936,0,0.5664663438440439,1,43.35336561559561,WARNING
612,4.764782691,9.149370388,1.141852139,75.47047966,67.5495656,0,0.8207127231841818,1,17.928727681581826,CRITICAL
1095,2.682758916,6.844390793,1.718101089,77.76479197,78.05263095,0,0.46529902743464724,0,53.470097256535276,MONITOR
970,2.444293883,3.393820484,1.976380541,77.71385193,75.85218022,0,0.24442643620355847,0,75.55735637964416,NORMAL
954,3.724342291,6.15346745,2.344916187,77.12751626,82.20964458,1,0.36862637144094107,0,63.1373628559059,MONITOR
987,5.155638975,10.04941217,5.383481999,76.49118708,66.62274865,1,0.6812559942087275,1,31.874400579127247,WARNING
528,1.751937954,6.896169021,2.974795792,76.74545957,79.35606693,1,0.7278410279342902,1,27.215897206570983,WARNING
543,3.352108227,6.543753896,2.026407604,77.33733824,81.45123951,1,0.7427365979117688,1,25.726340208823117,WARNING
633,2.323302382,4.94477356,2.731722202,75.3146185,81.24426884,1,0.6226429058109073,1,37.735709418909266,WARNING
487,2.763397612,7.347858477,2.46019174,75.03141623,69.41686886,1,0.9421150872648439,1,5.788491273515605,CRITICAL
1177,2.303199594,6.800752392,1.369857508,76.12391946,79.1531945,1,0.2805699609005391,0,71.94300390994609,MONITOR
777,4.334318772,12.96862805,2.752799966,74.27713242,84.76122162,1,0.5881320822423454,1,41.186791775765464,WARNING
749,2.110800633,4.653699104,1.664208508,75.60158539,84.08303823,0,0.4130580269277759,0,58.69419730722241,MONITOR
823,3.139223334,10.61133234,3.108060926,75.66364503,71.09794903,1,0.6292638489706893,1,37.073615102931065,WARNING
629,3.729362006,7.120917667,2.456310435,82.33275985,91.76116725,1,0.6842861547083156,1,31.571384529168444,WARNING
791,5.364933592,5.382517668,1.952156588,77.65829494,80.65242769,1,0.5984404385834063,1,40.15595614165937,WARNING
953,4.524189544,6.591307372,1.829776386,76.36687018,89.38256392,0,0.5168842978273541,1,48.31157021726459,WARNING
948,4.646147249,8.575142653,2.615116177,74.99416012,72.61568021,1,0.4971990059993263,0,50.28009940006737,MONITOR
961,5.781298951,5.694416297,1.388438354,73.89055398,76.15092702,0,0.6970657803741671,1,30.293421962583288,WARNING
571,4.051955304,9.153942781,1.459597687,77.02933426,73.61603298,1,0.8323554274425494,1,16.764457255745057,CRITICAL
1272,4.795232172,7.105370388,2.776575599,76.43507382,70.82889166,0,0.4563805767393801,0,54.36194232606199,MONITOR
486,1.713611884,7.593934815,3.271718312,73.74330466,91.29687786,1,0.7553112362555351,1,24.46887637444649,CRITICAL
1029,3.599452875,5.430154827,1.166494569,77.92959729,67.2073085,0,0.5691281316296062,1,43.08718683703938,WARNING
742,3.95122392,5.589692716,2.295213332,76.14915401,71.52605685,1,0.578258323201486,1,42.17416767985141,WARNING
824,3.300942844,5.206861089,5.068728318,78.24535252,86.43964613,1,0.28906682720524807,0,71.09331727947519,MONITOR
675,1.93262479,6.730166895,1.345991918,76.57030184,82.55235813,1,0.6226456322160574,1,37.73543677839426,WARNING
436,5.325462638,7.10494088,3.063007282,75.21830917,85.70740079,1,0.9220493537891622,1,7.79506462108378,CRITICAL
616,2.849246709,15.18635472,1.705065868,76.358682,72.90499306,1,0.8196472087370751,1,18.03527912629249,CRITICAL
431,3.134968532,4.322454008,1.389070274,77.37905186,72.91970831,1,0.7710445208699022,1,22.895547913009786,CRITICAL
710,2.620655068,11.21472149,2.636433239,76.66962354,72.88436389,0,0.6404108433489311,1,35.95891566510689,WARNING
1009,4.155122309,7.459583237,3.038278547,82.5224274,87.00739224,1,0.3127547947755456,0,68.72452052244545,MONITOR
724,4.931863218,3.497614323,2.962046262,75.14407893,85.58538815,1,0.5709096395739712,1,42.90903604260288,WARNING
367,3.601815275,6.74004355,1.854593765,74.83093464,82.10152938,1,0.9209491816000615,1,7.905081839993855,CRITICAL
795,2.392265246,4.737050979,2.830403601,75.88899539,87.14946455,1,0.3694118220244017,0,63.05881779755983,MONITOR
1178,4.249298819,3.439974816,2.370488426,77.29442867,84.89776267,0,0.3077254929979545,0,69.22745070020456,MONITOR
663,3.56736922,9.115757519,1.994200847,80.10647996,68.36833833,1,0.8100047081772289,1,18.999529182277108,CRITICAL
493,4.987390974,5.488729272,4.296275292,77.86984328,79.19338943,1,0.7480334802094203,1,25.19665197905797,WARNING
851,5.042649554,10.02958138,2.007579117,81.78482561,89.17808003,0,0.6244107031621241,1,37.55892968378759,WARNING
421,4.097735955,5.181338584,3.088414479,76.70875317,81.27695045,1,0.8241873366977678,1,17.581266330223222,CRITICAL
819,3.147547596,7.347968912,3.014238243,75.99505567,81.90330785,0,0.5565516615063336,1,44.34483384936664,WARNING
895,2.206471573,6.800141999,4.083602621,77.0964296,75.81571445,0,0.3472458187005601,0,65.275418129944,MONITOR
562,2.825277759,6.048096944,1.689179786,77.26119869,76.62288601,0,0.6675470192459192,1,33.24529807540808,WARNING
1265,2.212431147,17.56316606,1.741781621,76.75506195,74.42588881,1,0.4169761285256716,0,58.30238714743283,MONITOR
1023,3.526581761,7.689879323,1.681033512,82.1389393,85.68621501,1,0.404460963695568,0,59.553903630443195,MONITOR
660,2.568964134,5.569188868,3.556142228,75.65139405,77.47247779,0,0.5778786264724416,1,42.21213735275584,WARNING
450,0.699887698,4.111951561,0.94999253,74.8690501,72.8898093,1,0.7333670519728156,1,26.66329480271844,WARNING
905,2.396115297,6.321754966,1.047347513,75.90412268,86.54992855,1,0.40627072841935896,0,59.3729271580641,MONITOR
553,2.204628048,4.575460205,3.45488436,76.3261224,74.29652696,1,0.7220490516840739,1,27.795094831592614,WARNING
754,0.374371704,4.572401618,2.243755682,74.07760684,78.58298492,1,0.6122000859174335,1,38.779991408256656,WARNING
670,2.492499635,7.122014737,1.280185897,81.01274421,77.18424715,1,0.5009405169717167,1,49.90594830282833,WARNING
513,3.527457283,5.162343985,1.9854009,75.85289581,74.39378583,1,0.7531023311743287,1,24.68976688256713,CRITICAL
588,4.056072999,8.139676981,2.203048912,75.19709307,74.41633507,1,0.7754428355645091,1,22.45571644354909,CRITICAL
1293,3.435343747,5.055432125,1.811140904,74.93811497,83.40945385,1,0.4523132850170784,0,54.768671498292164,MONITOR
799,2.299056533,7.7076137,2.338811588,78.06929962,82.54390862,0,0.49554169720849583,0,50.445830279150414,MONITOR
884,3.526790589,6.096958434,2.603565846,76.0161047,85.56242202,1,0.5090066899943392,1,49.09933100056608,WARNING
617,4.1031345,19.15932916,2.912220739,83.37420658,78.54304907,1,0.7214319529379541,1,27.856804706204585,WARNING
573,3.814681515,7.087399262,4.953433817,80.09821846,87.2459839,0,0.6942749578239189,1,30.57250421760811,WARNING
959,2.744963028,4.696816643,0.902343833,77.90208096,81.16189509,1,0.2448341366899901,0,75.516586331001,NORMAL
962,3.996573183,5.800062734,1.98626399,77.89517601,81.74399902,0,0.32184524285473626,0,67.81547571452637,MONITOR
629,3.200757156,4.883725754,2.043423928,82.21208889,77.80529239,0,0.6937439039763476,1,30.625609602365245,WARNING
1260,4.636462548,3.028389456,2.630748358,78.54660623,69.76783302,1,0.3126126939285397,0,68.73873060714604,MONITOR
413,2.836612693,6.023329673,2.951849865,72.9508167,80.1115342,1,0.9109896707718006,1,8.90103292281994,CRITICAL
582,3.77880386,11.42260655,1.754721821,77.17303234,69.08911042,1,0.8176679082485143,1,18.233209175148566,CRITICAL
1331,2.310082322,6.926832174,1.465488271,77.08798849,83.25931245,0,0.3267671328789252,0,67.32328671210747,MONITOR
864,1.896482474,5.826470801,2.850484495,77.41297276,79.4693422,1,0.3412068695766279,0,65.8793130423372,MONITOR
1380,2.732900468,5.326340829,5.831570426,77.43071285,77.95799547,0,0.23430888241085399,0,76.5691117589146,NORMAL
698,3.887437434,5.216670127,2.555031799,79.36156231,72.89581637,1,0.5946925990460039,1,40.53074009539961,WARNING
404,3.713587241,11.10170752,1.445810374,74.32766693,85.1382239,1,0.944279687275743,1,5.572031272425704,CRITICAL
696,1.816926222,10.95905755,2.302951264,76.14677593,80.79007199,1,0.46605348017409737,0,53.39465198259026,MONITOR
1148,4.803704531,7.179431299,2.536912404,73.20584815,88.45221713,1,0.6882762793429568,1,31.172372065704323,WARNING
493,2.896283001,10.19356798,1.543977516,74.99950772,74.36157961,1,0.9247622242800012,1,7.523777571999879,CRITICAL
574,4.122944138,8.353271867,1.992030622,75.80687363,76.61624574,1,0.7702300458861059,1,22.97699541138941,CRITICAL
1124,2.057861729,7.485860117,2.293213335,77.11211265,80.80128755,0,0.42973325716661964,0,57.02667428333803,MONITOR
944,3.535685798,5.684736638,1.850257202,75.26752766,72.71811629,1,0.46349165455944397,0,53.650834544055606,MONITOR
636,0.996441894,2.001760432,2.234294038,77.04082113,76.05656508,1,0.31469752179173577,0,68.53024782082642,MONITOR
650,3.792409786,7.094240794,5.522305174,75.20108748,83.39459356,0,0.722772358820739,1,27.7227641179261,WARNING
428,2.467040508,6.29582351,3.173783938,75.59057705,75.04944018,0,0.9257984060567624,1,7.420159394323756,CRITICAL
1168,4.383913922,4.402109565,2.259759393,85.53611983,76.04116698,0,0.2715589553255178,0,72.84410446744822,MONITOR
969,2.790596237,4.49945453,2.562129192,74.23047163,73.9897927,0,0.410004098541532,0,58.999590145846796,MONITOR
739,3.381055744,6.725646297,1.640899011,77.24300005,74.82607632,1,0.6362198140624329,1,36.378018593756714,WARNING
911,2.937898622,5.432216787,0.77903802,84.6382824,77.29857141,0,0.4550856926605392,0,54.491430733946075,MONITOR
1342,4.820392538,8.582139937,2.534098169,74.99584608,68.66706578,0,0.5747156916592634,1,42.52843083407366,WARNING
647,4.723826806,7.574268732,2.669886626,74.66964329,74.62343534,1,0.7841309146892438,1,21.586908531075622,CRITICAL
853,1.697750719,2.195373924,2.140910514,75.23974353,84.82111502,1,0.25719179873410003,0,74.28082012659,MONITOR
678,3.705727111,4.828925741,2.045334644,74.54460108,88.96002215,1,0.768744296705151,1,23.1255703294849,CRITICAL
911,4.482708862,5.950251851,1.86179965,85.53559834,76.28563891,0,0.3236897570335648,0,67.63102429664352,MONITOR
900,2.596143737,7.35615495,1.53340072,76.69643345,91.57730692,1,0.4673853314369717,0,53.26146685630283,MONITOR
930,3.939654234,7.768757442,2.632715935,77.112468,83.50274046,0,0.46128450129760173,0,53.87154987023983,MONITOR
1027,2.764160601,7.494284455,2.728726498,76.3987568,77.32811524,1,0.40274652975198816,0,59.72534702480119,MONITOR
406,4.310370829,6.183740269,1.304933924,76.79034991,79.44172452,1,0.8700958847745753,1,12.990411522542466,CRITICAL
770,3.332817155,3.484321454,3.122370552,79.84168894,80.77740263,1,0.4245220810136997,0,57.54779189863003,MONITOR
837,2.84670244,10.35611044,6.414517414,77.27342546,79.20521619,1,0.5031754720826478,1,49.68245279173522,WARNING
613,4.264711335,6.426317738,2.302878291,80.26600708,83.65951343,1,0.576637691453378,1,42.336230854662205,WARNING
833,3.735580053,4.628942595,1.875528413,76.96233914,76.94114681,1,0.3729355373173464,0,62.70644626826536,MONITOR
872,4.465559113,9.740427648,3.176126499,74.31101923,88.54326582,1,0.6880387147048512,1,31.196128529514876,WARNING
677,3.139806498,5.806267934,0.972870876,75.51039785,81.75947876,1,0.7854638492684858,1,21.453615073151422,CRITICAL
700,3.193486067,7.61356468,1.710583971,76.3959769,74.0934385,1,0.7930813831526042,1,20.691861684739578,CRITICAL
790,1.874026744,3.927190934,2.12629551,76.98896292,84.32728404,0,0.32615954533485436,0,67.38404546651456,MONITOR
830,3.546706071,7.148550071,2.341485967,76.92787103,72.94047495,1,0.5796625122538515,1,42.03374877461486,WARNING
698,4.778870396,7.297035923,1.24255365,75.91490694,74.42875319,0,0.8021634949921725,1,19.783650500782745,CRITICAL
765,3.879590497,6.669617977,2.680011254,74.90490305,84.81856204,1,0.5768620051492089,1,42.31379948507911,WARNING
593,2.286642094,2.975937944,2.241325884,79.7065427,83.98409944,0,0.4963859243083828,0,50.36140756916172,MONITOR
852,5.324619116,3.743882153,5.705469769,76.56710224,85.68744661,0,0.33293968539319024,0,66.70603146068098,MONITOR
540,2.914789363,6.295586574,3.622190192,79.95276243,79.52913632,1,0.6878021983870899,1,31.219780161291013,WARNING
1181,3.288422379,5.959168158,2.261465942,75.3986277,76.0210888,0,0.46091355777317217,0,53.90864422268278,MONITOR
724,5.322429915,6.387135818,1.547781265,86.45175046,73.54170208,1,0.5460392187414946,1,45.396078125850536,WARNING
530,3.877151642,5.640010245,2.926866761,78.79682647,76.71651039,1,0.7448267846501384,1,25.51732153498616,WARNING
929,2.354799955,13.19194446,5.769322625,78.42510695,93.28148002,0,0.41292851147358994,0,58.70714885264101,MONITOR
767,2.303505181,6.87605405,4.214827363,78.15609449,86.27634203,1,0.3856024133505684,0,61.439758664943156,MONITOR
879,2.968781926,6.395909894,3.208612613,77.44527443,72.2911604,0,0.4936017367422156,0,50.63982632577844,MONITOR
768,2.964858184,5.398928719,2.203203082,75.2851643,93.73494479,1,0.6334420061111018,1,36.65579938888982,WARNING
743,3.736110576,2.009667676,2.590164412,74.50061968,77.02787732,1,0.36109443545539105,0,63.89055645446089,MONITOR
664,2.101866221,3.831239236,1.546958524,76.72328722,68.68520482,1,0.5100881668335666,1,48.99118331664334,WARNING
902,2.743747328,5.113640046,1.967662349,77.3807551,74.19926023,0,0.40855482733671106,0,59.1445172663289,MONITOR
631,2.704263912,7.522632014,2.47275307,79.98622082,72.14596279,1,0.76658651486596,1,23.341348513404004,CRITICAL
1097,3.990161307,0.568141272,2.632069333,76.4221696,84.82814889,0,0.2875951645213577,0,71.24048354786423,MONITOR
946,4.652486153,3.863066946,1.449658463,87.25092099,64.58149398,0,0.4359262276839836,0,56.40737723160164,MONITOR
767,3.986825769,7.916422175,2.892708925,76.76151489,82.24023457,1,0.5397658992059815,1,46.02341007940185,WARNING
753,4.714963547,3.952941773,2.716402271,73.92030646,88.08852175,0,0.6206435012530119,1,37.935649874698804,WARNING
834,3.82098838,2.163521975,2.783681659,75.0129691,80.83821692,1,0.34696683485928703,0,65.3033165140713,MONITOR
1272,4.05564532,8.197579222,3.370286398,77.59178852,78.80751975,0,0.33142060683048846,0,66.85793931695116,MONITOR
943,2.423151179,6.509660036,2.573398476,76.52257654,74.92942559,1,0.4744395635483061,0,52.556043645169396,MONITOR
706,1.973935906,3.416840819,1.588466169,76.96962827,86.16439316,1,0.36454609209156724,0,63.54539079084327,MONITOR
444,3.124468119,9.315983652,2.802286271,79.79577997,84.93104226,1,0.8452166135599838,1,15.47833864400162,CRITICAL
479,3.763739493,6.186749943,2.144535884,78.30735471,75.38175611,1,0.7366459175806402,1,26.335408241935976,WARNING
1198,3.806824908,13.7398604,3.985981062,76.85968247,83.61579019,0,0.5473289533659105,1,45.26710466340895,WARNING
468,3.855762376,9.964266104,1.505680188,76.66215947,85.79139821,1,0.9231392458166281,1,7.68607541833719,CRITICAL
797,2.122645241,3.969612727,4.723905697,79.71033278,76.45845551,1,0.36083118336146364,0,63.91688166385363,MONITOR
552,2.580736675,8.158868517,2.387315216,77.46909519,85.82970521,1,0.7899797942782961,1,21.002020572170387,CRITICAL
472,4.369731375,8.283741938,3.484781065,76.5220111,66.0597898,0,0.9379894357738137,1,6.201056422618634,CRITICAL
907,5.651967798,8.047248945,4.843964214,76.60707795,84.99995524,1,0.6575155347971109,1,34.24844652028891,WARNING
960,4.347577296,5.808627268,2.486509377,76.88113422,73.30451484,1,0.46463028897363917,0,53.53697110263609,MONITOR
689,2.250577206,6.564770589,1.416324765,77.1980456,80.23887303,1,0.5260633945150799,1,47.39366054849201,WARNING
623,2.454759996,4.779758397,2.487034382,77.22196145,86.90386763,1,0.482724962160416,0,51.727503783958404,MONITOR
983,3.8892374,5.4447038,3.232267575,84.73314834,72.44297049,1,0.32018471788303515,0,67.98152821169649,MONITOR
705,4.856314981,6.228000707,1.848073537,76.99639827,77.87114376,1,0.5677613167015977,1,43.22386832984023,WARNING
736,5.203135629,6.173372897,5.217317982,77.20283082,78.94249717,1,0.4646992515379387,0,53.53007484620613,MONITOR
759,3.236847837,6.711372315,1.878087444,73.57919759,78.0483693,0,0.7407276591372206,1,25.927234086277938,WARNING
892,2.731918237,10.72101474,2.452784834,76.43560548,80.65117182,0,0.6072749716132375,1,39.272502838676246,WARNING
583,3.387938808,4.736459027,2.923886127,83.93639313,78.01220232,1,0.5968968052499878,1,40.31031947500122,WARNING
981,3.692886271,5.766643657,2.651614049,84.50934572,80.49863258,0,0.28720332323733067,0,71.27966767626694,MONITOR
996,3.740536777,11.34903061,1.527791165,77.03362244,71.18581856,1,0.5536888524061973,1,44.631114759380274,WARNING
1025,2.783431788,6.053473512,1.490094405,77.95430393,76.90401587,1,0.45274271883105266,0,54.725728116894736,MONITOR
889,1.756459803,9.969278368,3.057160636,74.47207639,82.20544816,0,0.6270810756112459,1,37.29189243887541,WARNING
936,3.066862485,6.491765277,1.817630406,75.9167589,81.89015105,1,0.541737398434218,1,45.8262601565782,WARNING
563,2.712809742,4.957792094,2.479570057,81.88391247,86.89224457,0,0.6018163944867692,1,39.81836055132308,WARNING
1272,2.067575575,0.786808407,0.833719725,78.6654769,78.03557468,0,0.4062829636311342,0,59.37170363688657,MONITOR
1088,4.379280291,5.643066723,2.17935671,75.89111558,73.82656266,0,0.49667572419296324,0,50.33242758070367,MONITOR
742,2.514248462,11.25511835,2.4568177,77.29730509,84.81035997,1,0.48019557438158006,0,51.980442561842,MONITOR
978,2.154908122,4.136235945,1.687718976,78.14530236,89.76875355,0,0.19626633934717885,0,80.37336606528211,NORMAL
396,3.502444062,11.75985751,1.726092566,77.97562197,77.27833542,1,0.9351007518997547,1,6.489924810024528,CRITICAL
563,3.226487087,1.567822839,2.826844248,76.66796713,71.90576023,1,0.5645114695592106,1,43.54885304407894,WARNING
813,4.604933567,3.373228602,1.521375307,76.94800266,78.72560577,1,0.2176873266623746,0,78.23126733376255,NORMAL
1143,2.105973609,10.88780168,2.299549102,76.1079211,74.27120816,1,0.4166249250817614,0,58.33750749182386,MONITOR
528,5.105800694,6.257188468,1.68564605,85.73706654,83.31524199,1,0.7499433544110322,1,25.00566455889678,WARNING
1488,5.044104432,6.816537418,2.287971625,76.61348633,71.48939218,1,0.5311070955059966,1,46.88929044940034,WARNING
998,3.563838094,8.50947334,2.601601784,76.96206792,91.85336394,1,0.5775458347845318,1,42.24541652154682,WARNING
836,2.257908521,7.954665127,0.906471298,76.98901941,81.27715764,0,0.5083518855615824,1,49.164811443841764,WARNING
623,3.358743877,7.225840004,1.415235676,77.58954772,68.96677851,1,0.7092232467585409,1,29.077675324145915,WARNING
921,1.982237286,6.688269609,2.428414186,75.16275932,79.47655189,1,0.4198755092779857,0,58.01244907220142,MONITOR
615,2.94749447,7.54789308,2.714521028,80.60397847,76.44623096,1,0.8020227735667841,1,19.797722643321592,CRITICAL
704,1.940234887,9.270263886,3.731258945,72.943771,80.51638251,1,0.8051797340991631,1,19.48202659008369,CRITICAL
872,3.179623035,8.843361366,5.451210171,76.15801857,86.00959468,0,0.6259537768527478,1,37.40462231472522,WARNING
935,2.935110548,6.16954246,3.159878619,75.16963844,67.17821691,1,0.5990431710563888,1,40.09568289436112,WARNING
915,3.872361219,10.4546123,1.805176502,75.76685702,79.02991642,1,0.5522871519742105,1,44.77128480257895,WARNING
802,4.266763435,8.983240983,1.093377971,77.9474712,75.89927394,0,0.45963817952645797,0,54.03618204735421,MONITOR
733,3.751803423,12.51593062,1.695425206,76.84743282,79.1470858,0,0.6873014803345534,1,31.26985196654466,WARNING
459,3.514744725,5.872564374,1.058549803,76.65210509,86.6785492,1,0.830137834344975,1,16.9862165655025,CRITICAL
872,3.575352267,10.97368778,2.581692985,87.14009901,89.36155769,1,0.5742123006998049,1,42.57876993001951,WARNING
861,4.247405459,4.386303283,2.33700575,85.90311555,82.91363435,0,0.3368051521176637,0,66.31948478823362,MONITOR
551,4.137658002,7.283255411,1.967008485,82.61169446,76.24606216,0,0.7205792442903413,1,27.942075570965873,WARNING
731,0.496264419,7.218306839,2.587663327,76.2201892,71.31798925,0,0.5101258498178353,1,48.987415018216474,WARNING
1509,2.520086224,7.679573796,2.114149685,73.91742336,76.30734622,0,0.3599800355789758,0,64.00199644210242,MONITOR
860,2.189269906,4.603632124,1.640091574,78.6026471,83.21699363,0,0.3992750547237763,0,60.072494527622375,MONITOR
464,3.757133291,11.50117196,4.259206772,77.02559222,88.30011807,0,0.7653396171104369,1,23.466038288956316,CRITICAL
453,2.538697676,4.482698389,3.7580552,77.39332661,89.63810623,0,0.6113725865469557,1,38.86274134530443,WARNING
733,3.221063676,4.939202045,1.842156253,77.12476639,70.78472348,1,0.4673349906957397,0,53.266500930426034,MONITOR
784,4.645940703,3.758347833,3.056390991,78.74069225,76.84529376,1,0.3212217581964579,0,67.87782418035422,MONITOR
855,3.618640186,3.674699309,1.916682183,78.2640053,81.66466906,0,0.20169314486806256,0,79.83068551319374,NORMAL
592,2.947006525,6.195448938,2.317035569,76.26880145,87.6006423,1,0.720544577926723,1,27.9455422073277,WARNING
800,3.587332631,6.834433236,1.43058125,76.53086917,82.10173502,1,0.611137840074538,1,38.886215992546205,WARNING
646,4.181883296,3.797637417,1.718030789,75.13355194,80.2782973,1,0.6014410610196657,1,39.855893898033436,WARNING
1035,4.276131735,4.621611722,2.623160596,87.46569271,86.68449735,0,0.4575655793643124,0,54.24344206356876,MONITOR
659,4.283357874,5.22603459,2.592509126,74.82876642,76.76106292,1,0.6164869996323022,1,38.35130003676978,WARNING
672,2.575394152,8.352892384,3.447044657,81.72146322,80.71519009,1,0.6310812260685064,1,36.891877393149365,WARNING
918,4.664584535,10.38352193,1.601120032,85.87688665,72.25979974,1,0.3637366514665888,0,63.62633485334113,MONITOR
913,2.357541066,6.023448593,1.644268938,75.81485613,87.925478,1,0.43281529297313265,0,56.718470702686744,MONITOR
668,2.861021749,6.325342713,2.885669514,76.64652051,78.52126818,0,0.6906893125205288,1,30.931068747947123,WARNING
658,4.981108816,7.241153318,2.584130546,77.71101374,71.24458528,1,0.637305098710516,1,36.2694901289484,WARNING
891,2.763090736,4.209446743,0.96691163,76.94599806,85.92031288,1,0.3227481780024646,0,67.72518219975355,MONITOR
779,2.251338803,5.858044395,1.547005931,76.14048493,77.17472847,0,0.43870039519359455,0,56.12996048064054,MONITOR
1317,4.623245871,6.572043963,1.374470696,78.54625464,74.83709003,0,0.48721763176747845,0,51.27823682325216,MONITOR
590,2.309254947,6.166792222,2.05746229,77.15201507,72.5793174,1,0.6551950821128788,1,34.48049178871212,WARNING
819,3.060304856,2.359773031,0.473045531,87.36090135,87.94733373,0,0.3837943201919365,0,61.62056798080635,MONITOR
970,5.173883251,0.435527221,1.175465155,76.39520179,67.87844623,1,0.35223790561288615,0,64.77620943871139,MONITOR
638,2.615483227,5.068611923,1.236515575,76.02573758,73.06879373,1,0.553566768713762,1,44.643323128623805,WARNING
391,2.978573458,6.980398373,3.041053206,83.40228186,80.02534956,1,0.946461882202992,1,5.353811779700801,CRITICAL
673,3.726864873,4.041011981,1.303336629,75.43247429,75.17040555,0,0.5837917343921429,1,41.62082656078571,WARNING
1164,2.573386647,4.838377138,1.612513779,76.66136238,87.12441451,1,0.44133456555315204,0,55.8665434446848,MONITOR
999,2.524225521,7.912920948,3.104976517,76.29110559,79.22824728,1,0.3836263730541396,0,61.63736269458604,MONITOR
1308,4.937021516,6.078743469,1.457057133,76.06471421,74.64143719,0,0.4540869977831957,0,54.59130022168043,MONITOR
627,2.029959965,8.728653159,0.910830082,80.0437432,81.67130792,0,0.6511265586012501,1,34.88734413987499,WARNING
1292,2.230430599,5.937162261,1.879827386,83.67315126,77.24756504,0,0.25893512954115255,0,74.10648704588473,MONITOR
1076,4.274115847,5.067401408,2.064166591,76.94090455,73.18299876,1,0.3950739898463849,0,60.492601015361515,MONITOR
821,2.923823814,8.528407415,1.638165763,75.1957196,85.101773,0,0.561143649825657,1,43.885635017434296,WARNING
803,2.268509024,7.153450693,1.944421531,78.03505972,82.16213003,1,0.46602380432926593,0,53.397619567073406,MONITOR
553,3.859641941,5.397747354,2.206059119,78.16146839,73.65439384,0,0.7512773992996309,1,24.872260070036912,CRITICAL
495,1.8203248,6.070955484,1.221021191,78.24948853,80.44373811,0,0.72371497236791,1,27.628502763208996,WARNING
934,2.073483187,2.741459296,1.554343914,77.06067188,89.71325015,1,0.23500316161402934,0,76.49968383859706,NORMAL
691,3.114957509,8.880785994,2.52994353,76.42012662,84.9457721,1,0.802835418140109,1,19.716458185989104,CRITICAL
1073,2.818007169,5.123404096,2.327761794,77.1791322,74.06613343,1,0.34232505687342013,0,65.76749431265799,MONITOR
1068,2.355818579,5.147027937,3.865418591,73.48386263,78.52466967,0,0.5029606053041501,1,49.70393946958499,WARNING
1349,1.999365958,7.344569244,1.602378682,77.74086062,78.98240794,0,0.26115808417134034,0,73.88419158286597,MONITOR
704,4.825239614,4.494031097,2.208456499,84.95431313,89.1669266,1,0.5220580902589036,1,47.79419097410964,WARNING
553,2.979992444,3.479247251,1.318681544,76.41945983,78.22096062,1,0.7799921699636069,1,22.000783003639313,CRITICAL
1391,4.646995043,14.05551889,2.800527661,78.05127151,69.62452743,0,0.5122872158788528,1,48.77127841211472,WARNING
683,4.237128167,4.048295737,3.503584528,76.99436745,85.8903875,1,0.4485472383807641,0,55.1452761619236,MONITOR
577,3.072537285,6.189627662,4.312875758,75.99079013,83.87932051,0,0.7174907511403568,1,28.250924885964324,WARNING
968,3.475435992,5.622734634,3.013102553,75.4847203,82.35774247,0,0.423518796822376,0,57.648120317762405,MONITOR
744,4.383467902,7.524747169,2.914906451,77.69723164,75.07603098,1,0.5978144640692952,1,40.21855359307048,WARNING
635,4.724717655,4.707666811,1.497196296,75.31295277,78.43010314,1,0.7211255981021811,1,27.887440189781888,WARNING
663,2.594421199,5.225854852,1.95932173,76.18656348,82.51482124,0,0.544555886010195,1,45.5444113989805,WARNING
954,2.008359962,6.44433514,1.848926273,75.66366656,69.61977272,1,0.37134904963786414,0,62.86509503621358,MONITOR
848,2.029027944,1.780118791,2.39955505,75.89966734,87.27034322,1,0.3469964704330862,0,65.30035295669138,MONITOR
526,2.632231719,5.386716864,3.351176693,73.30119007,89.19615061,1,0.737899217268622,1,26.210078273137803,WARNING
771,3.916701455,5.136609766,5.592643368,85.75711943,69.27846162,1,0.4360373564546819,0,56.39626435453181,MONITOR
1126,4.090414242,2.580531686,2.234323184,77.487916,85.12357823,0,0.27392230619755314,0,72.60776938024469,MONITOR
997,3.999723734,5.764710367,1.739753377,75.90665236,79.49740748,0,0.40643589803665225,0,59.35641019633478,MONITOR
943,2.01036288,3.875532468,1.529384737,76.1359751,86.51059756,0,0.17636448029683666,0,82.36355197031632,NORMAL
695,3.637845367,7.270952356,2.924589767,76.19818995,71.96312477,1,0.7407152787634955,1,25.928472123650447,WARNING
753,2.003098579,9.155218815,1.759326714,75.41305114,81.63820142,1,0.5910243245088267,1,40.89756754911733,WARNING
478,2.610547588,7.001139205,2.235324813,75.19508709,84.21483355,1,0.9220450479445804,1,7.7954952055419575,CRITICAL
877,3.074550616,8.294996465,2.119093955,77.51412103,76.27615053,1,0.6364792193721875,1,36.352078062781246,WARNING
888,2.924578349,11.68834341,1.044962848,80.07177429,75.68136644,1,0.5233422788867668,1,47.66577211132332,WARNING
551,2.459554853,3.442080761,3.508851275,74.13621805,79.48771496,0,0.6878315842522956,1,31.216841574770438,WARNING
1028,4.294797249,8.984203994,2.429853079,75.69392139,78.53467012,1,0.5214552415934817,1,47.85447584065183,WARNING
899,2.65621152,4.191578612,0.946366967,84.76423484,74.13514236,0,0.300442043758368,0,69.9557956241632,MONITOR
1131,2.511985321,7.093396841,2.157507023,83.94272033,76.85802638,1,0.3639674834240563,0,63.60325165759437,MONITOR
683,3.264363601,6.251368041,1.635141019,75.7915263,78.34582433,1,0.7564924167051484,1,24.350758329485156,CRITICAL
1062,3.113088878,3.722729939,2.48110677,77.52986926,82.58498966,0,0.2971185699928617,0,70.28814300071383,MONITOR
1323,3.046171938,3.608337086,2.656261455,83.14449825,87.42775752,0,0.347052166546055,0,65.2947833453945,MONITOR
826,3.064462673,17.44267439,2.062652537,78.5087537,74.61301106,1,0.7185698462129027,1,28.143015378709734,WARNING
982,3.251271808,5.695558123,2.523277395,81.18101827,70.41693492,0,0.4064093748506684,0,59.35906251493316,MONITOR
815,3.422208924,7.176713082,2.431909987,76.95983857,75.12341787,1,0.5663991638556526,1,43.36008361443474,WARNING
907,3.833384137,5.348128243,1.512789342,76.74894517,73.60840828,0,0.4507760086571468,0,54.922399134285314,MONITOR
1149,3.941100555,4.289266718,3.199350176,77.36802153,77.97677359,0,0.16504462209688814,0,83.49553779031118,NORMAL
529,3.981474044,6.436382446,1.96014149,75.28972229,78.3203264,1,0.8371997611939781,1,16.28002388060219,CRITICAL
672,2.497401613,8.856876543,2.571789886,77.68455789,86.94751175,1,0.6322483170211394,1,36.77516829788606,WARNING
583,3.136554547,7.113050661,4.877928863,75.90724858,77.80085176,1,0.7977723811175411,1,20.222761888245888,CRITICAL
641,2.489557582,9.379791854,2.363186488,75.97751012,72.62568226,1,0.5708964021468236,1,42.910359785317645,WARNING
754,4.365383174,3.651644596,1.499063231,77.89174166,78.47773376,1,0.3942101996712281,0,60.57898003287718,MONITOR
710,2.30070819,0.666496219,1.05373995,76.71712933,80.79976895,1,0.4525042998840838,0,54.74957001159162,MONITOR
978,2.025024995,6.619697193,1.534198272,79.59555368,79.8749725,0,0.4434192489880338,0,55.65807510119662,MONITOR
635,3.211594736,5.354700594,2.117360926,75.50024295,91.25978059,0,0.7803040632465557,1,21.969593675344434,CRITICAL
727,2.960104799,4.583661276,1.999326849,74.80823041,78.323602,0,0.5964016208957762,1,40.35983791042238,WARNING
801,3.52504225,4.96417015,1.748328148,76.80348722,90.81580055,0,0.4619087521403498,0,53.809124785965025,MONITOR
476,3.206906935,7.120353766,2.01182009,77.70304503,88.30076726,1,0.6949004960329768,1,30.509950396702322,WARNING
679,2.72841094,7.273154403,1.795067074,73.32152094,76.39630315,1,0.8432436953041004,1,15.675630469589963,CRITICAL
1312,3.534217896,4.122034978,2.098067438,75.82120001,88.65335915,1,0.42783799246187393,0,57.21620075381261,MONITOR
823,5.815189629,5.732660623,2.773311329,78.04424907,75.67064057,1,0.5698152118567927,1,43.01847881432073,WARNING
789,4.223840555,4.999893407,1.68750018,77.01428648,77.47444457,0,0.39672144995920244,0,60.32785500407976,MONITOR
606,2.812252248,8.139948019,2.454766201,82.8884269,72.92193641,1,0.8604398005985365,1,13.956019940146348,CRITICAL
830,3.231907972,13.47917222,2.568096074,87.48036209,73.42821301,0,0.5591330804017225,1,44.08669195982775,WARNING
1252,2.884950593,9.086708058,2.717592874,76.7349439,78.50575639,0,0.5242336322155043,1,47.57663677844957,WARNING
877,4.853846516,8.567870521,2.145782406,75.12847217,78.71192834,1,0.5628664473818041,1,43.713355261819586,WARNING
856,3.939032211,6.650774104,1.475158632,81.97194576,82.33471996,1,0.4454096725744924,0,55.45903274255076,MONITOR
2163,4.334791623,3.147198039,1.503751549,77.09734062,77.61588242,0,0.30923174801140096,0,69.07682519885991,MONITOR
669,3.379987503,4.838555386,3.379699264,72.89507286,83.95043859,1,0.7829680614007082,1,21.703193859929183,CRITICAL
996,2.194854094,12.0216751,2.708731937,77.8617953,80.49522857,1,0.3693355346787852,0,63.066446532121475,MONITOR
439,4.599075561,7.532659942,4.649467709,77.32621268,73.8596397,1,0.8535549631234646,1,14.644503687653543,CRITICAL
696,5.104752092,4.373626187,1.404111777,75.8777383,78.38695832,0,0.6758309997121044,1,32.41690002878956,WARNING
717,4.602926521,7.164758345,1.55878011,74.96539333,76.59586317,1,0.7323346731790891,1,26.766532682091093,WARNING
651,2.643466904,7.457852806,2.033104096,82.47099587,79.45590753,0,0.6494901216906631,1,35.050987830933686,WARNING
726,3.5503084,3.77893811,5.237358296,76.28456631,85.63014267,1,0.27033145093878075,0,72.96685490612192,MONITOR
873,1.930652081,5.00408264,2.169167127,77.15223791,84.24783933,0,0.3442811459987625,0,65.57188540012375,MONITOR
1139,3.07367173,4.438266527,1.578586003,73.3073252,75.62283033,1,0.5832292636201445,1,41.67707363798555,WARNING
646,2.509992146,7.545808404,1.396399369,84.73292923,88.42630301,1,0.5658840373341537,1,43.41159626658463,WARNING
589,5.057417527,4.782250188,3.282011846,74.44303418,79.20349168,1,0.6749779724885901,1,32.502202751140985,WARNING
695,2.833958443,5.677177548,1.233004299,74.19053894,72.46381344,1,0.7471539182374887,1,25.284608176251133,WARNING
1394,3.038935281,6.583479507,1.631877379,76.30368372,76.16319983,0,0.4561514336908989,0,54.38485663091011,MONITOR
558,2.86507166,5.760917064,2.278466168,84.08314112,73.35389838,1,0.7345131218562593,1,26.548687814374073,WARNING
985,2.711192108,5.134410477,1.782258252,76.03535319,76.72339081,1,0.4103553973151143,0,58.96446026848857,MONITOR
770,3.468760751,5.950062199,1.455454807,76.66991633,86.71108254,1,0.5257891445595367,1,47.42108554404633,WARNING
507,2.586414993,0.449208566,2.741504657,75.96899292,76.2575023,1,0.5518223794811089,1,44.81776205188911,WARNING
817,3.009274198,8.744502257,2.888088325,74.21206063,86.87634317,1,0.6345739315712609,1,36.542606842873916,WARNING
865,3.129498772,4.413260987,2.512757293,78.5011892,89.71737194,1,0.3830885291231424,0,61.69114708768576,MONITOR
686,2.565916405,7.142189542,1.57595383,74.92970937,72.18819071,0,0.7432584012290684,1,25.67415987709316,WARNING
439,1.919079863,7.452583925,1.888119424,75.29922656,89.40204397,1,0.8910202352268258,1,10.897976477317417,CRITICAL
868,4.718417646,7.392882145,1.521710235,75.62777327,78.14053232,1,0.5944714530947984,1,40.55285469052016,WARNING
832,4.504728494,12.18262837,2.051239542,78.16933357,73.2619166,0,0.4392092833907557,0,56.07907166092443,MONITOR
615,4.026944607,6.344996553,2.763428806,76.01811365,86.2652161,1,0.7664864103126252,1,23.35135896873748,CRITICAL
953,5.16931529,6.964802641,2.22266034,74.20053027,71.65092883,1,0.6202756723564203,1,37.97243276435797,WARNING
664,2.880220483,12.93556063,3.008897662,76.01371842,70.4363252,1,0.7534436923466076,1,24.655630765339243,CRITICAL
691,3.699355825,8.170355501,1.924964067,78.11505999,83.29219899,1,0.6575423780324433,1,34.24576219675567,WARNING
1289,5.455409854,4.621246589,1.346522677,75.88092813,84.45895367,1,0.498063373443537,0,50.1936626556463,MONITOR
597,2.667510272,7.111566875,1.478042918,79.27821024,74.31796915,1,0.725219460802756,1,27.4780539197244,WARNING
559,4.417817416,10.06564114,2.355550722,81.96233654,72.67807103,0,0.8281539605480993,1,17.18460394519007,CRITICAL
1306,4.530172556,5.348518877,2.676993312,75.64339988,72.77250479,0,0.5205579788749382,1,47.94420211250618,WARNING
960,2.826250041,4.796471177,2.120675306,75.22926503,79.70485546,1,0.43287012374482864,0,56.71298762551713,MONITOR
676,1.844667047,4.868903515,1.227802427,75.78442986,81.53529767,0,0.4830646652193088,0,51.69353347806912,MONITOR
536,2.542325753,7.481426184,1.258721685,83.63534679,67.56283435,1,0.7883019814029925,1,21.169801859700755,CRITICAL
719,2.685561938,15.20614754,1.793168464,76.9960708,88.16416225,1,0.6789424137588963,1,32.10575862411037,WARNING
1243,3.469122039,7.043927658,2.023308742,75.03792072,84.51650337,1,0.4842871195596774,0,51.57128804403226,MONITOR
471,4.405053173,5.577596479,2.104872039,78.62070352,85.82484445,0,0.7626838199577899,1,23.731618004221012,CRITICAL
779,3.030990497,5.772774894,2.993286164,72.66476898,73.58084735,1,0.7369424769412017,1,26.305752305879825,WARNING
848,3.038622644,6.130229804,3.517446441,72.72436692,81.44126214,0,0.6927908922623409,1,30.720910773765908,WARNING
1357,3.313075073,7.496034679,3.082932515,73.91445089,79.48817891,1,0.3277270241727487,0,67.22729758272513,MONITOR
471,4.784132036,5.48077078,1.998991679,75.69575189,68.89048322,1,0.8249245063407983,1,17.507549365920173,CRITICAL
563,4.795439464,7.62411736,1.687048035,76.92705094,71.5168824,1,0.8265770350910071,1,17.34229649089929,CRITICAL
930,4.710539467,6.559223775,1.703550347,78.1842884,86.74098771,1,0.4635075378427981,0,53.64924621572019,MONITOR
603,4.872579976,4.585665666,1.439947415,78.36344033,84.82409274,0,0.5221608987023488,1,47.78391012976512,WARNING
721,5.588366297,3.722722011,1.360447912,77.81170253,85.02043348,0,0.42551958424108266,0,57.448041575891736,MONITOR
656,2.116056655,4.419603188,6.356902561,75.44942515,83.77098228,0,0.4028119020313449,0,59.7188097968655,MONITOR
521,2.981469682,7.843002566,2.876663855,76.28666881,80.45869365,1,0.7679764097760279,1,23.20235902239721,CRITICAL
1020,2.239750398,3.48533129,2.714207088,76.14835345,83.57776066,1,0.19537523198287807,0,80.46247680171219,NORMAL
1292,4.061317742,5.812201429,2.727739417,79.66256614,81.77769326,1,0.30993994500066807,0,69.00600549993318,MONITOR
432,3.205066681,5.16652041,2.173026183,83.01021592,78.66295425,0,0.7924054877550752,1,20.759451224492476,CRITICAL
633,2.469720533,5.554599361,1.771437161,74.76762121,79.17901779,0,0.602874919536859,1,39.7125080463141,WARNING
365,3.264208152,2.975280906,2.398220777,75.36885865,83.26817128,1,0.8085899262265088,1,19.14100737734912,CRITICAL
885,2.886211477,7.68005162,1.622963643,76.6547551,83.28931441,1,0.46496923591432154,0,53.50307640856784,MONITOR
579,2.312672393,6.106166325,2.43816879,76.60034973,71.8445045,0,0.7872825003881178,1,21.271749961188224,CRITICAL
1399,2.614292168,10.15993445,1.824977062,84.79132891,82.07845075,0,0.2345831353431632,0,76.54168646568368,NORMAL
1163,3.563582201,4.430761202,1.299133494,76.03251657,82.95553459,0,0.4507011698315718,0,54.929883016842815,MONITOR
637,4.77825529,5.32746577,2.800255307,77.06492813,88.39780338,1,0.5781314529917652,1,42.18685470082348,WARNING
1012,4.74320048,7.745437951,1.093476379,78.2351872,81.00317316,1,0.36302615693107954,0,63.69738430689205,MONITOR
1120,3.212398953,4.940712555,1.703219401,78.96635064,80.65165141,0,0.24568816951894154,0,75.43118304810584,NORMAL
1051,3.569008879,9.028296844,1.377130072,75.70232784,67.96286503,1,0.6892594740485734,1,31.074052595142664,WARNING
1478,3.082298403,4.379945821,1.855508526,76.94864497,74.6846877,0,0.27580473343442063,0,72.41952665655793,MONITOR
513,1.080805221,2.526313704,2.93102696,76.99904351,82.50737889,1,0.4834563456336224,0,51.65436543663776,MONITOR
566,3.739992153,7.282871013,2.754640877,73.54146224,75.18059922,1,0.9015836029715594,1,9.841639702844063,CRITICAL
712,3.278534578,5.681458601,1.960477764,75.94557262,76.3278845,1,0.7116181896213911,1,28.83818103786089,WARNING
512,0.652764536,8.019563749,2.047072094,73.98387461,75.88977967,1,0.7565179403707524,1,24.348205962924762,CRITICAL
749,2.392430102,6.067414715,2.438959717,83.20940328,80.72375407,1,0.47827830885864425,0,52.17216911413558,MONITOR
620,3.169592622,4.321643158,2.484246459,77.61918926,77.64426731,1,0.5356526468979416,1,46.434735310205845,WARNING
1331,4.214476826,3.231521189,2.080049324,83.73460583,74.45206159,0,0.23032370258633128,0,76.96762974136688,NORMAL
629,2.885798743,4.555053959,5.271442995,78.06314995,76.13350029,0,0.46820856521467014,0,53.179143478532986,MONITOR
687,2.796597824,6.937975204,2.370864773,77.94841666,79.99639796,0,0.5858849253662243,1,41.411507463377575,WARNING
673,2.088715547,5.220011055,3.092647713,77.52158963,74.5977148,0,0.4878051580753122,0,51.21948419246878,MONITOR
1344,3.073297156,8.596405323,1.306151669,77.12549354,79.09651743,1,0.4794008766404411,0,52.059912335955886,MONITOR
735,4.221981837,6.749673346,1.901343111,77.87429602,74.44833705,1,0.5829241001606285,1,41.707589983937154,WARNING
801,4.165308131,2.003887133,3.282646158,77.50001132,81.79433362,1,0.19308505409966506,0,80.6914945900335,NORMAL
881,4.508584397,1.823706738,2.611214434,73.63149225,86.22380009,0,0.5104051246683221,1,48.95948753316779,WARNING
589,0.451569632,7.231265413,1.634098803,83.70611979,76.69308922,0,0.7560654250980741,1,24.393457490192596,CRITICAL
843,2.855704692,4.429528616,0.781771299,78.52940911,79.47244745,0,0.30718354757846894,0,69.2816452421531,MONITOR
574,1.884028032,11.99561745,1.449082998,88.64032912,71.61586608,0,0.6990369863501096,1,30.096301364989042,WARNING
450,2.181785488,8.230836399,3.371080841,74.31476128,77.35425421,1,0.8348838263813682,1,16.511617361863184,CRITICAL
858,2.626669698,4.402303678,2.721294289,76.77302452,94.78439215,0,0.514502265717385,1,48.5497734282615,WARNING
656,3.758090219,8.302494887,3.021603304,82.44956518,87.4547523,1,0.6794581682303801,1,32.05418317696199,WARNING
1011,5.085095349,5.451617608,1.36220044,83.72262412,74.44486388,1,0.2980947183276315,0,70.19052816723685,MONITOR
681,5.047051653,5.262345267,1.421422654,77.89451655,72.45452958,0,0.5331255709224724,1,46.68744290775276,WARNING
632,1.970788788,7.133181414,1.600173324,77.38859776,91.86423233,1,0.5568310040959502,1,44.31689959040498,WARNING
1154,3.400141262,6.827412333,2.720673603,75.940814,74.68237263,1,0.5291322599644448,1,47.08677400355552,WARNING
815,3.487142806,15.8345508,3.588851448,77.15303144,70.6651168,0,0.5589521937079962,1,44.10478062920038,WARNING
612,4.442201351,9.970847628,2.403872533,78.40273048,74.52376096,1,0.729452289584042,1,27.054771041595803,WARNING
978,3.164429873,7.137993062,2.046775721,77.18559647,77.78773156,0,0.49018872166875693,0,50.981127833124305,MONITOR
902,2.296379756,14.13185565,3.165873298,74.23482011,83.21237218,0,0.7250995897003499,1,27.490041029965006,WARNING
408,1.764122584,2.332247322,0.970454302,76.66012257,74.84828189,0,0.7548453656483657,1,24.515463435163433,CRITICAL
980,3.600476217,4.888926041,1.913782215,75.65517585,83.42238061,1,0.42774055431050717,0,57.22594456894928,MONITOR
431,4.485558639,7.644917676,1.446365895,78.25763461,76.8706639,1,0.8444674006623917,1,15.553259933760833,CRITICAL
637,2.769608389,5.336278769,1.415656431,76.82012265,80.51980616,0,0.6160368527073132,1,38.396314729268674,WARNING
639,2.627507744,4.99165022,1.810121994,75.63038872,82.88016595,1,0.5036814388848978,1,49.63185611151022,WARNING
407,4.690965333,5.514238582,2.125644855,79.47121068,90.56317593,1,0.8883803837929999,1,11.161961620700012,CRITICAL
965,3.150630663,7.094900467,1.266583996,77.03167849,78.94185826,0,0.46844911532218625,0,53.155088467781376,MONITOR
498,5.327223671,6.422886557,2.44921653,81.07346483,86.1270462,1,0.8151337009075539,1,18.486629909244613,CRITICAL
825,4.278824585,4.190734877,5.986444962,75.34065363,85.01271451,1,0.36257657003197336,0,63.74234299680266,MONITOR
771,3.406179926,5.95003054,1.142742205,77.01639822,69.42755097,1,0.5984824736082014,1,40.15175263917986,WARNING
1280,4.13093735,3.889556765,2.783176684,82.34127626,77.74669765,0,0.257812803279967,0,74.2187196720033,MONITOR
750,3.053867608,5.684663147,4.669778876,74.36256606,87.43778595,1,0.5389232591192288,1,46.10767408807712,WARNING
414,4.476736555,4.624691466,4.215429094,77.94423895,79.80917749,1,0.6583930583429397,1,34.160694165706026,WARNING
796,3.823450058,6.336588647,1.769773971,77.51846939,72.84896841,0,0.5363806931178492,1,46.36193068821508,WARNING
1447,4.257188341,8.162100311,2.616697106,75.43246647,80.20695563,0,0.34193615354841145,0,65.80638464515886,MONITOR
541,3.899179708,5.636930612,5.116015077,76.67656482,79.54727124,1,0.787365149525774,1,21.263485047422602,CRITICAL
767,3.067638671,12.08580006,1.394180397,76.48805886,83.36757605,0,0.7000523846508431,1,29.994761534915693,WARNING
660,3.144420544,4.33246148,3.807358226,84.69044669,81.90778426,0,0.397626930121232,0,60.23730698787679,MONITOR
1006,2.786311672,10.69284141,4.124316883,74.70923909,72.20031651,1,0.5356512623120607,1,46.43487376879393,WARNING
721,3.304545501,5.782606894,3.538364564,75.89691145,79.38485872,1,0.6885882746350476,1,31.141172536495244,WARNING
884,2.905289867,4.925908245,2.310301854,82.14430303,81.3216981,0,0.28879788203756296,0,71.12021179624371,MONITOR
803,4.265807699,5.328792676,1.621545119,75.56654654,73.02327331,1,0.4936528045031766,0,50.63471954968234,MONITOR
804,2.16211479,1.341143415,1.139856851,76.79293307,73.1008782,0,0.28508655023793433,0,71.49134497620658,MONITOR
453,4.159076126,5.013127255,2.802349441,77.47402985,64.64215158,1,0.7290959731202385,1,27.090402687976145,WARNING
518,3.198254643,6.634406537,0.997882219,75.65638872,81.42782226,1,0.8423771853362484,1,15.76228146637516,CRITICAL
659,4.495829469,5.978983711,5.866577702,76.95974073,83.49759944,1,0.6106030800609444,1,38.939691993905555,WARNING
692,3.628759115,7.164816361,1.375616884,84.67648959,78.64729167,1,0.6176449283746764,1,38.23550716253236,WARNING
1155,2.130776713,9.499359796,2.093369153,77.15371188,68.67142099,0,0.48544824354918364,0,51.45517564508164,MONITOR
1415,2.944337326,7.849895641,2.515560024,78.17219546,75.03457709,0,0.35656170521830205,0,64.3438294781698,MONITOR
848,2.853279298,3.8374692,1.385961107,76.37797691,66.46533267,0,0.5004055808103828,1,49.95944191896172,WARNING
1008,2.44685591,5.759337211,3.480140309,77.73457033,79.65366859,1,0.28507547046326703,0,71.49245295367331,MONITOR
782,5.01785876,8.369677215,1.835333277,75.29367835,86.96618046,1,0.6523036579554797,1,34.769634204452025,WARNING
629,5.010560947,5.032707004,0.909735421,75.80948375,72.60013174,1,0.6295612090290328,1,37.04387909709672,WARNING
884,2.051657706,5.851594991,1.762614497,76.5405148,75.50053882,0,0.4487086490859228,0,55.12913509140772,MONITOR
1172,2.9456453,13.81791538,1.112931038,77.68157993,81.53928634,1,0.5300104568426005,1,46.99895431573995,WARNING
931,2.556494846,5.794875429,2.421425377,75.44675806,86.71700601,0,0.4379738092197945,0,56.202619078020554,MONITOR
631,2.643422211,7.300027029,1.427805582,75.19122779,85.94816557,1,0.7595536830241653,1,24.044631697583473,CRITICAL
508,2.302513259,7.853977185,2.863687318,76.71979994,80.63188689,0,0.7958376485524885,1,20.41623514475115,CRITICAL
1195,2.503056527,7.657067284,1.991932602,73.6521595,81.89243077,0,0.4463547780121546,0,55.36452219878454,MONITOR
529,1.933890442,5.353606296,3.649498225,76.53570313,72.69931292,1,0.7532470428879088,1,24.675295711209124,CRITICAL
591,4.123910554,6.53552182,3.203826223,82.15657637,81.2149019,1,0.6977749223697166,1,30.22250776302834,WARNING
890,3.090827388,9.635431965,2.790792461,76.39773656,80.64610346,1,0.5303118083865409,1,46.96881916134591,WARNING
796,4.127728531,8.3252321,2.252545813,75.32652603,76.27619149,1,0.572868231643755,1,42.7131768356245,WARNING
1030,4.024008669,15.85783974,2.001810224,73.68625057,72.25153315,1,0.5687391070953204,1,43.12608929046796,WARNING
599,2.138027817,6.611762001,3.482942401,83.41434479,84.85966777,1,0.4763567356097367,0,52.36432643902633,MONITOR
562,2.464344864,7.532778238,1.905112765,81.07770964,78.83395842,1,0.7273011105349626,1,27.26988894650374,WARNING
755,4.835669623,2.973395764,2.827606535,74.83214096,85.5162541,1,0.47588761202842667,0,52.41123879715733,MONITOR
1205,5.480395049,4.131357616,1.565835607,78.49111526,78.23057602,1,0.44075503419634593,0,55.9244965803654,MONITOR
538,2.887143266,7.01601582,1.559164805,78.4686854,78.82867775,1,0.6598821669341701,1,34.011783306582984,WARNING
898,4.16151375,10.893594,1.581907802,77.07770711,84.95810606,0,0.5438082403218356,1,45.61917596781644,WARNING
1010,3.871177536,6.764471269,3.410816194,87.54116718,81.24206978,1,0.310118800024345,0,68.9881199975655,MONITOR
625,4.778378545,4.029163811,0.113936945,77.7600425,73.86826652,0,0.35789125451219,0,64.210874548781,MONITOR
508,4.031918428,4.908434867,1.017660799,84.97423395,75.43517672,1,0.7811615889737481,1,21.88384110262519,CRITICAL
772,1.815792847,4.15530911,2.242293979,76.78721978,83.86011118,1,0.3606938626600036,0,63.93061373399964,MONITOR
866,3.952925056,5.595442475,3.055604342,87.32874149,86.84705239,0,0.35237819438633977,0,64.76218056136602,MONITOR
408,2.006543965,6.877284493,2.654026783,74.48445359,70.18947424,1,0.87281319775003,1,12.718680224997003,CRITICAL
644,2.077520777,5.65530964,2.882210066,83.89212496,74.0651835,1,0.4414847147958302,0,55.851528520416984,MONITOR
685,2.49080978,9.894928827,4.600673251,77.82167242,73.89355277,1,0.4391289940329155,0,56.08710059670845,MONITOR
1186,3.625771646,7.057449419,1.698490622,80.64634429,68.31896432,0,0.4902538073666946,0,50.97461926333053,MONITOR
473,3.104793658,7.373710285,1.104216239,77.59112596,75.59292319,0,0.8348941793699952,1,16.510582063000477,CRITICAL
853,1.938875002,15.15064284,2.819532547,76.21756607,77.07143083,0,0.5748511357150257,1,42.514886428497434,WARNING
551,3.302248846,4.996311317,1.425599787,72.94112685,83.68164829,1,0.8295137163989758,1,17.048628360102423,CRITICAL
1040,5.626401014,5.000212387,2.134543904,77.53425933,74.89165668,1,0.40906168564405193,0,59.093831435594815,MONITOR
1536,4.775813457,10.21184214,2.11869612,81.4009696,83.64993976,0,0.3338122194150527,0,66.61877805849473,MONITOR
1020,3.876021687,4.343183406,2.071785583,76.62357442,79.65045826,0,0.23477848611148758,0,76.52215138885124,NORMAL
572,1.963789969,4.443112098,1.337680261,73.4757248,74.29810868,1,0.6900720098537999,1,30.992799014620008,WARNING
959,3.839342514,5.818521687,1.322683837,76.29151511,69.38132918,1,0.39268604915054706,0,60.73139508494529,MONITOR
692,2.548571017,5.187990986,4.320198652,79.03329125,72.90846006,0,0.3405514653987124,0,65.94485346012875,MONITOR
879,3.268326923,6.949301604,3.367868949,74.1780475,87.32368641,1,0.5494735013109214,1,45.05264986890786,WARNING
939,4.359200299,4.023016571,0.886827218,73.58144391,78.14646308,1,0.5193997525566112,1,48.06002474433888,WARNING
739,3.135844815,6.194140531,1.142840073,84.29567568,65.98435747,1,0.6842675012978403,1,31.573249870215967,WARNING
947,2.892080658,1.61294536,1.995898795,85.1935602,69.12410921,0,0.36316683140781825,0,63.68331685921817,MONITOR
761,4.536522588,4.567584958,2.763985341,77.12473123,82.66051513,0,0.5377227018042406,1,46.227729819575934,WARNING
1054,4.1518404,4.892278929,1.145026465,76.62609943,78.77766714,0,0.406141570391076,0,59.3858429608924,MONITOR
1153,3.249960581,3.091198771,1.179491604,78.06980584,76.19752474,0,0.27021963478462907,0,72.97803652153709,MONITOR
674,3.142781749,9.442839399,3.254007337,77.78744252,74.41205392,0,0.7303902066001717,1,26.960979339982828,WARNING
1113,4.277560818,8.370224003,1.836437184,75.95517973,91.64387733,0,0.5351796590906357,1,46.48203409093643,WARNING
946,4.067539067,4.076292802,2.854770161,74.74402752,75.51042838,1,0.43834376175439643,0,56.16562382456036,MONITOR
953,2.396538418,2.538920549,4.225678579,85.59617613,75.34646836,0,0.18980761528756132,0,81.01923847124387,NORMAL
589,2.05068795,8.368528613,3.142069213,75.22897588,77.6408445,1,0.7825868486705007,1,21.741315132949936,CRITICAL
874,4.390850906,4.125517711,1.5210118,76.00616365,78.41863452,1,0.3250105010187692,0,67.49894989812309,MONITOR
667,3.293045769,12.55918409,2.917102619,75.48351362,89.97237672,0,0.766098960311878,1,23.390103968812205,CRITICAL
959,2.508923105,4.144428464,1.845369105,74.25840802,79.4664208,1,0.44103545397371485,0,55.89645460262851,MONITOR
931,5.142215032,7.025686555,1.634622119,78.08802938,87.13411583,1,0.4373455865647676,0,56.26544134352325,MONITOR
944,2.407915572,7.388340993,4.543791362,76.43285948,70.66686124,1,0.34535851487444746,0,65.46414851255525,MONITOR
739,2.063986675,9.590691829,1.458793361,76.2928755,68.25639339,0,0.5360043472928415,1,46.39956527071585,WARNING
469,4.328405379,5.216832349,6.625636587,76.09339431,78.95197818,1,0.7032545059122554,1,29.674549408774464,WARNING
611,4.346513398,9.849734462,6.776498817,77.10768671,76.42364357,0,0.6297812032879113,1,37.021879671208865,WARNING
1044,2.767099973,10.42104715,1.849829037,81.13411823,76.00651607,1,0.4989462037782462,0,50.105379622175384,MONITOR
681,4.57510427,14.34056809,2.509712505,78.53445633,80.4245452,0,0.6464799688544798,1,35.35200311455202,WARNING
862,4.423556501,4.503944802,1.562628349,76.33232069,71.2054877,1,0.4092569766976045,0,59.07430233023955,MONITOR
456,4.671572733,14.21674825,1.265073636,76.43192999,79.62047572,1,0.9246218674955538,1,7.537813250444625,CRITICAL
571,2.889738568,4.035903693,2.200626196,76.69247453,73.35727505,1,0.6050953823700751,1,39.49046176299249,WARNING
1381,4.208809867,8.089526707,1.771006315,81.85281693,80.18139486,0,0.26620976135532093,0,73.37902386446791,MONITOR
969,2.576438707,8.163974432,2.085179277,83.93795727,81.03796013,1,0.34578521246717847,0,65.42147875328214,MONITOR
1332,5.176745492,6.645048231,2.709682424,80.91776871,77.67219534,0,0.3808834429912307,0,61.911655700876935,MONITOR
1395,2.48513507,2.710582002,1.775122132,79.66107432,76.79452796,0,0.2936781449155813,0,70.63218550844186,MONITOR
488,2.717300815,6.220797187,2.042279991,75.14444611,75.15795628,1,0.9052822097840388,1,9.471779021596117,CRITICAL
663,1.63131618,3.607186344,1.867410322,77.13933793,74.3961918,0,0.31560135984360993,0,68.439864015639,MONITOR
474,2.327242337,8.18935139,1.420848775,74.44951001,80.74402274,1,0.9450723083635819,1,5.492769163641809,CRITICAL
1153,2.981055892,7.736716272,1.826201304,76.99027529,87.33618533,1,0.49864087008359226,0,50.13591299164077,MONITOR
400,4.950955869,4.117546704,2.089593504,78.59436716,83.78615818,1,0.8881474134724171,1,11.18525865275829,CRITICAL
1084,2.4951444,5.146461081,2.852950561,76.0492503,77.39766211,1,0.32647634427874206,0,67.35236557212579,MONITOR
692,2.198146995,6.763849342,2.909701968,73.58292931,71.04177344,1,0.7723348434656324,1,22.76651565343676,CRITICAL
843,3.792734558,5.45790343,2.605752227,77.34773176,79.95729359,0,0.4194298549124872,0,58.05701450875128,MONITOR
1262,2.804673107,15.75650975,2.288206331,78.50564919,82.02396855,1,0.3377589162862549,0,66.22410837137451,MONITOR
1034,3.035609195,7.485034865,1.985491839,76.66482676,89.38842959,0,0.48743959548981564,0,51.256040451018436,MONITOR
536,4.465107125,6.683605895,1.185739313,74.07725184,79.07386632,1,0.8961867726854887,1,10.381322731451126,CRITICAL
1488,4.950952938,7.257521163,5.695557246,74.31119322,74.00910442,1,0.4506418064458858,0,54.93581935541142,MONITOR
746,4.061424344,5.883969755,1.305820144,76.14481023,77.42063497,1,0.6283267666578776,1,37.16732333421224,WARNING
585,5.182253566,4.231804428,2.471570943,75.28607082,84.13519358,1,0.781736498795025,1,21.826350120497494,CRITICAL
872,2.722898819,9.226531415,2.463090114,76.85992247,69.86348268,1,0.6068176392219391,1,39.31823607780609,WARNING
659,2.894886722,4.991706009,1.881455426,77.96910074,77.33694868,0,0.5221753782464013,1,47.782462175359875,WARNING
807,3.263751311,7.776755291,2.1631941,77.36615535,74.3524147,1,0.6372132169491751,1,36.278678305082494,WARNING
1151,3.823749483,6.782069587,1.696296356,78.72529532,71.68662393,1,0.469220662554836,0,53.07793374451639,MONITOR
1296,2.413394753,7.131707185,1.991051552,77.42511742,75.38814192,1,0.21909247771574164,0,78.09075222842583,NORMAL
554,4.656703761,4.490053831,2.396765001,76.30644503,82.58777886,1,0.7996350676909387,1,20.036493230906128,CRITICAL
1177,3.097191049,8.706283075,1.250000498,76.18714227,88.16808822,0,0.5313221872040375,1,46.86778127959626,WARNING
585,3.471929572,11.42756592,1.80214503,76.27877158,72.88694155,1,0.7457909045330514,1,25.42090954669486,WARNING
801,3.399370695,7.460643002,2.43486587,74.09031956,89.46724532,1,0.6829625007249124,1,31.703749927508763,WARNING
660,2.71969479,8.79829558,2.807929021,75.36527401,72.66906603,1,0.7647411844247816,1,23.525881557521842,CRITICAL
639,2.605927382,5.250087255,1.768908302,76.12076991,74.67894323,1,0.5244848385370534,1,47.55151614629466,WARNING
924,4.887004818,5.691941475,1.716911231,76.78846578,74.26390945,0,0.41426758664123536,0,58.57324133587647,MONITOR
561,2.393513731,5.979344383,2.035734762,74.75769708,76.4442388,1,0.698574345298755,1,30.142565470124506,WARNING
744,5.065594782,4.851332924,1.972935969,81.11610847,84.57894413,1,0.594331080935665,1,40.5668919064335,WARNING
567,3.974806245,8.344605611,1.089297559,77.84037167,86.61684459,1,0.7953840940176101,1,20.46159059823899,CRITICAL
1264,2.808550273,4.985001994,1.215465125,76.92144073,70.42591691,0,0.3771727754613984,0,62.28272245386016,MONITOR
808,3.555273629,10.66021496,2.498261684,75.84313229,74.37685819,0,0.5876791385978158,1,41.232086140218414,WARNING
794,5.111697621,10.5883077,1.070221922,77.67978982,69.98182914,1,0.6116850481314685,1,38.83149518685315,WARNING
680,2.354005056,6.253779085,2.55916976,77.35339761,92.4581254,0,0.5289247991445313,1,47.107520085546874,WARNING
752,4.254488135,6.616478385,2.672208775,77.42236421,72.85106017,0,0.5311605104962589,1,46.88394895037411,WARNING
733,4.853526147,17.71175078,1.88384286,75.8920023,67.43660845,1,0.5700514923597505,1,42.99485076402495,WARNING
1016,4.429241392,5.079583684,2.977960942,77.36749671,84.47846178,0,0.34820095060299355,0,65.17990493970065,MONITOR
587,1.138534879,6.361158511,2.629615175,76.26117455,75.7133558,1,0.7044046019878049,1,29.559539801219515,WARNING
477,2.964359439,2.488098005,2.585564233,76.47554186,75.24074763,1,0.7845838197841306,1,21.541618021586938,CRITICAL
1008,3.697149852,5.026760222,1.068503972,77.55331156,71.29257394,0,0.3391792886399951,0,66.08207113600048,MONITOR
747,2.623064044,5.566614397,2.932711211,84.29746336,75.50776543,1,0.41124787129659063,0,58.875212870340945,MONITOR
616,2.326031225,4.564770127,1.575948791,77.0797788,80.72399197,0,0.4514459907022033,0,54.85540092977968,MONITOR
739,4.130398482,5.390149994,1.716525999,75.09789513,75.06264524,1,0.6089987084404149,1,39.100129155958506,WARNING
565,1.692545422,7.313621357,3.249909601,74.40554427,84.09232153,1,0.8961982123717064,1,10.380178762829361,CRITICAL
1029,4.514097787,5.956347195,4.347624186,73.6681052,80.40063728,1,0.5762927621009569,1,42.37072378990431,WARNING
696,4.418106521,4.756239558,2.130201281,77.0786882,67.35001709,0,0.6554243431661383,1,34.45756568338617,WARNING
549,3.452223792,5.249294263,1.886325403,81.62702219,75.4982187,0,0.7293952486246307,1,27.060475137536933,WARNING
692,4.494151168,7.067338328,1.073148126,76.0802334,84.86774808,1,0.8215198196208989,1,17.84801803791011,CRITICAL
981,2.027437322,6.676118467,1.613902014,78.48297476,83.25032288,0,0.40497698656575165,0,59.50230134342483,MONITOR
1287,4.14575106,4.237786145,1.474292309,76.41988477,82.9251783,1,0.2943802841576036,0,70.56197158423964,MONITOR
1077,1.874969591,5.749190047,2.681307947,78.6619549,71.8288483,0,0.3307277186138342,0,66.92722813861658,MONITOR
967,4.074827896,7.258132614,1.563650479,76.6969728,75.99114575,0,0.4638066165728982,0,53.61933834271018,MONITOR
515,2.631745037,5.141839469,3.904581893,75.8743454,73.88735381,1,0.6678433593897872,1,33.21566406102128,WARNING
624,5.260815068,6.50252374,1.440062434,73.37439527,65.87993007,1,0.8735334795472454,1,12.646652045275463,CRITICAL
1360,3.766164003,6.230961085,1.821241727,77.55257178,81.57991683,0,0.3181197858830328,0,68.18802141169672,MONITOR
518,2.166044125,5.537284609,3.265652615,76.04398764,82.07094135,1,0.768043690949608,1,23.1956309050392,CRITICAL
699,3.723836819,11.54944836,1.672746348,79.45303007,68.48303824,0,0.7746005237016095,1,22.53994762983905,CRITICAL
667,2.556715325,7.253718221,1.474246807,77.10563122,81.02945157,0,0.6171779369327571,1,38.282206306724284,WARNING
742,3.392487412,7.495271728,1.358570224,77.43314621,72.6605722,0,0.6697059160124393,1,33.02940839875607,WARNING
665,1.789119309,4.884568043,1.976354951,75.21147939,74.83796029,1,0.5866538345491525,1,41.33461654508474,WARNING
452,1.766625619,5.660407944,1.481333573,80.1279011,85.15495122,1,0.6938415305145414,1,30.615846948545855,WARNING
824,2.00515624,3.842437365,2.437712118,81.08740726,79.7085922,0,0.3061831254997189,0,69.38168745002811,MONITOR
1176,4.200615722,6.582252709,2.028537246,77.80182964,85.90879082,0,0.42549281817619444,0,57.450718182380555,MONITOR
747,3.128187963,5.461821622,2.505367049,83.68676706,81.95647009,0,0.562510953361078,1,43.7489046638922,WARNING
734,4.031070783,7.600188749,0.966643452,80.36404686,79.43541111,1,0.5877518262808256,1,41.224817371917446,WARNING
569,1.97336927,7.309184375,4.73895505,79.15868862,85.84880709,0,0.7562266650268712,1,24.377333497312883,CRITICAL
1076,5.287215488,8.206804213,2.540778965,74.93787384,75.38974664,1,0.6122048910542002,1,38.779510894579985,WARNING
848,4.105940382,4.40864833,2.524463228,78.27825038,65.00120896,1,0.52938387485323,1,47.061612514676995,WARNING
797,3.017164546,6.770727394,1.913546863,75.58088756,69.25287686,1,0.6408642631930946,1,35.91357368069053,WARNING
619,3.14985737,4.170708462,2.27417434,77.09416938,93.05314403,1,0.5456324910657353,1,45.43675089342647,WARNING
752,3.655392547,13.18201883,1.735750316,76.9040343,71.00650196,1,0.7400251019273887,1,25.997489807261132,WARNING
620,2.053596805,8.873827887,1.657042463,78.20924876,84.19552238,1,0.6956512391684793,1,30.434876083152073,WARNING
838,2.881764658,13.32514981,4.403228775,77.39121106,77.74497663,1,0.509676313542886,1,49.0323686457114,WARNING
612,2.971512031,4.34861107,2.3662658,76.81921174,83.92632586,0,0.5898863820808569,1,41.01136179191431,WARNING
756,2.024046992,6.670727859,4.881209356,74.80490193,89.71494802,1,0.5978740775576481,1,40.21259224423519,WARNING
630,2.526540212,6.163335624,1.545997348,75.66373637,75.45537357,1,0.6219542742326426,1,37.80457257673574,WARNING
504,2.622160685,7.754074174,2.043709417,78.6962427,78.93299501,1,0.7804635749744078,1,21.953642502559223,CRITICAL
744,3.452690604,9.07200616,1.546243369,76.3025759,68.16488348,1,0.7519838598001921,1,24.80161401998079,CRITICAL
1181,3.371631995,2.85018166,0.843809942,81.52603297,83.92692651,1,0.3818777452351809,0,61.812225476481906,MONITOR
637,3.908423324,4.420990693,2.198090413,77.82077105,69.77998968,0,0.5656752508393287,1,43.43247491606713,WARNING
669,3.817820542,3.919394988,2.319252922,74.35224678,86.30220172,0,0.5822427017699823,1,41.775729823001775,WARNING
814,2.7384961,11.00894384,1.02406689,78.45536076,69.9047298,1,0.5096256952766891,1,49.03743047233109,WARNING
971,1.914128604,1.981422496,2.945807115,81.3011476,77.26423836,0,0.20407201107662634,0,79.59279889233737,NORMAL
420,2.838237312,7.012761137,3.02077921,79.85529957,82.9789928,1,0.8927729403817127,1,10.722705961828726,CRITICAL
702,2.56384508,4.74215705,1.937583192,78.89907859,88.25735263,1,0.44731663812905653,0,55.26833618709435,MONITOR
829,2.791645585,6.30367668,2.104705481,76.10455389,70.7372628,1,0.5023862968899336,1,49.76137031100664,WARNING
931,3.733290956,6.577316454,2.682818621,83.15326807,83.74164297,1,0.30624783350069923,0,69.37521664993007,MONITOR
563,4.613939913,6.511851266,1.640371112,73.73050934,74.40018286,0,0.8849961702621151,1,11.500382973788492,CRITICAL
865,6.729323739,3.969785773,1.143881138,74.81305382,80.42435022,1,0.779285560550619,1,22.071443944938096,CRITICAL
552,2.618633129,8.345460983,2.888850448,76.69958479,74.26449523,1,0.8241753537263918,1,17.582464627360817,CRITICAL
540,3.878581583,7.175384283,1.512568222,74.60066316,74.42623108,1,0.9276753263374725,1,7.232467366252749,CRITICAL
938,4.257814388,5.077058264,3.266812559,76.75794635,77.61055596,0,0.4018354914308736,0,59.81645085691264,MONITOR
1345,3.459253405,5.465382674,2.435810599,72.62190365,75.64883282,1,0.5267701824235601,1,47.32298175764399,WARNING
734,3.900957357,4.386742393,2.072781685,76.66830032,86.32481773,0,0.4619123939970356,0,53.808760600296445,MONITOR
735,2.3586764,5.395868627,3.686157259,77.30849821,88.93814286,1,0.41409459717680464,0,58.59054028231954,MONITOR
570,2.180993785,8.332023665,2.254012947,75.90094173,69.68646208,1,0.8016337118437598,1,19.836628815624024,CRITICAL
512,2.557408876,5.553207925,4.383402579,77.89016462,81.19834528,0,0.625689783581906,1,37.4310216418094,WARNING
652,4.554514045,8.080867967,1.981281006,75.3409001,92.58740702,1,0.7608990065775777,1,23.91009934224223,CRITICAL
792,5.003343799,6.429271985,3.063750601,75.10113116,83.97416864,1,0.6039403839937992,1,39.60596160062008,WARNING
498,2.850985279,8.230983833,2.843892404,75.11149841,69.24620658,1,0.8859740810523233,1,11.402591894767667,CRITICAL
586,5.072857892,6.695238148,1.32575458,76.80281584,78.07909858,1,0.7944612468883089,1,20.55387531116911,CRITICAL
1144,2.516392214,3.918072075,2.037699696,76.98813079,75.98842669,0,0.28005555941370003,0,71.99444405863001,MONITOR
1435,2.623801722,8.572543197,2.309843193,76.19896602,90.04585756,0,0.4467117796694899,0,55.328822033051004,MONITOR
655,3.107896456,6.536969984,2.142271167,75.13153858,77.28476906,1,0.7641882322230238,1,23.58117677769762,CRITICAL
737,2.230102536,5.284332196,2.787959368,76.95731559,69.07499218,0,0.5005706533020249,1,49.94293466979751,WARNING
620,4.801225628,5.621290471,3.213833505,75.3446767,76.86652443,1,0.6827523956976258,1,31.72476043023742,WARNING
703,3.318110629,6.742761333,3.171998948,78.14895193,85.74319689,1,0.4770100454794013,0,52.29899545205987,MONITOR
699,2.626541287,6.75078423,3.759092811,74.58707305,70.83664878,1,0.7675332800984709,1,23.24667199015291,CRITICAL
725,3.804165637,5.606843938,2.159249885,85.63775357,85.18633937,1,0.5179977348680846,1,48.20022651319154,WARNING
428,4.902557723,7.16497649,1.880877193,74.36843831,76.26679962,1,0.8981411907542856,1,10.185880924571444,CRITICAL
692,5.279174216,6.323291442,1.509184882,75.24867982,77.25216306,1,0.7499630158246267,1,25.003698417537336,WARNING
1523,4.770578119,7.388260399,1.498954977,78.51375414,81.42597009,1,0.3731153416167747,0,62.68846583832253,MONITOR
454,1.966370451,6.510078309,1.811458845,73.33395923,83.01844948,1,0.8115648738822571,1,18.843512611774294,CRITICAL
830,2.096181201,4.574041933,1.708831167,80.78829901,68.71737906,1,0.3966884452690783,0,60.33115547309217,MONITOR
492,2.271594385,8.383693602,0.625888424,74.65196278,79.66845001,1,0.8535337521806086,1,14.646624781939144,CRITICAL
596,5.414623123,8.182892466,4.35762798,78.02984852,89.4000476,0,0.7230025828039157,1,27.69974171960843,WARNING
1462,2.460920614,6.562974267,2.862514021,77.69357325,83.73643546,0,0.2330314239071905,0,76.69685760928095,NORMAL
1190,4.052754467,4.612248438,1.273339746,74.13749312,77.73741786,0,0.45539979090038,0,54.460020909962005,MONITOR
757,3.840110651,5.302254557,1.554588812,78.05949067,80.87184397,1,0.51556104504622,1,48.443895495378,WARNING
803,2.483496661,6.708314985,1.485950355,76.5091829,76.78001387,0,0.4831015171626097,0,51.68984828373904,MONITOR
669,3.40767384,3.353646803,3.858959308,76.43077128,78.31530847,0,0.32061152686092487,0,67.93884731390752,MONITOR
636,4.457227966,4.833910769,2.439885746,76.1354982,72.65183821,1,0.6314039903346311,1,36.85960096653689,WARNING
1239,5.454041621,6.498405082,5.166868477,75.5310237,73.2892284,0,0.6135234964397388,1,38.64765035602612,WARNING
543,3.682208955,9.85093977,3.611089995,75.73344095,72.85360473,1,0.8668487536616141,1,13.315124633838593,CRITICAL
930,3.283750649,8.668148995,3.157598448,75.81428875,66.58477046,0,0.6923950782270146,1,30.760492177298538,WARNING
763,4.859958029,6.103806167,3.110423817,76.71397275,86.04056706,1,0.5914522683081048,1,40.85477316918952,WARNING
816,3.189403861,5.364561399,1.687940103,75.24997362,72.77700701,1,0.5155968060236498,1,48.44031939763502,WARNING
582,2.578728035,5.378269197,1.684701068,75.33545552,89.45969299,1,0.6852902368277233,1,31.470976317227674,WARNING
866,2.935301644,8.191337863,5.981792608,83.21234486,91.78539977,0,0.6948258840268289,1,30.517411597317114,WARNING
1222,2.117150543,8.834125841,2.896075979,74.17035845,76.72021305,1,0.28804881764818335,0,71.19511823518167,MONITOR
851,3.102660178,7.688245676,2.142378103,77.04509644,75.8196062,1,0.5697612496358837,1,43.02387503641163,WARNING
524,4.385435698,6.470946642,1.772252065,74.22981443,79.73849209,1,0.9004561077756114,1,9.954389222438865,CRITICAL
512,3.020930919,5.011083855,2.288843638,74.91088577,78.3404663,0,0.8518479848731495,1,14.81520151268505,CRITICAL
1101,3.456182255,5.831200481,1.963645112,77.81959059,83.11814265,1,0.3777983416706515,0,62.220165832934846,MONITOR
801,4.130177856,9.5811461,2.483492988,74.36280344,81.5389076,1,0.5814551062929499,1,41.854489370705004,WARNING
937,4.350071577,5.051502519,4.879095816,75.03496788,85.84134342,0,0.500125866981587,1,49.9874133018413,WARNING
522,4.947887017,6.417194324,2.738703368,77.31910325,75.37394624,0,0.7364124954871353,1,26.358750451286472,WARNING
797,2.746015779,6.834433979,1.648497316,76.00759441,85.73449657,1,0.4672274507873496,0,53.27725492126504,MONITOR
855,4.610538333,5.692692787,1.633387968,76.97351189,79.33128925,1,0.47991747607536384,0,52.00825239246362,MONITOR
466,2.812740141,6.169181538,1.377277964,77.74902228,85.13797309,0,0.7754850326646253,1,22.451496733537468,CRITICAL
873,1.786305719,5.720598651,1.144848586,77.8061761,69.76706881,1,0.46420374466018766,0,53.579625533981236,MONITOR
748,2.727539078,8.694807838,1.992870008,75.6313039,85.96335775,0,0.6258819780890424,1,37.41180219109575,WARNING
464,4.664719351,6.966060414,4.725405337,77.45677071,79.12725534,1,0.6930062290357436,1,30.69937709642564,WARNING
655,1.93029814,7.042021328,1.558642389,76.32455751,79.66112357,0,0.6956255221112188,1,30.437447788878124,WARNING
663,4.798852519,7.292508675,2.363308991,75.42956294,70.38682831,1,0.7028164824568506,1,29.71835175431494,WARNING
717,5.583906278,3.730788063,3.484751458,77.78799879,77.25869615,1,0.4541455774092526,0,54.58544225907473,MONITOR
1398,4.826571267,3.942889777,2.193686229,75.38408389,91.11211978,1,0.4303139627411352,0,56.96860372588648,MONITOR
574,2.448145017,6.566129176,1.829400632,88.02124082,87.82577444,1,0.683123954134179,1,31.687604586582097,WARNING
555,2.571001281,5.937238079,1.444830025,78.05038301,70.09184167,1,0.7002039547505614,1,29.97960452494386,WARNING
604,4.668359046,4.970559698,3.023404263,86.25343921,81.78034696,0,0.49083546568772446,0,50.91645343122755,MONITOR
708,2.225989993,1.558855714,1.704898073,77.71675147,82.86072938,0,0.47438647507151216,0,52.56135249284879,MONITOR
947,3.991606336,6.784814265,1.25719334,78.31756865,90.40980543,0,0.39329510446242216,0,60.670489553757776,MONITOR
489,4.015674293,7.325900916,3.128338251,75.31783229,70.01327957,1,0.9702785259975366,1,2.972147400246339,CRITICAL
1000,2.658024941,6.695793252,3.468934931,73.45663062,84.68804433,0,0.5679220303469237,1,43.20779696530763,WARNING
982,3.566382466,9.087018223,2.839669417,75.78425025,84.20718528,1,0.511182434994247,1,48.8817565005753,WARNING
898,1.75307968,6.930020378,3.713890418,78.76340951,88.96066629,0,0.3346108030320708,0,66.53891969679292,MONITOR
676,4.087482506,6.509963116,2.410693525,75.07083901,74.83642065,1,0.6792702652607656,1,32.07297347392344,WARNING
701,3.146798783,5.832339253,3.097496182,76.92440478,87.2261829,1,0.5425862340776995,1,45.741376592230054,WARNING
1076,2.703888114,11.93303785,1.312618016,76.64469799,82.84182248,0,0.41456400609872734,0,58.54359939012726,MONITOR
625,3.644726315,5.289848722,3.075246974,85.64313983,82.28298823,0,0.48584096801140364,0,51.41590319885964,MONITOR
1041,4.123968475,4.61099893,2.519697604,77.30651017,81.56361242,1,0.34411453031242045,0,65.58854696875795,MONITOR
502,1.523206634,5.453378799,1.592900091,77.83359376,82.42712116,1,0.651722240145533,1,34.8277759854467,WARNING
657,2.211393036,3.600484439,1.026445397,75.94474726,71.23846038,1,0.5165794256673244,1,48.34205743326756,WARNING
1090,2.271551084,4.795929344,3.154978208,75.29561722,80.05294051,1,0.3902100197779784,0,60.978998022202155,MONITOR
721,1.974645644,4.634984763,1.499946191,84.08789598,73.65205071,0,0.3692544366596033,0,63.07455633403967,MONITOR
1097,3.809539901,7.88620443,3.02738084,75.49639948,79.04586078,1,0.5046486120814152,1,49.53513879185848,WARNING
1503,4.055145098,7.660618857,2.034247198,85.8441739,75.08941531,1,0.22676911950867468,0,77.32308804913252,NORMAL
552,3.225128899,6.804661479,2.102741687,82.30220645,74.13225609,1,0.7561740224250394,1,24.38259775749606,CRITICAL
1075,2.536085594,2.62515251,1.163808816,74.84719881,85.26150237,0,0.4378317006690625,0,56.21682993309375,MONITOR
1193,3.669257625,7.845989216,1.229372394,85.32262112,67.00910436,1,0.5097376084421321,1,49.02623915578679,WARNING
1300,2.265558311,7.342696699,1.466285216,75.69142129,85.24862695,0,0.24665369938430648,0,75.33463006156936,NORMAL
565,3.68301504,6.685509898,2.622368797,76.69382003,71.56911743,0,0.8341641518200451,1,16.58358481799549,CRITICAL
637,2.707888742,2.826664821,1.800779117,83.49051174,76.77691719,1,0.5611023849883574,1,43.88976150116426,WARNING
692,2.783927027,6.282871978,1.106619849,84.80415395,80.88636662,1,0.6451876138932714,1,35.48123861067286,WARNING
630,4.361877252,3.164085059,2.899719594,86.04206264,72.59234712,1,0.4499047920823011,0,55.00952079176989,MONITOR
1212,1.723152316,5.266437194,4.289763312,80.38230746,82.46203326,0,0.17323608680561564,0,82.67639131943844,NORMAL
524,2.875031424,4.709787605,2.814893262,74.41696357,77.08459072,1,0.886275916475344,1,11.372408352465602,CRITICAL
821,5.277713167,5.107569195,3.341713255,76.39361641,72.28472072,0,0.5189950247516716,1,48.10049752483284,WARNING
1427,4.813734873,11.76327806,2.87895228,77.97465792,80.23828114,1,0.3326349418498992,0,66.73650581501008,MONITOR
530,2.838356805,12.53742762,2.696382421,75.67770807,83.13921088,1,0.834248920019539,1,16.5751079980461,CRITICAL
1144,3.07054634,6.802909449,2.854761277,77.44588087,82.127269,1,0.35612600164097497,0,64.3873998359025,MONITOR
1089,3.450549275,6.678220657,1.994960681,76.91890393,71.8899834,1,0.48232945858074106,0,51.7670541419259,MONITOR
543,5.243984949,8.415203275,2.606358225,75.91603747,75.88605653,1,0.9214756131937939,1,7.85243868062061,CRITICAL
923,2.564458884,4.322227178,3.909737224,77.55047041,75.18123045,0,0.27862312885307955,0,72.13768711469204,MONITOR
710,3.54626331,10.53518536,1.360649012,81.97902431,87.32324034,1,0.5778642701783322,1,42.21357298216678,WARNING
697,4.459350803,8.188349352,1.191951169,76.41238966,77.98027369,1,0.8124027845749829,1,18.759721542501705,CRITICAL
425,5.27772412,11.49020286,1.631634393,75.75758905,79.52068877,1,0.9371287181879245,1,6.287128181207546,CRITICAL
612,2.495154039,7.097784004,3.360113425,75.11818164,71.84602955,1,0.7768788438705831,1,22.312115612941685,CRITICAL
1142,3.814544911,8.569634313,0.997568785,79.19254606,77.59759848,1,0.4414610428878613,0,55.853895711213866,MONITOR
770,3.10706497,4.536055575,2.9744703,77.30011633,76.09751482,1,0.4534254735066094,0,54.65745264933906,MONITOR
1045,3.462060226,7.261789734,1.66280834,74.54769832,70.75015393,1,0.5605416690879761,1,43.94583309120239,WARNING
488,3.958650912,5.000750149,1.444011718,78.52695151,77.69742674,1,0.6868029281320988,1,31.319707186790126,WARNING
1398,3.6681309,4.659873627,2.39546031,75.03756364,83.35218553,0,0.2947658727592187,0,70.52341272407814,MONITOR
614,4.326957717,12.30499044,1.854536434,75.13881243,73.95335134,1,0.7775396373817991,1,22.24603626182009,CRITICAL
1063,4.398426207,6.433812904,3.618290454,77.69938831,85.50027359,0,0.3488072292899888,0,65.11927707100111,MONITOR
581,4.081327267,7.947877226,3.141427925,83.91973165,76.58502171,1,0.8285259135137015,1,17.14740864862985,CRITICAL
643,2.107043475,4.856294457,3.095996736,77.61755454,77.83738106,0,0.46030658013990994,0,53.969341986009,MONITOR
805,2.91303054,17.5689917,1.746637573,74.71799504,75.25512005,1,0.7129612166201588,1,28.703878337984122,WARNING
621,2.415462211,3.437752616,1.256796458,75.23719183,84.65999245,0,0.6302826643067558,1,36.971733569324414,WARNING
964,2.476848742,12.40312213,3.041142874,73.6391814,78.21803389,0,0.5975352057332087,1,40.24647942667913,WARNING
528,2.366910059,11.05325398,2.500638759,84.82775422,82.63035073,0,0.6307880973229768,1,36.92119026770232,WARNING
687,2.159423476,14.00168744,3.123045741,76.67933245,81.47648985,1,0.6178734088956311,1,38.21265911043689,WARNING
661,2.435270031,7.914654291,3.038856883,75.11960883,75.42019159,1,0.7158446909199924,1,28.415530908000765,WARNING
620,2.046795628,6.215499293,1.037487465,74.94427715,81.74734118,1,0.6126316107956011,1,38.73683892043989,WARNING
780,2.714392889,7.903468973,2.184257516,80.00459089,83.87523098,1,0.4570606105167523,0,54.29393894832477,MONITOR
514,3.73570861,7.496804418,1.74943446,75.52660947,84.6151936,0,0.7978466799637353,1,20.215332003626475,CRITICAL
1713,4.601270997,11.47495715,2.374232205,81.69654624,76.63347216,0,0.29175959476545776,0,70.82404052345423,MONITOR
810,2.182077363,3.829218373,2.211181184,75.95915224,79.91417325,0,0.3177581924960447,0,68.22418075039553,MONITOR
978,2.007255146,3.794500341,2.025737945,76.93397602,72.71020992,0,0.21371974439381508,0,78.6280255606185,NORMAL
1014,2.343176599,4.53797244,1.920703562,75.65242282,85.71696969,1,0.36912562224884726,0,63.087437775115276,MONITOR
540,1.915083719,5.478061298,1.835024823,78.14283206,82.45704289,1,0.7843494106671218,1,21.565058933287816,CRITICAL
813,2.322393146,6.7792547,0.474661275,79.98350051,78.08228223,1,0.5691047952365925,1,43.089520476340745,WARNING
650,2.161905085,7.057915915,2.441716355,75.42184935,83.88721117,1,0.6674317574163946,1,33.25682425836054,WARNING
417,4.350162683,5.714236329,2.003658161,76.28413064,91.57009687,1,0.749866195480925,1,25.013380451907498,WARNING
609,4.779777538,7.030671641,2.336047456,75.18646471,78.2887937,1,0.7323373529809982,1,26.766264701900177,WARNING
475,4.572998944,4.625491887,1.856133154,74.60773297,76.59712086,1,0.8519743213588078,1,14.80256786411922,CRITICAL
1399,4.381381886,8.97080939,1.46634242,76.26266191,66.49967161,1,0.50102179435121,1,49.897820564879005,WARNING
1123,3.157005903,12.55097403,2.038477652,78.50816717,81.35496676,0,0.4285772179790962,0,57.14227820209038,MONITOR
1713,2.28101914,5.571537959,2.233449581,81.24506034,79.90214312,0,0.2696070070438342,0,73.03929929561657,MONITOR
684,2.914611393,6.149582358,3.426327787,83.51865153,82.13161186,0,0.5162074762230974,1,48.379252377690264,WARNING
822,2.482027491,8.625618308,2.068058035,74.35590612,68.61140977,1,0.661990153117609,1,33.8009846882391,WARNING
678,2.387830361,10.82183294,1.016285692,74.70381085,78.90407027,1,0.542187856916505,1,45.781214308349504,WARNING
670,2.161054306,10.06710882,1.58488338,73.82418818,75.3011533,1,0.6382318823973042,1,36.17681176026958,WARNING
894,4.439967095,5.953172907,2.373178032,76.60708152,70.28471037,0,0.42122003960835525,0,57.87799603916448,MONITOR
594,2.670296999,9.094531454,2.782816089,77.07716121,83.55629602,1,0.7091710753288741,1,29.082892467112586,WARNING
716,2.54781076,7.744476055,1.250402956,83.7276609,72.14325888,1,0.4980904780518185,0,50.19095219481815,MONITOR
401,1.887355884,11.54410979,3.452028266,88.41598077,93.77036777,1,0.7519206224649291,1,24.80793775350709,CRITICAL
610,4.2297995,5.423975313,3.072546979,76.69250408,79.41828425,0,0.7035026975199102,1,29.649730248008975,WARNING
1495,1.916789401,6.764545765,1.855877078,86.4009998,84.98383446,0,0.23673213641739427,0,76.32678635826058,NORMAL
606,2.065472754,5.872413071,2.430275754,77.74472612,79.09782635,1,0.4285450872900636,0,57.145491270993645,MONITOR
650,3.662060493,8.389033073,1.392102322,84.2460953,82.21024467,1,0.6604732312926546,1,33.95267687073454,WARNING
629,2.554701118,3.458779108,1.658941067,86.25636953,83.72374211,0,0.5475192695597884,1,45.24807304402116,WARNING
768,4.277418054,13.55582591,1.70780221,77.6357881,80.88387761,1,0.5155258292453524,1,48.44741707546476,WARNING
1008,5.569739578,3.990058838,1.405692219,78.68070563,82.57138931,0,0.46165104015768965,0,53.83489598423103,MONITOR
643,2.23794801,6.923051835,1.756005373,76.42522495,78.69307187,1,0.6201395095766503,1,37.98604904233497,WARNING
787,4.725457705,6.319694008,0.328473435,82.87780967,85.63058313,1,0.5651235321885469,1,43.48764678114531,WARNING
1067,1.890055343,1.752435512,0.983354992,76.09517163,76.71505071,0,0.2957223776205382,0,70.42776223794618,MONITOR
798,5.581680118,9.217782312,2.240320148,74.89947838,72.2755143,1,0.685193674906115,1,31.480632509388496,WARNING
928,3.242758964,3.536545034,1.318206113,75.44597623,81.86535575,0,0.3563023517276037,0,64.36976482723963,MONITOR
854,2.645185576,4.913088725,1.308880727,76.14930606,72.67937894,0,0.41271852565973755,0,58.72814743402625,MONITOR
669,3.851516695,4.77204732,1.978956677,76.95086026,78.37436268,0,0.5194243524843382,1,48.05756475156618,WARNING
861,3.097753174,6.762214375,2.037372734,77.85544733,73.9731731,1,0.5274817415225629,1,47.25182584774371,WARNING
1069,3.19307457,6.16624304,1.343401189,78.22377112,75.72121448,0,0.4631993795901319,0,53.68006204098681,MONITOR
626,3.258302417,12.66721433,4.928157344,74.27455486,84.8346817,0,0.8317692223495314,1,16.823077765046857,CRITICAL
592,2.258274216,4.432368842,3.551914138,86.72428092,87.29507736,1,0.5348172302442092,1,46.51827697557908,WARNING
714,1.769800181,4.546317159,2.595567918,76.91318695,84.56007623,0,0.4389612037219344,0,56.10387962780656,MONITOR
1012,4.127005172,4.103021115,6.621491404,81.90501262,82.92175731,0,0.15480774184376017,0,84.51922581562398,NORMAL
549,3.194731073,7.217278142,2.39668732,80.45508769,70.10514577,1,0.8068665426829545,1,19.313345731704544,CRITICAL
959,5.506266634,3.634501943,3.061398908,80.81787641,82.86270836,1,0.38181499905832456,0,61.81850009416754,MONITOR
552,2.76137526,1.370998485,5.750228076,76.91252773,87.87969724,0,0.4751280527457943,0,52.48719472542057,MONITOR
830,3.780470835,10.57201291,3.624016434,75.7139569,74.5765972,0,0.5710522977302215,1,42.894770226977855,WARNING
623,3.586064195,4.424377778,1.566359735,75.87115794,85.17621724,1,0.7909496755873309,1,20.90503244126691,CRITICAL
1063,2.95081446,11.88618156,1.192207881,78.12703377,74.53617347,1,0.5180519294897433,1,48.19480705102567,WARNING
551,3.382156669,9.645301402,4.119633283,77.41141824,79.9000529,1,0.7183180709717483,1,28.168192902825172,WARNING
774,2.776387966,4.507465518,2.115910459,76.07934782,82.1714296,1,0.3868117518970165,0,61.31882481029835,MONITOR
1045,2.530593009,5.130179583,2.724355425,75.37659971,70.42642189,1,0.45432584465900266,0,54.56741553409974,MONITOR
790,2.928716358,3.810537685,2.789833744,75.91914269,81.66669096,1,0.34423542396482565,0,65.57645760351744,MONITOR
514,3.642813253,6.666078343,2.83062543,78.85412386,76.93909251,0,0.6722874960469324,1,32.77125039530676,WARNING
638,1.978124846,6.576255909,2.280325605,78.30748079,74.22235036,0,0.45610903519565243,0,54.38909648043475,MONITOR
854,2.29866197,9.093801912,1.371096765,77.9286187,86.14035815,1,0.4855620936021618,0,51.44379063978381,MONITOR
724,3.822528188,12.90518234,2.529724698,78.04363918,83.51002935,0,0.6056797204609449,1,39.43202795390551,WARNING
647,3.398954339,6.047638748,1.211565693,80.96589894,69.27667958,1,0.6277408764218639,1,37.225912357813606,WARNING
553,2.599876719,8.404981779,7.417474091,77.18266749,80.01145877,1,0.7091053329387101,1,29.089466706128984,WARNING
497,2.69219197,4.843747868,3.031616308,77.34378272,84.46518405,1,0.6610991636728503,1,33.890083632714976,WARNING
707,3.239224448,5.052635,0.975293637,76.15402008,77.92620698,0,0.6647243864976552,1,33.52756135023448,WARNING
493,2.682183465,9.61451206,2.233794803,77.60363479,75.87063347,1,0.8253206214264867,1,17.467937857351334,CRITICAL
1292,2.000398811,3.056092555,2.692804483,81.09278634,77.99631354,0,0.21278847659803699,0,78.7211523401963,NORMAL
715,5.375851138,6.46709455,1.780727055,81.01523768,74.81622997,1,0.6078477251848547,1,39.215227481514525,WARNING
825,2.790326322,5.136035481,1.775599582,76.34159399,66.434927,1,0.48545370405480737,0,51.45462959451926,MONITOR
764,3.116538401,10.38237757,2.478255895,74.89156309,66.24141586,1,0.7679857109937055,1,23.201428900629452,CRITICAL
1132,2.314987496,6.784613257,1.694328242,81.99630371,80.01623102,0,0.31161969903233744,0,68.83803009676626,MONITOR
993,4.589631185,5.981373028,5.091914931,76.89073111,73.19463809,0,0.4130532039725793,0,58.69467960274207,MONITOR
567,3.171166715,3.923979679,1.632094545,75.68093065,82.36130514,0,0.7196484437283827,1,28.035155627161735,WARNING
496,2.783347659,7.016390552,2.080927935,76.68057451,75.46093093,1,0.7604423192283046,1,23.955768077169537,CRITICAL
966,2.06923878,8.427977649,1.770769208,75.28473986,82.85768629,0,0.3903655896238274,0,60.96344103761726,MONITOR
727,3.030411425,8.25887894,1.890491554,80.65878384,67.4294646,1,0.7659289645846343,1,23.407103541536568,CRITICAL
711,5.396527374,6.161167953,2.030553064,76.45694819,72.2832804,1,0.6339607059887606,1,36.603929401123935,WARNING
1480,4.793782561,10.58350438,2.009088238,77.28374688,74.86132143,1,0.3819596600603459,0,61.80403399396541,MONITOR
1069,2.369648268,10.00598888,3.087171853,76.05347532,85.39971324,0,0.4101278485059042,0,58.98721514940958,MONITOR
1480,3.573602411,7.270017642,2.531969643,78.40730692,82.87223433,1,0.2913855442198865,0,70.86144557801136,MONITOR
994,0.224111577,8.18158933,2.700268249,81.36011296,68.67722943,1,0.5340029639817078,1,46.599703601829226,WARNING
754,3.29623845,6.148235012,0.978269813,75.64467938,78.21695196,1,0.6941536140804232,1,30.58463859195768,WARNING
707,3.962842996,4.811551358,2.065830042,86.23519925,77.57748299,0,0.47994636184545925,0,52.005363815454075,MONITOR
700,2.390464094,5.294616348,1.371123581,75.85360255,67.27589997,0,0.6158400455696799,1,38.41599544303202,WARNING
817,3.341815296,10.92561602,4.488822545,77.14157365,69.71136342,1,0.6180407480164261,1,38.19592519835739,WARNING
876,2.20625393,10.51579384,1.348373038,77.83457688,87.98696939,1,0.5338217740066085,1,46.617822599339156,WARNING
1038,3.939605554,7.012404467,2.944527154,77.24563171,83.5931899,1,0.33574242433465995,0,66.425757566534,MONITOR
687,3.585164289,7.440734625,1.93518746,76.65908309,76.61206812,1,0.6586232010501707,1,34.13767989498293,WARNING
975,1.891353884,5.555218829,2.418260521,75.49382563,86.11094449,0,0.34042752605260646,0,65.95724739473935,MONITOR
809,2.591069325,5.564854821,1.826175849,78.15619483,78.25033346,1,0.44575760817018484,0,55.424239182981516,MONITOR
1320,3.000583049,5.414400881,1.131521101,88.35561799,84.72878255,0,0.4517648061178315,0,54.82351938821686,MONITOR
1318,4.197459856,2.459418764,1.781128746,78.47229803,91.68672694,1,0.31022139179151137,0,68.97786082084887,MONITOR
438,4.07609976,7.803149316,4.05469899,83.14103176,80.2904602,1,0.8147211763753243,1,18.527882362467572,CRITICAL
976,4.993911512,4.869225442,1.272522738,76.12344697,81.93673109,1,0.43225179136230024,0,56.77482086376997,MONITOR
625,2.466921634,7.750863476,1.99867079,80.61790161,73.35744225,1,0.6290228883917143,1,37.097711160828574,WARNING
643,3.269944661,7.63188957,2.405397527,80.7314011,81.94343027,1,0.6765765421503354,1,32.34234578496646,WARNING
739,3.35921311,9.032016603,5.338166199,75.99059333,71.30545049,1,0.6378274822800214,1,36.21725177199786,WARNING
847,4.232853782,4.487787423,2.83907571,75.81364284,70.6833905,1,0.4220376306183203,0,57.79623693816798,MONITOR
1023,2.75740685,4.436939844,1.426170008,77.96942249,78.12552951,0,0.30526645101081934,0,69.47335489891806,MONITOR
502,4.074034253,8.332217313,1.235785187,76.37708638,80.13998397,1,0.8362056207000732,1,16.37943792999268,CRITICAL
827,2.664926227,5.256643446,1.043278356,78.88374958,70.38557371,0,0.5120114603807644,1,48.79885396192356,WARNING
419,2.515130325,4.702305887,2.912659111,78.30775073,81.58262354,1,0.7634745635585177,1,23.652543644148228,CRITICAL
1115,4.106250748,4.935860262,1.202714596,76.84307422,76.75855764,1,0.43080995736654776,0,56.919004263345215,MONITOR
1411,2.500864576,4.728872127,1.780617573,77.20060266,73.55218668,0,0.2856867337361412,0,71.43132662638588,MONITOR
853,2.103314513,0.916804218,1.259039064,77.94198481,88.49660077,0,0.4594788942767531,0,54.052110572324686,MONITOR
500,2.430457286,5.691030229,2.336999653,75.48801696,82.79542312,1,0.8235632129714229,1,17.643678702857713,CRITICAL
1025,2.788244017,5.820974447,2.006944015,77.04422915,79.4772265,0,0.40568089064932106,0,59.4319109350679,MONITOR
1066,2.271010326,4.075766315,1.124068479,87.94654381,86.7443352,0,0.34598928692728254,0,65.40107130727175,MONITOR
1221,3.989225938,6.679230535,2.214250345,76.40115203,75.66981801,0,0.4241600867842213,0,57.58399132157788,MONITOR
555,2.777080074,8.779156018,3.451056251,75.6348691,75.50152915,0,0.8178061262500967,1,18.219387374990326,CRITICAL
605,2.235786112,5.68481509,3.156808164,82.31339602,74.53387075,0,0.4713167244855117,0,52.868327551448836,MONITOR
413,2.585994656,16.66110852,3.462777341,77.2710885,85.93130527,1,0.8639886985503383,1,13.601130144966167,CRITICAL
841,3.388750796,8.606893148,2.182809232,77.54177822,68.60575394,1,0.6824261702434723,1,31.75738297565277,WARNING
851,2.72251235,3.687908459,1.745677696,76.87977799,72.79969428,1,0.2926787453559013,0,70.73212546440986,MONITOR
615,3.829215083,1.28678917,1.585029704,74.8057878,86.74351432,1,0.6525835724092509,1,34.74164275907491,WARNING
617,4.036911503,7.407675461,2.909223372,76.21185856,82.63960232,0,0.789607381507881,1,21.039261849211897,CRITICAL
674,4.121312532,4.673051709,1.715231159,76.11176824,80.87076358,1,0.6145290775568679,1,38.547092244313205,WARNING
905,5.253239444,7.250669158,2.849116184,76.01636698,83.35507067,1,0.5482180827531891,1,45.17819172468109,WARNING
768,2.810525174,4.928536222,1.75857171,76.88513533,77.28627433,0,0.499218944382145,0,50.0781055617855,MONITOR
884,3.69193888,5.566827864,2.420148135,79.24440033,72.17353831,1,0.37275056481289764,0,62.72494351871023,MONITOR
713,3.688731998,6.863706261,0.98954395,76.00999465,78.21247043,0,0.7148460204333582,1,28.51539795666418,WARNING
491,2.933948177,12.21217727,2.836201739,81.81957006,77.61064054,1,0.7786562588580218,1,22.13437411419782,CRITICAL
1059,3.600434706,7.085442326,0.777630074,80.94431962,75.7524775,1,0.3753324212607296,0,62.46675787392704,MONITOR
1140,3.533413249,5.959691224,0.744993909,75.35195661,70.44185029,0,0.536537460231926,1,46.346253976807404,WARNING
389,3.246348724,11.09673868,1.447763199,76.66760666,75.54447414,1,0.9685255725427879,1,3.1474427457212073,CRITICAL
410,3.366457138,5.87675952,4.149554792,76.03055712,74.65713716,1,0.8655790090903133,1,13.442099090968673,CRITICAL
972,3.124398592,7.207696547,1.33761182,76.42507867,66.75721141,1,0.617851768545799,1,38.2148231454201,WARNING
1126,2.464685351,4.978878361,2.930480453,79.37497089,71.71595511,1,0.29911218907546894,0,70.08878109245312,MONITOR
472,3.336379307,8.677464723,1.985260646,75.32814768,87.57462157,1,0.9228060596754507,1,7.719394032454929,CRITICAL
774,3.842076864,10.69156747,3.597398959,75.50720592,82.71257369,1,0.6140652571220183,1,38.593474287798166,WARNING
646,3.161767323,6.74695179,1.301588967,77.06965519,78.84683962,0,0.7314157619343952,1,26.858423806560484,WARNING
868,4.239119993,6.954863897,1.269046673,77.19291182,71.71272545,0,0.4738827279326145,0,52.61172720673854,MONITOR
754,3.457717254,3.835882969,1.904419791,80.32409388,81.23246357,0,0.41982111032476477,0,58.017888967523525,MONITOR
892,4.653879968,5.286794533,2.775607835,77.08685916,77.89049182,1,0.4537253656404036,0,54.62746343595963,MONITOR
686,2.3824034,7.63370835,2.001414431,81.55097828,83.70123383,1,0.5211098252095538,1,47.88901747904462,WARNING
650,4.469736236,3.852011624,3.12879538,77.17567782,82.88326459,1,0.493677753681782,0,50.6322246318218,MONITOR
641,4.435089761,4.02860245,2.258919981,76.75443418,70.99872913,1,0.5795691235150735,1,42.04308764849265,WARNING
721,2.830141177,5.970925724,2.843233129,77.03103869,84.05258206,1,0.46854464334620083,0,53.14553566537992,MONITOR
476,2.953660347,7.235297944,1.891387891,80.01879146,87.09256459,1,0.6906907744590126,1,30.93092255409874,WARNING
1017,4.042448892,8.35409478,1.172650381,74.19751514,74.5194641,1,0.5081994138110453,1,49.18005861889547,WARNING
522,2.809400511,6.750110597,2.618713981,76.94102277,81.96682479,1,0.7786881776995601,1,22.13118223004399,CRITICAL
872,4.562843801,1.976794989,0.75355915,83.19102953,88.46321008,1,0.47695501690431336,0,52.30449830956867,MONITOR
935,2.548486372,3.314988371,1.170225793,77.52961925,88.54949845,1,0.37179339249724275,0,62.82066075027573,MONITOR
661,1.607511071,16.18050075,2.149667431,75.00047764,76.515055,1,0.728495332034837,1,27.150466796516305,WARNING
821,1.867694259,14.0131926,3.067264607,78.29099302,75.12643655,1,0.4861736523658673,0,51.38263476341327,MONITOR
571,4.879923375,5.857137798,3.009284637,76.07099156,72.10210714,1,0.7866711021288071,1,21.332889787119292,CRITICAL
893,5.158781728,2.683683105,1.51246412,80.77105597,74.10892806,0,0.3753338001453008,0,62.46661998546992,MONITOR
712,3.270437194,6.759980657,3.382763997,76.79989557,76.50284757,1,0.538537041836063,1,46.1462958163937,WARNING
531,4.368057198,8.887353891,3.516479003,76.60389551,84.86626511,1,0.8193102974313425,1,18.068970256865747,CRITICAL
751,4.299476879,7.393724673,1.714239267,77.923307,88.83109066,1,0.6188425775513063,1,38.11574224486937,WARNING
547,2.57031041,5.0083488,2.177492286,81.94331076,73.89534883,1,0.7288232309278676,1,27.11767690721324,WARNING
480,2.263578076,10.9222248,3.268777193,84.37856845,85.47614094,1,0.7846149444424406,1,21.53850555575594,CRITICAL
1205,2.034593162,6.295167684,2.74140001,76.11575255,81.34622505,1,0.3394753760437045,0,66.05246239562955,MONITOR
1443,2.295309478,16.9306201,3.135259598,73.02948829,75.804136,0,0.44772607229557965,0,55.22739277044204,MONITOR
780,2.193938569,4.843368036,1.587775062,74.32491563,70.87673949,1,0.5666702336019398,1,43.33297663980602,WARNING
928,2.604817256,8.23191154,2.676731804,74.03169751,93.22526179,1,0.6504475983497702,1,34.955240165022985,WARNING
673,1.9361475,7.017467667,1.442004696,83.11082102,80.36204034,1,0.5362810060501324,1,46.37189939498676,WARNING
410,3.782291502,6.21022683,3.340369962,80.49126958,83.70995604,1,0.9281847809746546,1,7.181521902534538,CRITICAL
779,2.897515867,7.332963271,2.618214974,78.55960842,83.634485,0,0.5395859289745445,1,46.04140710254555,WARNING
1038,2.613387159,4.014415289,1.201980702,75.13262054,78.47846921,0,0.46462036363137155,0,53.53796363686285,MONITOR
493,2.352637026,4.43939511,2.917978583,80.89862484,80.25216288,1,0.6231326836158212,1,37.68673163841788,WARNING
612,3.753787122,2.969933186,1.523616411,83.14247303,76.15877364,1,0.46373245848214273,0,53.626754151785725,MONITOR
648,2.559769395,6.0209854,1.733273077,77.38914151,81.71138769,1,0.4977529979076843,0,50.22470020923158,MONITOR
396,5.223596477,6.168522685,2.668357175,76.32449525,78.72115346,1,0.8680107618728776,1,13.198923812712238,CRITICAL
744,3.937448789,12.47226822,2.303231164,77.97794261,67.76061654,0,0.680174261063378,1,31.982573893662202,WARNING
414,2.959877902,9.779070967,2.704703963,75.19361841,70.86677503,1,0.9653141707913693,1,3.4685829208630725,CRITICAL
1046,2.299534606,5.860466171,2.0412037,76.68778929,76.2333531,1,0.3638536618107834,0,63.61463381892166,MONITOR
659,2.738662761,5.254075378,1.349549381,74.9934227,84.30467701,1,0.7106833389911869,1,28.931666100881316,WARNING
1182,5.827862768,6.503652518,2.084228586,75.72338686,78.26381753,1,0.6212785529735576,1,37.87214470264424,WARNING
613,4.251250757,4.468964988,1.236719787,77.9237789,79.25184013,1,0.5424690538781815,1,45.753094612181854,WARNING
580,2.513439593,4.133629258,4.002454324,74.99805729,73.50837536,1,0.6347946206871078,1,36.52053793128922,WARNING
468,3.50525554,4.565857704,0.964297355,74.40842832,81.35524043,1,0.8167963734922706,1,18.320362650772935,CRITICAL
754,3.296830139,6.568899354,3.643367446,74.73335664,64.19949011,1,0.7870212000664704,1,21.297879993352964,CRITICAL
560,4.075894306,8.533398598,2.391851973,76.69988509,72.55116228,0,0.8322657158081116,1,16.77342841918884,CRITICAL
644,4.856364661,10.55026803,2.216323611,75.52430877,69.41617872,1,0.7136783795258597,1,28.632162047414035,WARNING
530,2.746962955,3.796316157,2.310795874,76.01595896,73.18622112,1,0.6545281544334889,1,34.54718455665111,WARNING
1224,4.39795887,6.005172951,1.690140192,81.10462846,74.27548931,0,0.36578277774006956,0,63.42172222599305,MONITOR
413,1.991852775,8.795841104,1.547008199,75.15242032,86.4806402,1,0.9192615563584493,1,8.07384436415507,CRITICAL
651,2.758789262,4.510129352,1.163138328,77.23978818,85.47749206,1,0.6536511330721899,1,34.63488669278101,WARNING
724,3.974247806,13.8795513,2.094191161,77.13289254,85.63434302,1,0.6029497494491886,1,39.705025055081144,WARNING
754,4.12157059,4.43490472,2.7516682,74.63751315,75.88588764,1,0.6268860236299912,1,37.31139763700087,WARNING
721,1.614893785,5.982786713,1.262523391,77.21561611,79.00275166,1,0.415359943038057,0,58.4640056961943,MONITOR
585,4.392293849,10.20220931,3.091880458,78.35980363,77.24113616,1,0.688983801863671,1,31.101619813632897,WARNING
582,3.469436441,10.76886798,3.093371247,81.04783712,83.66201478,1,0.6633226448414237,1,33.667735515857636,WARNING
574,1.689799094,5.04876753,2.196392711,75.63110871,82.83600366,1,0.5717983646362478,1,42.82016353637522,WARNING
803,3.482161494,7.624078455,1.63389864,75.96278945,69.81883981,0,0.6539334413981347,1,34.60665586018653,WARNING
626,3.162197146,6.931409428,1.570116254,79.40171949,83.08210388,0,0.6052155992184562,1,39.47844007815438,WARNING
1059,3.244239423,6.349272953,3.277904836,76.75911465,86.73328951,0,0.47239058762029507,0,52.76094123797049,MONITOR
935,3.081979953,5.636876688,1.54043371,80.6397049,75.44639607,1,0.4107208943903517,0,58.927910560964825,MONITOR
886,3.005863428,7.410883722,3.058269837,74.83910113,77.40482573,0,0.4591637192348871,0,54.08362807651129,MONITOR
884,2.579970026,5.055187033,2.104592543,73.43339783,74.67661749,1,0.6202188189953385,1,37.978118100466155,WARNING
813,4.003465908,2.865487512,1.289676619,76.63830463,75.76807731,1,0.3662460358449587,0,63.375396415504134,MONITOR
856,2.447543327,5.973449758,2.94996824,75.20249372,73.84044132,1,0.5197339442952625,1,48.02660557047375,WARNING
424,4.021698609,5.891648698,4.463480127,75.52244363,91.51019786,1,0.7668267679333785,1,23.317323206662156,CRITICAL
382,3.616727562,8.693845504,1.098218779,75.92066691,81.65936616,1,0.9678165132913491,1,3.21834867086509,CRITICAL
575,4.331275319,6.988437479,4.390760994,74.38474445,76.37627715,0,0.8923791133595027,1,10.76208866404973,CRITICAL
1231,2.314284459,4.270055477,2.19414179,82.10865774,76.59820377,0,0.22674071484208283,0,77.32592851579172,NORMAL
1006,5.024341199,11.839796,1.676294648,80.74576494,87.87202989,0,0.496387363878313,0,50.361263612168706,MONITOR
509,3.364882226,6.220950885,1.561814123,75.29348605,71.73843253,1,0.8777877793490849,1,12.221222065091508,CRITICAL
893,2.571592609,7.471679728,1.724552907,86.55174055,75.99890596,1,0.5854843294861745,1,41.451567051382554,WARNING
928,3.239772343,6.724460752,2.42042363,76.70439921,71.85093183,0,0.5123177392084948,1,48.76822607915052,WARNING
816,4.426203055,2.837153637,1.923735593,84.13034781,88.47437192,1,0.4235637924210113,0,57.64362075789887,MONITOR
706,2.307239245,8.112507981,5.055324145,79.46964895,71.63392993,0,0.44573214140963463,0,55.42678585903653,MONITOR
762,3.162574433,4.722334528,2.69646161,75.00683323,77.6034577,1,0.6386608392443112,1,36.133916075568884,WARNING
1178,3.256440276,8.172965661,1.489593129,77.23744025,75.99578908,1,0.5073888941217803,1,49.26111058782197,WARNING
882,2.454746953,8.146919732,1.111995716,84.47572957,86.11818428,0,0.46931464303622905,0,53.0685356963771,MONITOR
690,1.89356599,5.574391762,2.911996075,74.88127837,72.3204046,1,0.620762571785322,1,37.9237428214678,WARNING
949,2.868227721,5.773428683,2.672250879,76.51790762,66.92498967,1,0.4909675459769878,0,50.90324540230122,MONITOR
721,3.211151333,7.10360542,2.817882671,78.03919529,79.42292526,0,0.5760838540515106,1,42.39161459484894,WARNING
821,4.118057863,6.838184479,2.215599008,78.31288901,75.81766369,0,0.5373211770675906,1,46.26788229324094,WARNING
795,0.554904962,4.961375919,1.995635789,77.49582098,82.17436917,1,0.5083246398957344,1,49.16753601042656,WARNING
754,2.931880538,5.210594877,1.070077031,78.21956338,81.21398998,1,0.5597043352760642,1,44.029566472393576,WARNING
1194,3.165353066,15.90736525,2.056758977,77.63718345,75.72005357,1,0.5915377577822712,1,40.84622422177288,WARNING
519,2.531002934,8.211059086,1.576638431,75.94275795,76.36688164,1,0.8316086307716343,1,16.839136922836573,CRITICAL
467,4.611006837,8.075600431,3.563527613,74.44128578,73.92144643,1,0.9388903269445829,1,6.110967305541715,CRITICAL
459,3.029269364,6.880355556,1.408355034,76.7737382,76.56502686,1,0.7627647936439185,1,23.723520635608153,CRITICAL
646,2.23599324,7.854342318,2.16520825,75.06614626,83.69132744,1,0.6233395254717357,1,37.66604745282643,WARNING
770,5.198257103,5.158504076,0.483906615,73.95326554,81.90723663,1,0.5820771846813451,1,41.79228153186549,WARNING
549,2.787295243,5.794727494,1.521807067,75.57422469,67.4380325,1,0.8501790201459749,1,14.98209798540251,CRITICAL
1061,1.026956782,6.639351144,2.90663342,76.4260401,74.49846405,0,0.3480690966635716,0,65.19309033364284,MONITOR
474,5.087625889,6.335908742,1.518576282,77.74082487,83.79740755,1,0.7959067657974648,1,20.40932342025352,CRITICAL
1613,1.76519379,9.02579158,2.633837018,76.19095391,78.31608481,0,0.34195704140856154,0,65.80429585914385,MONITOR
874,2.946312613,5.116907423,2.32765653,78.04890773,85.41519606,0,0.36783153809359964,0,63.21684619064003,MONITOR
875,2.285742343,4.259121282,1.691203011,75.2892737,81.91534135,0,0.33689476994604295,0,66.31052300539571,MONITOR
1074,3.601523569,5.32598241,2.131664469,80.29496503,85.38792017,0,0.35869471567082106,0,64.13052843291788,MONITOR
1598,4.366615497,6.413077046,2.578174829,84.11993673,69.04837614,1,0.356470201924138,0,64.35297980758621,MONITOR
1117,3.57706831,8.010292444,3.526571085,83.84839533,73.08847129,0,0.38799399488040115,0,61.20060051195988,MONITOR
558,4.37368089,1.339044462,3.218015015,85.35539871,76.62396471,0,0.6059870804414159,1,39.40129195585841,WARNING
392,2.034794206,5.510364153,1.412874686,75.65230054,80.56664935,1,0.828961259218103,1,17.103874078189698,CRITICAL
414,2.410246243,8.355377607,2.921128412,75.70596569,71.33439058,1,0.9710160747818858,1,2.8983925218114215,CRITICAL
801,3.510666108,6.683154238,1.212465864,74.2968826,77.52947749,1,0.5831414956831198,1,41.685850431688024,WARNING
1172,4.56953825,6.162248304,3.303369377,73.84495353,81.9630722,0,0.6278610343654872,1,37.21389656345128,WARNING
987,3.592820911,8.287422991,1.602174137,77.13373993,82.18696713,1,0.493093769620916,0,50.6906230379084,MONITOR
1076,3.781888146,13.33436042,1.729139297,75.31018061,80.278523,0,0.5469381695809533,1,45.30618304190467,WARNING
1020,4.86356502,7.814562645,2.914989518,75.29163811,84.48219025,0,0.6084276772188836,1,39.15723227811164,WARNING
1036,5.336089737,10.11225488,3.211716806,77.6282051,75.06725435,1,0.5318135602254849,1,46.818643977451515,WARNING
941,2.668955775,6.05922171,2.164007068,83.28735415,69.31278821,1,0.3715985453248707,0,62.84014546751293,MONITOR
507,3.305412711,6.096386178,1.087132103,76.83279426,74.7143791,1,0.7158231353395753,1,28.41768646604247,WARNING
726,2.763932906,5.386509354,4.656362862,76.97326724,75.36337692,1,0.35393369037925665,0,64.60663096207433,MONITOR
1149,3.533365874,4.573785649,1.399828787,76.86569653,80.02472163,1,0.3634152913696978,0,63.658470863030225,MONITOR
590,2.524033859,5.790261209,2.78488477,74.77662609,84.21484028,1,0.7105229994675745,1,28.947700053242553,WARNING
682,1.876650322,6.251282186,1.578232647,82.26438714,78.37473041,1,0.48591139574453535,0,51.408860425546465,MONITOR
553,2.806774845,4.828042052,3.326148468,77.75361303,88.98668084,1,0.6725134556205419,1,32.74865443794581,WARNING
869,1.035299972,11.35234948,1.689799694,77.44134291,72.94431564,1,0.561495004644577,1,43.8504995355423,WARNING
1109,5.128644027,11.93356051,4.646075388,77.95295855,80.03695593,1,0.4994419392980896,0,50.055806070191046,MONITOR
801,3.009651027,11.14307363,2.696645155,76.40366232,77.07768309,0,0.6268411057374046,1,37.31588942625954,WARNING
801,4.659347484,4.329364364,3.045568282,75.93147772,74.03943042,0,0.45447881616970004,0,54.55211838303,MONITOR
560,2.827450817,11.73054823,1.832205746,77.18277677,70.76525408,1,0.7849214238426484,1,21.50785761573516,CRITICAL
484,2.643658154,4.587758583,2.426205949,82.48365708,81.30715217,1,0.7792204723377743,1,22.077952766222573,CRITICAL
787,4.381908228,11.34602516,1.687465595,74.26441374,78.55046393,0,0.5895694857528185,1,41.04305142471814,WARNING
971,3.292745929,2.740716289,2.889257153,78.80060714,79.93736915,0,0.17281321169436553,0,82.71867883056345,NORMAL
866,3.974161795,6.687264764,1.609015243,86.3115522,73.90595631,0,0.42581463499970224,0,57.418536500029774,MONITOR
1500,2.27710795,3.806610736,2.432490095,77.92989806,75.63777899,0,0.2613909867230541,0,73.86090132769458,MONITOR
691,3.921850459,8.737124323,3.118082433,77.82999329,75.66688433,1,0.7373655140783729,1,26.263448592162707,WARNING
910,4.781816562,5.998269381,1.638388036,75.08142236,71.36366509,1,0.5145340769698843,1,48.54659230301157,WARNING
1245,2.030880233,4.968979683,2.47361503,85.51648604,83.87822946,1,0.3426898525336061,0,65.73101474663939,MONITOR
958,2.714196123,4.874474605,0.492047987,75.2806319,70.02083189,0,0.49433913360795184,0,50.56608663920481,MONITOR
773,4.369374961,6.720365399,1.613990331,89.12104917,87.45414745,1,0.4867156772890334,0,51.32843227109666,MONITOR
590,3.972340705,9.84048388,1.786301451,76.49439467,82.04509794,1,0.7372689144913868,1,26.273108550861323,WARNING
765,2.397357751,6.255368705,1.865029908,75.25568933,79.14568761,1,0.5987208863487268,1,40.127911365127325,WARNING
670,5.280759873,10.43397161,3.121623124,73.21195468,66.10520361,1,0.8563074172626398,1,14.369258273736019,CRITICAL
1176,2.184469894,3.839641487,1.470650497,74.36801801,88.94599256,0,0.5791796497579125,1,42.08203502420875,WARNING
740,3.056827535,3.683837544,2.124681329,81.96455459,76.2781772,1,0.3044125366034047,0,69.55874633965952,MONITOR
517,3.791252233,9.300223919,1.330424105,81.4914578,71.00277294,1,0.870447004818032,1,12.955299518196794,CRITICAL
590,1.876913639,5.422567655,1.788497077,74.69511551,75.19351728,0,0.549798564808905,1,45.0201435191095,WARNING
509,2.265238084,5.517204522,2.546671531,75.21792498,75.05308112,1,0.7965110388162054,1,20.348896118379457,CRITICAL
626,5.008981747,7.74621474,3.101602422,76.25116402,82.56942099,1,0.8082827169719,1,19.17172830281,CRITICAL
856,3.559540358,7.127151096,2.184000777,78.38503055,71.43712685,0,0.5473568454822052,1,45.26431545177948,WARNING
495,5.396748723,6.668465014,1.437447113,77.86965809,75.68402771,1,0.7417301654264047,1,25.826983457359532,WARNING
644,4.575478145,10.54245493,1.944643714,76.3906263,81.72759264,1,0.6648837019563377,1,33.51162980436623,WARNING
897,2.201014507,3.919679373,1.644619702,85.25754374,88.86034721,0,0.29344276850540035,0,70.65572314945996,MONITOR
1179,3.308126694,6.162965271,0.736781032,75.67839738,71.43085438,0,0.5140865211518933,1,48.591347884810666,WARNING
1455,5.904123748,8.453077108,5.684282072,77.88017256,85.9454409,1,0.6040383471748793,1,39.596165282512075,WARNING
575,2.396736885,4.01561681,1.658967113,75.88385493,91.64265751,1,0.6075190057166618,1,39.248099428333816,WARNING
632,2.636906465,6.127868924,2.852415851,87.14273992,82.31816488,0,0.583265872879856,1,41.673412712014404,WARNING
1202,3.788761199,6.944605009,2.962098949,77.55688915,75.29646116,0,0.39472683695101546,0,60.52731630489845,MONITOR
940,2.486213853,4.466639665,4.653512905,75.52354326,87.45028207,0,0.40915791853484285,0,59.084208146515714,MONITOR
458,3.040985586,3.493298261,1.470470631,78.44279783,72.13703635,0,0.6551935935557468,1,34.48064064442532,WARNING
816,5.898107081,4.448224669,1.937587563,75.98401672,82.42097073,1,0.5880797959864554,1,41.192020401354455,WARNING
484,4.319836192,9.919491178,3.32272423,73.85743448,72.11960822,1,0.9635740544099299,1,3.6425945590070063,CRITICAL
580,4.175000407,11.49951499,2.534615735,79.0092682,71.23094958,1,0.7984935639663828,1,20.15064360336172,CRITICAL
467,2.09509618,3.006468767,2.223192952,77.89507234,76.68925021,0,0.6345540605935844,1,36.544593940641555,WARNING
523,4.44377305,6.888751388,1.385974873,84.69696808,80.54814308,1,0.7520909364013472,1,24.790906359865282,CRITICAL
902,2.102726794,4.771160568,2.723939318,77.38591843,75.60663997,0,0.345079550499256,0,65.4920449500744,MONITOR
658,3.686020967,6.034731249,2.220792253,75.80824836,72.47154644,0,0.6852291130319954,1,31.477088696800458,WARNING
644,4.066739806,11.05879033,2.864095604,74.92213579,78.34666232,0,0.7359776017435102,1,26.402239825648977,WARNING
543,3.277166819,5.940886653,1.922439042,76.1820835,72.91523639,1,0.6760720355975768,1,32.39279644024232,WARNING
349,3.025147954,8.336019652,2.979572589,77.12870136,87.0391479,1,0.9133664244094918,1,8.663357559050821,CRITICAL
697,3.813757968,1.633776818,0.794513633,78.63404126,86.72923729,0,0.3775881029319193,0,62.24118970680807,MONITOR
554,0.385682042,5.417357467,1.654031638,73.95415753,80.70851238,1,0.7461350889560717,1,25.386491104392828,WARNING
884,2.323520851,6.037791509,2.066903934,76.27633403,77.49972072,1,0.4739150727359842,0,52.60849272640158,MONITOR
518,4.551551835,7.198324077,1.819350019,77.00453729,86.65615931,0,0.7905967999094874,1,20.940320009051263,CRITICAL
1013,4.577946989,6.214517719,1.293277787,76.1410207,71.59808446,0,0.38678675776814064,0,61.32132422318593,MONITOR
739,3.812284517,2.763979925,2.600368234,76.41595159,82.36310653,1,0.34591026509288675,0,65.40897349071133,MONITOR
630,3.322102262,6.524635022,1.149828212,78.04168724,83.13156458,1,0.6094335625655977,1,39.05664374344023,WARNING
1255,2.935654837,12.98935082,1.836838719,74.87252112,81.40796417,1,0.5441201355522213,1,45.587986444777876,WARNING
581,2.509434119,7.456230561,1.954986656,77.22450862,81.39330349,1,0.7141939571112569,1,28.580604288874312,WARNING
577,3.343376689,7.217083605,4.306397162,74.09778446,66.97065373,1,0.8887729312860088,1,11.122706871399124,CRITICAL
862,2.685323211,6.857393881,3.089514632,80.16301252,80.22199652,1,0.4343626675963955,0,56.56373324036045,MONITOR
394,4.147297723,5.351542721,4.0229963,74.3996526,81.26948706,0,0.8860845482136468,1,11.39154517863532,CRITICAL
463,2.861510236,5.498762745,4.606841526,76.996608,71.94730193,1,0.769092561022077,1,23.090743897792297,CRITICAL
671,4.370510668,14.43714029,2.615159425,82.17156297,86.97735464,1,0.6484309500829762,1,35.156904991702376,WARNING
646,3.118521381,6.139691204,1.249218151,77.45996364,80.39625078,0,0.6436681536640153,1,35.63318463359847,WARNING
859,2.982877818,10.49009466,1.861812172,76.02175292,78.77792016,1,0.5560123569485668,1,44.398764305143324,WARNING
524,4.073009315,6.866104012,1.351965246,75.71836487,86.26080871,1,0.7866399402575587,1,21.33600597424413,CRITICAL
835,2.853709868,12.16361837,1.698597492,78.31504925,71.2861382,1,0.5882127609560945,1,41.178723904390544,WARNING
429,2.304550199,6.122140977,3.992141607,77.15459668,72.72606531,1,0.8321763718872591,1,16.782362811274087,CRITICAL
1260,5.016134797,5.663591155,4.06693695,78.35515235,76.34421401,0,0.3198303940422102,0,68.01696059577897,MONITOR
606,2.12744185,7.11173993,1.915011268,74.39467897,90.89271191,0,0.7072658948929545,1,29.273410510704544,WARNING
649,2.922876714,6.587000662,1.289563663,77.88088899,76.99287349,1,0.7102059056582644,1,28.979409434173565,WARNING
631,4.904868284,6.925805982,1.838913721,77.53434608,75.6908666,1,0.6819925617065,1,31.800743829349997,WARNING
536,3.359751844,6.303451159,2.533271569,76.4108274,72.70903106,1,0.8078435730341784,1,19.215642696582158,CRITICAL
628,2.658459609,5.623762607,4.632759527,74.61441382,81.60078783,1,0.7319842094041558,1,26.801579059584423,WARNING
1414,3.985859899,6.625279104,4.528799732,78.12947953,88.41964059,1,0.30912995889529155,0,69.08700411047084,MONITOR
753,3.373104148,7.760180881,1.815527354,74.72498296,85.9332315,0,0.6625691991636301,1,33.74308008363699,WARNING
737,4.699706716,6.175904734,1.931674793,75.0178123,86.78035181,1,0.6973609370652192,1,30.263906293478083,WARNING
537,3.409255003,11.83153346,2.252319639,74.30523004,78.29224675,1,0.8882220930274358,1,11.177790697256418,CRITICAL
1043,3.968561872,3.975508305,3.069746097,85.16705759,81.31317663,0,0.14101749257366356,0,85.89825074263364,NORMAL
347,2.629402046,7.872256966,1.803271917,75.49886392,75.88030224,1,0.9424342172732524,1,5.756578272674762,CRITICAL
485,4.847597702,8.725143157,1.439916471,76.75492979,79.18283218,1,0.8897408376771042,1,11.025916232289578,CRITICAL
468,1.993287304,5.272371558,1.654886524,77.09791476,83.17129703,0,0.7686731871911607,1,23.132681280883926,CRITICAL
568,2.66058104,8.023598072,2.359531979,80.89976356,75.51031784,1,0.8568538991765382,1,14.31461008234618,CRITICAL
1121,1.830729001,7.354271381,2.514047551,76.96635527,75.04437547,0,0.4393124126346852,0,56.06875873653148,MONITOR
799,2.944699721,4.508601784,3.181328915,74.823001,75.99632745,1,0.5216673582544662,1,47.83326417455338,WARNING
570,2.906042314,7.42353518,3.265352519,75.40517146,75.15325038,1,0.8597888367820017,1,14.02111632179983,CRITICAL
872,4.811943954,3.247426484,2.32034472,73.83117427,66.78102086,1,0.5006243788118008,1,49.937562118819926,WARNING
1562,2.27321769,6.909029074,1.167094963,76.15034882,76.29668909,0,0.24647423067407648,0,75.35257693259236,NORMAL
772,4.289009036,5.147458553,1.09504888,74.10160921,72.20830312,0,0.5840208747104506,1,41.597912528954936,WARNING
1521,0.189371695,9.035042901,3.197901662,76.08290039,82.79627766,0,0.45098504954083724,0,54.901495045916285,MONITOR
461,3.642850509,3.868962079,1.660525324,75.31103635,84.93524542,0,0.8325153552128933,1,16.748464478710666,CRITICAL
1009,4.501931103,5.125633367,3.391776154,78.18214723,78.66961107,1,0.2776347093637941,0,72.2365290636206,MONITOR
1295,4.629372616,7.531660308,1.126737998,76.70707972,78.45554797,1,0.47548899817638185,0,52.45110018236181,MONITOR
999,1.7465844,4.941849267,2.481631448,77.59931741,83.19938707,0,0.2878177852324632,0,71.21822147675367,MONITOR
1073,1.87685147,3.577373275,2.113144528,75.93163943,79.57459494,0,0.1852269282750319,0,81.47730717249682,NORMAL
701,3.094505229,8.524427143,1.866296853,74.71865498,77.52770485,1,0.7513254286904268,1,24.867457130957316,CRITICAL
556,2.514646994,5.424224116,1.784897335,76.05317324,77.47626812,0,0.7122648012593418,1,28.773519874065823,WARNING
489,3.584037872,7.626192768,2.908090081,76.50340265,81.56929266,1,0.8331191227784017,1,16.68808772215983,CRITICAL
521,5.184336341,8.454199937,1.56120667,77.56226305,79.15457251,1,0.8479592722682506,1,15.204072773174937,CRITICAL
685,3.042754944,5.700281406,1.224119908,75.29612129,73.99994513,1,0.7834663384454356,1,21.653366155456442,CRITICAL
576,3.462210519,6.808918945,2.147551918,85.44915136,85.23578632,1,0.7191011818331354,1,28.089881816686457,WARNING
387,1.429110412,8.161765578,2.553869784,77.66315357,78.19249521,1,0.8293868565329353,1,17.061314346706467,CRITICAL
620,2.490412021,3.33418469,1.042336434,77.80023973,86.91208597,0,0.45413230824922957,0,54.586769175077045,MONITOR
1338,4.682139354,7.104953483,2.460005433,77.14783879,88.9977602,0,0.4443364752900152,0,55.56635247099848,MONITOR
1111,2.146759535,5.467309585,0.664226561,74.73013565,78.37587588,0,0.37230613203767887,0,62.76938679623212,MONITOR
805,2.482970234,15.27769335,1.019134509,76.64664254,79.60984457,0,0.5639687236401293,1,43.60312763598707,WARNING
854,2.495699127,6.928571038,1.785445593,87.97881834,79.97244578,0,0.5299467509112246,1,47.00532490887754,WARNING
714,2.901890799,7.107635579,3.274357154,77.2124807,71.85278568,1,0.6073264037084117,1,39.267359629158825,WARNING
599,2.823346238,6.855151025,1.882604131,74.42610394,63.75909995,0,0.7689955788545616,1,23.10044211454384,CRITICAL
711,2.095086489,3.871028605,2.748940735,77.73718984,82.23763867,0,0.3239130160571682,0,67.60869839428318,MONITOR
411,2.560487381,6.506800607,2.992042285,79.68631162,74.9324785,1,0.9233859133232778,1,7.66140866767222,CRITICAL
994,3.713030039,6.319465759,2.065500959,78.3825998,70.55226737,0,0.4012005817924525,0,59.87994182075476,MONITOR
945,2.350615757,4.857261909,2.240110548,84.16061145,79.86160809,1,0.35871166619158656,0,64.12883338084134,MONITOR
1448,2.047082039,6.009890902,1.275654821,77.12996595,86.50183496,0,0.2759421366247417,0,72.40578633752584,MONITOR
380,3.614207883,8.300541609,3.157642612,74.45273368,70.07336654,1,0.9626536761235426,1,3.734632387645742,CRITICAL
519,2.119334916,7.519854085,2.997525503,75.43200422,86.60633194,1,0.8358256834311528,1,16.417431656884716,CRITICAL
755,2.743945949,4.763432533,2.845741436,76.31578638,86.93828624,1,0.5081536684553924,1,49.184633154460755,WARNING
701,2.153376885,4.981113032,1.412653827,76.67264832,70.821148,0,0.3647386460352332,0,63.52613539647668,MONITOR
540,3.538026599,6.909789299,2.844930314,75.26165846,87.38128605,1,0.8878865148266688,1,11.21134851733312,CRITICAL
388,3.75910785,4.977937634,1.274485209,76.60525066,85.17048398,1,0.8851013652053615,1,11.489863479463846,CRITICAL
982,4.508889373,5.178523418,1.833622256,77.57723909,89.96873747,0,0.37294984971411616,0,62.705015028588384,MONITOR
626,4.632697599,9.455323672,0.458068702,86.20509396,79.93333144,0,0.6605841747662361,1,33.94158252337639,WARNING
616,3.985004406,7.529670618,2.524784199,77.84446811,83.62268267,0,0.6626358544189929,1,33.73641455810071,WARNING
823,4.25745452,7.27634303,3.421822289,75.37788476,67.36951846,0,0.7004967875179325,1,29.950321248206745,WARNING
540,2.128739979,2.860023101,4.254746334,75.56231086,74.62319491,0,0.6713905595500861,1,32.86094404499139,WARNING
665,3.934757925,2.968280435,1.229311758,76.67724395,76.69063584,0,0.5201006016945013,1,47.989939830549865,WARNING
600,3.266456057,14.46716553,5.183125403,77.45670624,83.28282985,1,0.6999575147025542,1,30.004248529744583,WARNING
1083,5.208650832,8.058840838,4.72795632,75.9728508,79.34026464,1,0.5905393333915928,1,40.94606666084072,WARNING
784,2.366245154,5.570524515,2.553721861,84.18072954,77.4112727,1,0.4411252267426183,0,55.887477325738175,MONITOR
1132,5.007241875,8.077144771,3.349161379,75.26730445,71.3568781,1,0.599592943845968,1,40.040705615403205,WARNING
811,3.557844755,5.519236917,1.557305266,76.99758159,67.98489358,0,0.48719357946816294,0,51.2806420531837,MONITOR
1441,4.389509796,5.643339982,1.233506945,79.70022818,82.72628065,1,0.5292206204135235,1,47.07793795864765,WARNING
1264,2.625855571,2.231241928,1.013544602,82.92115807,72.34779552,0,0.4253781181684032,0,57.46218818315968,MONITOR
694,2.584777976,15.84544617,2.188934769,75.71825287,74.72940688,1,0.7336352825037008,1,26.63647174962992,WARNING
804,2.124340921,5.712782395,1.243423047,75.99336364,92.28642397,1,0.39550119346417456,0,60.44988065358255,MONITOR
609,2.63727417,10.03125922,6.971471411,74.61672158,76.63563041,1,0.7043500801660039,1,29.564991983399615,WARNING
478,3.362141837,5.654179625,3.202148495,76.84556061,65.25313333,1,0.7883562393509149,1,21.16437606490851,CRITICAL
385,2.398241264,6.62424662,0.923538433,78.01239963,72.28099169,1,0.7762626288495315,1,22.373737115046854,CRITICAL
569,2.135184224,5.745028562,2.774936515,75.61893515,83.97949511,1,0.7112339224412726,1,28.87660775587274,WARNING
813,3.904694104,14.07910916,2.692904306,76.81881278,81.55419629,1,0.5121310723612372,1,48.786892763876274,WARNING
683,3.009257083,5.096734689,2.43463835,76.83332336,80.66480457,0,0.6037764479899169,1,39.62235520100831,WARNING
708,4.656579947,6.523538736,1.350749939,78.45326702,74.75490943,0,0.6680502151522968,1,33.194978484770324,WARNING
562,4.787508121,7.600420707,1.577525064,83.3492425,85.08095025,1,0.7685846438571262,1,23.141535614287378,CRITICAL
768,4.363870985,9.547001191,1.633241897,75.4598322,78.01362721,1,0.7169029560528314,1,28.30970439471686,WARNING
737,2.000300763,5.817399006,2.469296076,75.99815774,82.76655512,1,0.4924308269972418,0,50.75691730027583,MONITOR
1018,5.596212522,8.714459007,2.614973705,77.90577319,76.83967188,1,0.5135642424256103,1,48.643575757438974,WARNING
363,3.803833514,3.891699875,2.327709354,82.8185066,88.61362473,1,0.8577001711891284,1,14.229982881087155,CRITICAL
657,3.865303535,4.411796779,3.265669075,73.57113345,81.37116357,1,0.7295174631659954,1,27.048253683400457,WARNING
511,2.350819276,5.813734286,2.30777254,77.42084664,84.61764446,1,0.7241320282176102,1,27.586797178238974,WARNING
1277,2.367709994,2.487784847,1.274581872,77.55475322,79.44896221,0,0.335911082720249,0,66.4088917279751,MONITOR
1107,1.968473375,6.700951549,1.765044093,76.8315367,81.5469781,0,0.41107933213046055,0,58.89206678695395,MONITOR
611,3.292904561,6.544037851,3.096941391,75.85741059,86.59708399,1,0.8436240951720403,1,15.637590482795972,CRITICAL
550,3.643084078,7.095349297,2.618875503,86.44216838,73.34613285,0,0.7542123409595999,1,24.57876590404001,CRITICAL
364,2.054196639,12.44109009,4.841442339,74.65484999,83.72388687,1,0.8361158571060248,1,16.388414289397524,CRITICAL
461,4.061126794,4.395631972,4.288025052,80.89615594,78.93459627,1,0.538640710933816,1,46.135928906618396,WARNING
370,2.109094952,6.410785221,3.180763168,75.54544459,81.42944957,1,0.9430687829680549,1,5.693121703194515,CRITICAL
655,4.224360994,4.890019982,1.358188683,76.48856305,86.18930572,1,0.7253767042861038,1,27.46232957138962,WARNING
487,4.413330459,6.404083377,1.847837917,84.05091778,89.36933557,1,0.8623991321573203,1,13.760086784267965,CRITICAL
1094,3.553758028,5.502391247,2.478281853,81.06902907,81.0379851,0,0.3631923021043473,0,63.680769789565275,MONITOR
484,3.84185861,4.903685131,2.814172835,76.67826615,88.9867044,1,0.7871087882778472,1,21.289121172215275,CRITICAL
775,5.421003804,11.31205854,2.691627289,76.44283557,83.08107568,0,0.6598839680126677,1,34.01160319873323,WARNING
798,2.715078038,6.141108258,2.1896637,84.12555097,83.23934031,1,0.39497360306531615,0,60.50263969346838,MONITOR
1103,2.975807628,8.538829191,3.014349267,75.18490122,77.82641926,1,0.5620686843386967,1,43.79313156613033,WARNING
572,3.416092698,1.726348249,5.623221287,78.45838066,77.53704847,1,0.42992173350899765,0,57.00782664910024,MONITOR
1376,3.957818279,13.62922729,1.563809922,77.5311839,87.67645448,0,0.4694326416639773,0,53.05673583360226,MONITOR
1129,2.291964718,7.22413066,3.423393208,82.24646919,77.30266038,1,0.40236618378253897,0,59.763381621746106,MONITOR
973,3.727802527,12.78000148,6.513687702,76.63990419,80.66255291,0,0.5083579517182802,1,49.164204828171975,WARNING
513,2.728893138,17.48203714,2.690155557,78.56507138,74.14125267,1,0.7797316143493017,1,22.026838565069827,CRITICAL
518,2.709428072,7.905381539,3.393148398,78.493066,80.27647122,0,0.7813294943489415,1,21.86705056510585,CRITICAL
944,2.61240333,5.38643753,1.314306225,75.32959054,83.92176978,1,0.40956992212255594,0,59.04300778774441,MONITOR
566,2.749390283,3.628965596,2.605364298,78.36403858,75.3164706,1,0.5165513039687816,1,48.34486960312184,WARNING
495,1.99606151,8.802410983,2.749026633,74.24747408,78.19365093,0,0.7965327740878418,1,20.346722591215816,CRITICAL
460,3.584437128,6.66221223,2.695451337,77.06250739,80.26912166,1,0.7931051222376755,1,20.68948777623245,CRITICAL
467,2.293460591,6.479747471,1.576227163,78.34570059,68.35680898,1,0.8243487737640038,1,17.565122623599617,CRITICAL
609,2.347316567,4.328741739,5.595405178,75.38020637,72.99193959,1,0.35957264411199164,0,64.04273558880084,MONITOR
514,2.559792747,6.122268938,1.164676386,80.34059163,85.47505747,1,0.778429870705204,1,22.157012929479603,CRITICAL
656,3.001340265,5.105646317,1.614635996,75.63930854,86.25978976,1,0.7402730056269357,1,25.972699437306435,WARNING
587,2.394794642,4.427609188,1.733783082,74.9007413,78.99236122,0,0.6178615624816693,1,38.21384375183307,WARNING
768,3.076909807,5.305303241,1.135412593,77.03803634,80.90654706,1,0.5650661880240263,1,43.49338119759737,WARNING
742,3.183235671,8.388034873,3.37443248,73.70355244,91.62181288,1,0.7314913466361058,1,26.85086533638942,WARNING
375,4.268756572,5.725888987,1.614396104,82.32514804,72.56681118,1,0.9086236221384743,1,9.137637786152574,CRITICAL
809,2.256553585,6.593908154,1.421032829,76.52574075,82.61126849,1,0.4757143859133788,0,52.42856140866212,MONITOR
519,3.370380378,4.930540389,2.03745751,76.46710684,76.17854939,1,0.759788292111206,1,24.0211707888794,CRITICAL
897,3.296502643,7.349044044,2.543978267,75.0637922,85.07069346,1,0.49429694946822506,0,50.5703050531775,MONITOR
686,3.526337569,7.433347558,2.511809691,77.12651932,75.57820542,1,0.6754289013874751,1,32.45710986125248,WARNING
814,1.305559137,4.714444248,1.701006965,77.53570482,70.2116655,1,0.31298338158691213,0,68.70166184130879,MONITOR
374,3.299249792,9.152513862,1.523013777,74.40865068,68.88079538,1,0.9562309845266452,1,4.376901547335477,CRITICAL
527,3.929554032,6.647956808,1.109328171,75.27195264,76.55592339,1,0.8257503413423144,1,17.42496586576856,CRITICAL
1413,4.920442494,6.980386718,1.122287258,82.04750504,79.92755751,1,0.3764427733580851,0,62.35572266419149,MONITOR
866,4.343461997,8.022555595,3.118126963,85.27476256,77.64556961,1,0.509327904212392,1,49.067209578760796,WARNING
605,2.698895666,5.725955382,1.470174167,76.71174066,82.34528002,0,0.6582717201880011,1,34.172827981199895,WARNING
524,1.441211642,6.817949603,1.786358359,77.26770634,73.97899838,0,0.5997222323033702,1,40.02777676966298,WARNING
799,2.343537964,4.971116696,2.618743386,84.59531522,85.86273624,0,0.38273515336009706,0,61.72648466399029,MONITOR
537,4.793924394,6.473239023,1.493055247,76.18367627,72.56714615,1,0.7556687429683668,1,24.433125703163316,CRITICAL
1295,2.836589805,5.858562961,2.390316047,77.52106315,77.39991827,1,0.4018490357194187,0,59.81509642805813,MONITOR
968,0.396909315,6.557732175,2.355810874,77.81077709,82.99847342,1,0.4810261872709362,0,51.89738127290637,MONITOR
489,2.134818427,5.674161982,3.370571342,76.29186486,74.6955732,1,0.7390166704560277,1,26.09833295439723,WARNING
1342,2.416786268,5.190577111,3.223118179,74.36308443,75.65594216,0,0.34150833988275153,0,65.84916601172485,MONITOR
503,4.468944624,7.795953112,2.120751543,76.93811262,67.54351926,1,0.8888486031589515,1,11.115139684104847,CRITICAL
670,1.73853015,12.00628118,1.59584533,76.4302718,87.81216792,1,0.5739030876610016,1,42.60969123389984,WARNING
639,4.75231534,13.47851352,1.652366209,75.54579226,80.89647529,0,0.7673347081326097,1,23.266529186739028,CRITICAL
676,3.538228013,5.956472376,3.225336254,75.22635187,67.15322018,1,0.788174584171031,1,21.182541582896896,CRITICAL
1387,2.986592731,1.911386064,4.150902971,78.06082646,77.67367228,0,0.20040553307532544,0,79.95944669246747,NORMAL
642,4.522172837,6.365229482,2.093614814,75.5494598,72.25208022,1,0.707681986659843,1,29.231801334015696,WARNING
753,3.937265491,7.991055944,2.54082731,78.37441454,79.59108174,1,0.5986459928160928,1,40.13540071839073,WARNING
946,2.406996747,3.904930851,1.677667916,78.11214687,85.85295862,0,0.24421786098153972,0,75.57821390184603,NORMAL
547,2.488907797,4.112175162,1.748774422,77.94244526,90.45823905,1,0.6612735711122689,1,33.87264288877311,WARNING
601,5.011251055,5.319575824,1.095914933,85.01305683,76.645619,0,0.5192621970917306,1,48.07378029082694,WARNING
717,3.770615031,4.73047569,3.187795267,76.67382639,82.51376526,0,0.5500809064201426,1,44.99190935798574,WARNING
345,1.985560292,8.95260822,3.534384826,74.55123093,69.69879717,1,0.9340904415268292,1,6.5909558473170815,CRITICAL
733,3.178671776,4.742319517,4.341713115,75.01813363,80.96021301,1,0.5821462153262078,1,41.78537846737922,WARNING
680,2.344083155,6.19247068,1.544709709,75.56262439,70.72586474,1,0.594063078688252,1,40.5936921311748,WARNING
771,5.227365077,1.564675897,1.564743404,78.74128165,87.57585935,0,0.44033921976281193,0,55.9660780237188,MONITOR
702,3.558064744,5.35008926,1.25913057,75.99962919,76.00050564,1,0.6791655057569503,1,32.083449424304966,WARNING
764,2.143784388,6.61449081,1.394659672,84.06760862,82.84850736,1,0.44373562446023074,0,55.62643755397693,MONITOR
1545,2.603245037,8.186338001,2.176046132,76.41536791,84.51429323,1,0.4091711552329754,0,59.08288447670246,MONITOR
850,4.324846453,4.729527725,1.917854091,74.8166929,78.99806797,1,0.47224662548873414,0,52.77533745112659,MONITOR
701,2.657929728,7.142605052,1.639556474,77.21605643,81.20444648,1,0.5395096958620781,1,46.04903041379219,WARNING
961,1.264996627,6.910787425,2.226115809,76.04902198,92.03931827,1,0.3914798009931341,0,60.852019900686585,MONITOR
785,2.344393691,1.947263978,1.603927383,76.21235864,73.71456049,0,0.3513733586202334,0,64.86266413797665,MONITOR
875,2.027950758,6.233555281,1.595210566,75.01086767,79.67645745,1,0.47287937432618293,0,52.7120625673817,MONITOR
715,2.556051105,6.822439963,1.669618746,77.39328478,82.96261784,0,0.42313894959980897,0,57.6861050400191,MONITOR
1433,2.269071949,5.002865448,2.403333305,75.56860511,75.48742381,0,0.2729490423205956,0,72.70509576794043,MONITOR
700,2.200335595,14.85150365,1.300268593,81.65250281,80.43323788,0,0.586938665438882,1,41.3061334561118,WARNING
553,4.664958459,2.708272709,3.393872359,77.53893349,82.94631273,1,0.6294218168059106,1,37.057818319408945,WARNING
900,5.528922347,4.418190012,2.798169348,73.77841017,80.40378193,1,0.7274399767174394,1,27.256002328256056,WARNING
790,2.266310939,5.481657841,5.782505445,77.81099802,80.55661433,0,0.4549713980575038,0,54.502860194249614,MONITOR
1350,2.551872217,9.744406846,5.33316718,77.80713634,81.91453674,0,0.2875004499117655,0,71.24995500882345,MONITOR
717,4.593562866,7.799980363,2.037152072,77.36706128,70.88536855,1,0.6482808761719242,1,35.17191238280758,WARNING
691,3.79042094,5.526546147,3.158919357,77.92835701,77.14814735,1,0.5624040975632119,1,43.759590243678815,WARNING
583,2.904123706,5.884727651,3.346459858,76.62711174,78.1644885,1,0.7301881932847061,1,26.981180671529394,WARNING
598,3.260286382,3.264906526,1.16332277,75.54267345,79.71972315,1,0.6727714225414777,1,32.72285774585223,WARNING
700,3.375577221,3.992988587,1.385710162,81.57742304,79.53474545,0,0.34152830097984443,0,65.84716990201555,MONITOR
979,3.935145936,6.294923789,5.164652319,77.10212596,65.61217163,1,0.6128791074488529,1,38.71208925511471,WARNING
706,5.024900831,9.398410108,1.168896219,77.06181075,80.10721293,0,0.719243440011189,1,28.0756559988811,WARNING
546,3.010989416,8.684084708,1.653695052,86.72938049,75.40523676,1,0.7933246657625996,1,20.667533423740036,CRITICAL
655,5.238672641,7.018372535,3.044268592,75.43161225,83.19964938,0,0.7410281509946535,1,25.897184900534654,WARNING
777,3.31469359,7.433920145,1.772863316,83.56756195,75.78565049,0,0.7229585772226689,1,27.704142277733112,WARNING
495,2.049489829,3.295601526,0.805145305,75.4951468,70.83153048,0,0.5921377156364225,1,40.78622843635775,WARNING
547,1.99105066,5.159345903,3.158541048,86.21218258,86.71713393,1,0.7247033598224425,1,27.52966401775575,WARNING
775,3.205430739,7.580755494,1.241043111,76.42840972,71.21230331,1,0.7813399476238019,1,21.866005237619813,CRITICAL
763,2.329179271,9.113576957,2.68553325,74.30575568,74.52716399,0,0.6448193971250671,1,35.51806028749329,WARNING
605,2.622138467,6.582390121,2.211844996,73.42144359,69.31593931,1,0.8425305277479358,1,15.74694722520642,CRITICAL
473,2.63068775,15.8331589,3.270429085,75.18401612,74.67357636,1,0.9185555457566246,1,8.144445424337544,CRITICAL
632,3.263122809,6.358561454,2.314710919,81.13570881,86.54805225,1,0.6531748814106414,1,34.68251185893586,WARNING
666,2.931391666,8.26407132,3.949872943,76.69755766,72.04816415,1,0.6839302189770303,1,31.606978102296967,WARNING
991,2.792851439,12.4693236,1.835133175,77.09551202,88.10071713,0,0.5606709933141594,1,43.93290066858406,WARNING
438,2.891034634,5.63420609,3.211387932,73.03852223,67.16869402,1,0.9180546781305308,1,8.194532186946923,CRITICAL
466,5.298166464,6.815532761,1.567105002,85.35320353,87.19484357,1,0.8209193079313802,1,17.908069206861978,CRITICAL
747,4.964896135,5.533242645,2.12010693,75.93562421,72.69580889,1,0.6208167489117119,1,37.91832510882881,WARNING
1267,3.342855121,8.26017208,3.571742907,74.88904685,79.39837564,1,0.5200638448827881,1,47.99361551172119,WARNING
644,3.131404814,13.04626635,2.672960842,77.17601339,72.33692208,1,0.702094056156831,1,29.790594384316904,WARNING
778,3.152289196,6.432877951,3.062761254,75.4021135,83.31350148,1,0.6499703586086797,1,35.00296413913203,WARNING
681,2.380307177,3.195365564,1.149882528,76.45427608,81.2117219,1,0.4749018425698087,0,52.509815743019125,MONITOR
1001,3.090562835,5.142664944,3.038737084,82.23908689,87.05712366,0,0.2676289950503473,0,73.23710049496526,MONITOR
460,2.759335897,7.384225425,1.741481622,83.93979922,82.14130027,1,0.885630445433995,1,11.436955456600495,CRITICAL
780,2.94106038,3.800725146,1.586490346,76.73953012,81.57177073,0,0.3933579542588996,0,60.66420457411004,MONITOR
1170,3.394043676,5.890307384,2.271777317,75.27959905,75.83048805,0,0.4631304669031772,0,53.68695330968227,MONITOR
526,3.505262174,4.246991077,1.440715052,77.74585366,84.36162971,0,0.626238184212675,1,37.376181578732506,WARNING
761,2.97193224,6.076536484,2.293376292,77.56533276,84.38231555,0,0.6134124034176154,1,38.65875965823846,WARNING
772,3.978689418,7.330912447,2.214580766,75.27724443,73.87387577,1,0.6234014540375795,1,37.65985459624205,WARNING
912,4.861069342,6.014627929,1.961566621,76.60881324,76.2367797,0,0.41657339973334273,0,58.342660026665726,MONITOR
702,3.980419224,4.936670394,4.963551247,77.00555139,77.73462796,0,0.40377540369156417,0,59.62245963084358,MONITOR
828,3.217333235,6.276572739,3.70820907,77.88883949,86.29944843,1,0.31062611650811417,0,68.9373883491886,MONITOR
775,4.119625538,6.468695156,1.427542392,76.28103781,86.93695701,0,0.5865731723379212,1,41.342682766207886,WARNING
706,3.795246097,12.0208984,3.014193114,78.05907234,82.2584805,0,0.6178449403201891,1,38.21550596798109,WARNING
758,2.454701023,6.873841569,2.061905554,76.8419052,79.30348522,0,0.5300979183363822,1,46.99020816636178,WARNING
527,2.814580935,8.432529839,0.80762259,76.35127097,75.4964995,1,0.7777230628672185,1,22.22769371327815,CRITICAL
796,2.748740549,6.85134519,2.404892457,76.47380717,78.91911621,1,0.5614340321671042,1,43.85659678328958,WARNING
478,2.762544823,8.433498007,2.493535425,74.48607233,80.34036472,1,0.9357301696668475,1,6.426983033315247,CRITICAL
823,2.377631328,2.604273235,1.977949811,73.11317197,76.89877273,1,0.41520841920381163,0,58.479158079618834,MONITOR
606,2.141348967,6.028522819,1.440645816,78.26265754,69.76447207,1,0.5835659381254634,1,41.64340618745366,WARNING
1135,2.615154288,6.838973652,1.998271883,77.12756106,78.51865215,0,0.4553711123827666,0,54.462888761723335,MONITOR
1230,2.71322214,3.302988518,2.971489227,84.27313784,84.89215847,0,0.25331787263959,0,74.668212736041,MONITOR
709,2.28967952,3.921706512,1.896456928,75.63486547,76.49011551,1,0.4880032943666188,0,51.19967056333812,MONITOR
916,4.536794779,7.718518243,7.137776363,76.8940494,74.34795793,0,0.4083279100012758,0,59.16720899987242,MONITOR
922,2.429554752,7.803858545,2.962969836,77.04847181,84.12878701,0,0.45090456406800344,0,54.90954359319966,MONITOR
825,4.848554134,4.858090865,1.050603445,81.55775478,82.71502511,0,0.34893472011515164,0,65.10652798848484,MONITOR
1157,4.515704754,4.627772881,2.788218804,75.29746852,82.76402459,1,0.43441897504803534,0,56.55810249519646,MONITOR
683,3.742225343,7.899089203,1.219338201,77.23582163,76.81340792,1,0.7159763665923475,1,28.40236334076525,WARNING
933,4.659270836,9.26435905,2.037224806,77.72225503,78.36074486,0,0.44345227581657287,0,55.654772418342716,MONITOR
567,2.095878913,7.660523074,2.673228972,75.93317247,75.26196988,1,0.7619624038333916,1,23.803759616660834,CRITICAL
693,2.39465257,7.138951495,5.0336375,77.24384601,70.91710963,1,0.4695647740360521,0,53.04352259639479,MONITOR
1179,3.380472252,9.7445542,1.261727977,75.89019932,71.65521166,0,0.5573769310266169,1,44.26230689733831,WARNING
529,3.615321338,3.944579237,1.498870697,78.24910458,71.55996655,0,0.4887125313932691,0,51.12874686067309,MONITOR
916,3.687281563,3.584831096,3.108663244,75.53965734,71.12005276,1,0.38126884871627353,0,61.873115128372646,MONITOR
533,3.065851748,5.083220983,0.919449683,76.11314431,86.2829865,1,0.729355074002497,1,27.064492599750302,WARNING
1097,3.971757825,10.27906907,1.299267288,75.07564848,81.90868313,1,0.5183941044909453,1,48.16058955090548,WARNING
715,3.406670797,6.581055531,2.159787317,77.85316769,79.26411181,1,0.604195703186158,1,39.5804296813842,WARNING
462,3.533206998,6.937843455,5.99831019,77.04481163,65.76298129,1,0.8237754033997907,1,17.62245966002093,CRITICAL
689,2.837064244,3.521820948,3.04437068,85.32361905,74.8697931,0,0.347154586532123,0,65.28454134678769,MONITOR
992,3.392233335,4.237316903,1.771559288,78.04444259,74.36199482,0,0.18030003308045164,0,81.96999669195483,NORMAL
753,3.220745474,6.938979276,2.371153451,76.24352842,82.29550595,0,0.6254933696495227,1,37.450663035047725,WARNING
717,4.090089669,1.296927169,1.716722988,77.22253476,91.46422633,0,0.5428350561505657,1,45.71649438494343,WARNING
538,4.201961701,5.790457337,1.474904383,75.65152794,78.06000105,1,0.8190837067659917,1,18.091629323400827,CRITICAL
627,4.303574821,3.835954681,3.188612765,84.78343109,80.23442229,1,0.45733008441117096,0,54.26699155888291,MONITOR
817,4.532621456,3.324371644,2.171633166,75.60761932,72.64269687,0,0.33739702127938814,0,66.26029787206119,MONITOR
539,1.019427243,11.44275813,2.705827581,87.44165286,83.85085903,0,0.687370116661055,1,31.262988333894505,WARNING
527,3.907825045,6.576346429,2.392234969,74.84680085,73.63717948,1,0.8961168037602207,1,10.388319623977926,CRITICAL
1056,2.781201639,4.532303358,2.829984251,77.02070344,87.00344326,1,0.30450348075782335,0,69.54965192421767,MONITOR
1164,2.740217401,5.702687732,2.227922849,77.69182819,89.92085821,0,0.2987528792293719,0,70.12471207706281,MONITOR
676,2.286008237,10.25662771,1.409752895,74.01774713,74.66980357,0,0.63569040585226,1,36.430959414774,WARNING
728,2.576702539,6.121639074,3.051049592,77.74761875,85.78713895,1,0.3874752106179166,0,61.252478938208334,MONITOR
727,2.307286568,5.001186547,1.891882235,74.7020074,81.49782095,0,0.6901842316417254,1,30.98157683582746,WARNING
1250,2.492168376,4.313774564,1.888198757,76.67323927,85.57749861,0,0.3127740427087582,0,68.72259572912418,MONITOR
1061,1.954141385,6.947609733,3.193510451,75.68396704,78.54331293,1,0.2977874799261908,0,70.22125200738091,MONITOR
606,3.388077413,4.077035094,2.013560769,84.41847698,83.81221173,1,0.6150165887102339,1,38.49834112897661,WARNING
619,3.859827128,6.879915198,0.924505222,77.57509721,85.83886282,1,0.6636452242323837,1,33.63547757676163,WARNING
1096,3.104928732,8.046572583,1.331391623,76.29120915,85.92390051,1,0.48937902214921575,0,51.06209778507842,MONITOR
665,2.531667617,6.426000849,2.810103547,76.63501255,79.55927165,0,0.6250140078357146,1,37.49859921642854,WARNING
643,0.110167271,7.16721522,1.714878951,75.99370731,72.71021834,0,0.6067458031795625,1,39.32541968204375,WARNING
491,2.883946428,6.243481895,0.893448511,77.8866752,81.06015251,1,0.8135372674983326,1,18.646273250166743,CRITICAL
841,1.86354161,6.050565146,2.854592752,75.91010897,84.95542796,1,0.44010098986072793,0,55.9899010139272,MONITOR
1531,4.897552752,6.23430907,2.92893506,76.38114535,76.4419299,0,0.3529281015257744,0,64.70718984742257,MONITOR
698,3.476879104,7.991031607,3.444973549,79.90278932,77.06859828,1,0.6906212325111123,1,30.93787674888877,WARNING
769,2.051118701,11.75328111,2.093512266,77.19396524,92.45528066,1,0.5571919630423949,1,44.280803695760504,WARNING
473,3.707834743,19.51017166,3.727455362,74.12990715,71.77462869,1,0.9701378386084634,1,2.9862161391536635,CRITICAL
509,2.770416226,5.142827355,1.998223806,76.12257825,68.99170454,1,0.8595067806234177,1,14.049321937658233,CRITICAL
764,2.472185389,9.300214783,1.925635306,83.04198637,66.2919143,0,0.6589640447652145,1,34.103595523478546,WARNING
1202,2.25802358,6.88924929,1.550250155,86.53662477,76.79929305,0,0.3510185633225567,0,64.89814366774434,MONITOR
922,2.055589825,3.766438046,2.483911398,76.41130841,74.78618003,0,0.2087475974197136,0,79.12524025802864,NORMAL
864,2.231373858,7.840309475,2.343159095,78.04868442,79.91074398,1,0.47063874313912635,0,52.936125686087365,MONITOR
560,4.505917128,4.101350122,3.420068276,81.89803526,84.71245079,1,0.5633440445375212,1,43.66559554624788,WARNING
921,4.049235828,5.639328808,2.884531371,76.99740236,78.63309102,1,0.4372911693799573,0,56.27088306200427,MONITOR
687,4.233753882,5.827524389,3.1302716,74.08342749,68.66329748,1,0.8311164656042661,1,16.88835343957339,CRITICAL
758,2.302877407,7.795658689,1.982128291,75.36546289,80.30877872,1,0.5171757114458477,1,48.282428855415226,WARNING
879,2.223936969,7.077785157,1.963841706,80.10903129,79.33453316,0,0.47558008912365596,0,52.441991087634406,MONITOR
692,4.127218971,5.47562435,0.666551376,78.30032513,75.62409896,1,0.4974072404215494,0,50.25927595784506,MONITOR
554,2.528408069,4.328837989,1.188312368,77.09181931,66.79110709,0,0.6490208288221913,1,35.097917117780874,WARNING
403,2.731540274,7.430286632,1.247119475,76.50508884,83.70673957,1,0.9291653922011788,1,7.083460779882122,CRITICAL
663,2.148662398,6.631075965,2.773849006,75.73964929,69.39929428,1,0.6006906556177695,1,39.930934438223055,WARNING
493,2.219858242,5.841867314,1.371191719,73.51110523,79.41876086,1,0.8308677661616141,1,16.913223383838595,CRITICAL
572,3.695789642,3.340985138,1.336450528,78.93458332,77.08039065,0,0.5737840262400735,1,42.62159737599265,WARNING
1267,3.709487946,15.44173134,1.822937141,77.55669396,81.06872476,0,0.42000182622982557,0,57.99981737701745,MONITOR
643,4.151861958,5.743602391,1.568205746,77.15055625,84.57641136,1,0.6100270390423714,1,38.997296095762856,WARNING
1309,2.259896695,9.153990935,0.990830522,76.53018563,74.37135274,1,0.3427845381260544,0,65.72154618739457,MONITOR
542,3.019692421,6.253338133,1.787849674,75.78796896,72.57216626,1,0.7442428542920912,1,25.575714570790876,WARNING
669,4.004560335,6.561593186,2.223433984,84.01618937,71.45269552,0,0.6116363586093593,1,38.836364139064074,WARNING
922,2.188351288,5.229671878,1.586777027,89.01404418,82.68961878,1,0.4486665694009817,0,55.13334305990183,MONITOR
664,2.906725504,17.53244668,3.414623722,74.37091744,85.91828284,1,0.8228384635568906,1,17.71615364431094,CRITICAL
799,3.674440764,6.745950862,2.836038828,75.64489975,71.18467954,0,0.6216394231556042,1,37.83605768443958,WARNING
604,2.281396897,4.24865962,3.486160813,75.16922353,77.92383453,0,0.520012384282845,1,47.9987615717155,WARNING
761,3.334764167,12.41555461,2.93693852,83.71883682,77.92872489,1,0.6106895574858581,1,38.93104425141419,WARNING
694,2.535741911,3.342439507,1.647653892,73.27777566,68.79654266,1,0.6542834985786191,1,34.57165014213809,WARNING
440,2.42658244,0.050702934,2.170358472,76.00068053,84.07794799,1,0.7317743329090647,1,26.822566709093532,WARNING
604,4.724968436,2.092726928,2.505756613,77.94422441,83.55230552,0,0.5259395446457847,1,47.406045535421526,WARNING
1021,2.363451668,6.287302641,3.009604245,75.99303593,88.52807084,1,0.38877716178571403,0,61.12228382142859,MONITOR
794,3.233649267,4.703620407,3.046100237,74.42988114,68.72931353,1,0.7115582514650495,1,28.84417485349505,WARNING
948,2.597528211,4.399043513,1.28447304,77.14793436,77.53867227,1,0.2893847420942071,0,71.0615257905793,MONITOR
764,3.609384029,4.686886885,2.670477907,77.66065232,79.53215595,0,0.47647327423901403,0,52.35267257609859,MONITOR
643,2.62585753,8.451584951,2.909539711,83.80809091,68.85950411,0,0.6469944370929002,1,35.300556290709984,WARNING
672,2.571303312,6.836179018,1.790377149,75.32412215,84.88608182,1,0.6649476811451087,1,33.50523188548913,WARNING
446,4.210950388,7.459811833,4.14225155,75.94311914,81.34967592,1,0.91291718803524,1,8.708281196475998,CRITICAL
984,5.158188764,7.222813709,1.507718935,76.29203086,84.56166357,1,0.4941375144621612,0,50.58624855378389,MONITOR
1335,4.270783637,4.824242707,1.464374631,77.00993453,85.57588266,1,0.4429583119668232,0,55.70416880331768,MONITOR
1306,3.007561016,5.721505554,2.437687101,75.59991945,73.8709031,1,0.583697373994138,1,41.6302626005862,WARNING
725,4.384538677,4.745427391,2.500586695,75.98990968,72.48672346,1,0.5139654921679012,1,48.60345078320988,WARNING
866,4.437971772,5.395554162,2.669994216,81.98029647,75.39394615,1,0.44861686301307324,0,55.13831369869268,MONITOR
1187,2.544725347,4.327270779,1.104077908,86.35505247,82.81491692,1,0.20255640492672508,0,79.74435950732749,NORMAL
1080,2.693775375,4.282920986,1.636801186,77.68474593,77.99648047,0,0.2250393197836093,0,77.49606802163906,NORMAL
892,4.405261806,10.17547666,2.923357443,76.32918049,71.36058468,1,0.5136414784314692,1,48.635852156853076,WARNING
932,2.054526248,3.77961218,1.54775544,75.43637598,78.38561338,0,0.1777487870780643,0,82.22512129219356,NORMAL
617,2.145993608,6.940047676,2.155731138,74.66208788,77.33497756,1,0.5835050693207406,1,41.64949306792594,WARNING
660,4.638858197,5.296065726,1.51515911,76.1243674,68.24221455,0,0.6757164463522726,1,32.42835536477274,WARNING
807,1.061171529,7.218848001,2.369007825,74.01202788,79.04459151,0,0.6446096817016135,1,35.53903182983865,WARNING
795,3.470388927,5.204367907,1.661826554,77.43945926,66.25635891,1,0.6213216218630947,1,37.86783781369053,WARNING
449,4.723734548,5.251211384,3.367963022,77.16860486,67.32480041,1,0.7971449374506937,1,20.28550625493063,CRITICAL
938,2.534845098,2.865189467,1.393626775,78.21185359,71.65913483,0,0.33834844668029485,0,66.16515533197051,MONITOR
943,2.691469911,5.748466303,2.812255782,76.92538547,82.38124641,0,0.4312510167158225,0,56.87489832841774,MONITOR
675,4.877554199,7.862790152,6.477492424,77.80435821,73.01779311,1,0.6403206016558978,1,35.967939834410224,WARNING
971,3.96223474,5.50613734,1.050568737,76.33340575,71.75034455,0,0.38132638991589135,0,61.86736100841086,MONITOR
932,4.241621567,6.692255046,2.254448177,76.41282718,74.41770806,0,0.42233907859655573,0,57.766092140344426,MONITOR
1203,3.405184988,10.92940861,3.425957975,78.14439932,73.61652731,0,0.39577332622483946,0,60.42266737751605,MONITOR
942,2.502759961,5.488407456,1.383655955,77.38172213,77.80168849,0,0.4135012069023189,0,58.6498793097681,MONITOR
847,3.724056479,7.215774961,2.432037839,76.79019547,80.27053057,1,0.4983872089384913,0,50.16127910615087,MONITOR
933,2.909391095,4.663942092,3.035840495,76.64746275,71.38298411,0,0.3979035499744434,0,60.20964500255565,MONITOR
713,4.238405644,3.568699736,2.347329282,76.48644977,80.16976093,1,0.39165037079575454,0,60.83496292042454,MONITOR
368,3.134900461,12.24044049,2.16793498,74.97067326,93.26414335,1,0.8468468620195565,1,15.31531379804435,CRITICAL
610,1.744099801,6.242142726,2.655689059,78.72906292,87.5782468,1,0.5964704662430836,1,40.352953375691634,WARNING
852,2.719080831,9.957090967,1.91550706,77.52109413,80.72236817,1,0.4911826098185839,0,50.881739018141616,MONITOR
720,3.230124626,7.16808105,1.264304892,75.09483793,76.83581689,0,0.7040394657825614,1,29.59605342174386,WARNING
701,2.381451635,7.290937568,1.30521108,75.58418813,73.49531141,1,0.5744503529607244,1,42.55496470392755,WARNING
1163,4.680531418,4.98694035,3.347127962,75.77799184,72.15572807,1,0.5216832762021155,1,47.83167237978845,WARNING
993,3.40758752,5.8161253,1.781742347,75.52255308,68.42423562,1,0.5239109383085409,1,47.60890616914592,WARNING
961,1.048267542,3.693304276,1.511136087,81.21278103,75.66209988,1,0.21318555768188033,0,78.68144423181197,NORMAL
616,4.300438278,8.209496081,2.306282516,77.37583117,81.41159192,0,0.6963322156217279,1,30.366778437827215,WARNING
553,2.029982234,6.234251792,5.000039744,86.44586524,65.22879308,1,0.6512647202244926,1,34.873527977550744,WARNING
614,4.009421475,4.685847287,2.256571751,75.49625594,67.97446845,0,0.7189366169842766,1,28.106338301572343,WARNING
635,0.521063743,5.757974393,2.513910012,82.68310723,85.27229838,0,0.5528484233830213,1,44.715157661697866,WARNING
853,2.734084258,5.654993614,1.656460997,76.46320302,81.83887521,0,0.43465281357445157,0,56.534718642554836,MONITOR
1156,3.769028727,4.028490219,2.698321901,83.92213946,74.51189775,0,0.21136547979467443,0,78.86345202053255,NORMAL
811,3.438617961,6.645624094,3.467428388,75.81685496,83.65694558,1,0.5095448569890749,1,49.04551430109251,WARNING
1227,2.52114315,7.418856601,2.642720219,74.98863917,70.77314418,1,0.5229969384643057,1,47.70030615356943,WARNING
523,4.037701127,6.639511551,2.150149092,78.42849102,90.30814983,1,0.7223052192061384,1,27.769478079386158,WARNING
707,4.840693515,5.00507629,1.094223016,74.85388323,67.488008,1,0.6737638409097007,1,32.62361590902994,WARNING
466,3.708578504,8.967427983,2.065401027,76.29751248,76.29025615,1,0.8964462311861602,1,10.355376881383982,CRITICAL
1046,3.146696482,7.307901831,2.970291466,75.58170573,86.95450297,1,0.5173131319004969,1,48.26868680995031,WARNING
993,3.337200721,5.12878861,1.667252863,87.36646507,75.93636813,1,0.3839105286932941,0,61.608947130670586,MONITOR
753,2.670238026,6.008622617,1.356146627,83.76296507,69.66323616,1,0.5173743091976664,1,48.26256908023336,WARNING
623,2.195767764,4.46618155,1.248517552,83.23664854,79.26689652,0,0.44587617319750433,0,55.41238268024957,MONITOR
712,5.141054463,5.779992029,1.836136543,82.70689897,83.68069556,1,0.6792151476064142,1,32.07848523935858,WARNING
579,2.332923129,6.244257677,2.328012064,75.55807927,80.68681095,1,0.7517888785047822,1,24.821112149521785,CRITICAL
916,2.652273886,5.667860164,1.728121183,77.33909248,73.15399302,1,0.3708564406571515,0,62.91435593428485,MONITOR
535,5.306685455,4.220770097,1.794722468,78.00468436,79.6309404,1,0.816876865676583,1,18.312313432341696,CRITICAL
856,4.764727403,7.982050856,1.698581152,78.02644904,71.62373823,0,0.49047897590692846,0,50.95210240930715,MONITOR
780,2.312662495,1.256261701,2.286725445,77.08309876,75.00601629,0,0.3525441357884516,0,64.74558642115484,MONITOR
495,4.040672155,4.053726702,3.515495556,76.39047484,72.35483276,0,0.7116374080632638,1,28.83625919367362,WARNING
533,2.503763997,11.87447876,1.956200695,74.86607747,79.22325423,1,0.816009305116139,1,18.3990694883861,CRITICAL
508,2.807427286,6.040944676,1.248583918,75.72601487,67.31422828,1,0.8272667661583005,1,17.27332338416995,CRITICAL
1035,3.79556451,7.899021508,2.794537139,77.66757033,75.34698288,0,0.4344734600959298,0,56.55265399040702,MONITOR
711,0.277026815,7.959514618,2.135120524,85.74238726,87.93355551,1,0.6907640737144106,1,30.92359262855894,WARNING
963,2.298965474,5.4702135,2.511968515,76.0834,64.90320944,1,0.4620373075259047,0,53.796269247409526,MONITOR
995,2.782381151,12.4012705,1.193420257,77.12974764,74.14002724,1,0.553643644381374,1,44.6356355618626,WARNING
687,2.294836972,10.18601529,1.736423019,76.77448168,74.15518463,0,0.5499712231357556,1,45.00287768642443,WARNING
786,4.584701171,4.126631711,1.486501847,77.06862429,79.05309196,0,0.36974774200928046,0,63.02522579907195,MONITOR
673,4.82053344,5.404337342,2.583415814,75.60143052,85.64046006,1,0.7034413658010226,1,29.65586341989774,WARNING
990,2.708299337,7.835401616,1.859362401,85.88197462,73.4532103,0,0.42391524270123226,0,57.60847572987677,MONITOR
1427,2.760101103,4.81223921,1.913308552,77.56042003,83.72248975,0,0.30667679140064547,0,69.33232085993546,MONITOR
784,2.719395079,4.087972923,2.436652556,76.67179426,68.5039143,0,0.5068623445464997,1,49.31376554535003,WARNING
681,4.925004234,9.157327746,1.932960189,74.6337266,75.35707556,1,0.751092797573565,1,24.890720242643503,CRITICAL
824,2.565707989,4.750092985,1.266702199,77.36063265,79.86608316,0,0.3621811893376112,0,63.781881066238874,MONITOR
752,3.438395459,7.367456379,0.379849628,75.63044558,88.2304465,1,0.6503819703049609,1,34.96180296950391,WARNING
718,2.019564114,5.341604902,0.700962677,76.2108335,84.4194695,1,0.5408334166605412,1,45.91665833394588,WARNING
821,2.12160713,12.71198207,2.287843723,80.96666565,78.97575372,0,0.5106840496918956,1,48.931595030810435,WARNING
499,2.485982549,4.570066014,1.178990134,87.12888487,81.46545804,1,0.6822262601397346,1,31.777373986026536,WARNING
705,3.440068277,9.793869822,1.495958295,78.02294096,81.80587757,1,0.6174650977690072,1,38.253490223099284,WARNING
444,4.676569335,5.658346457,2.791731992,82.94047754,86.43282716,1,0.8359083011321244,1,16.409169886787556,CRITICAL
698,3.104660801,15.95630414,1.365883097,75.28739603,78.03310348,1,0.8134350308278511,1,18.656496917214895,CRITICAL
844,1.05793588,3.259096332,1.692391547,83.33732974,69.49068187,1,0.42636336195365043,0,57.36366380463495,MONITOR
985,2.538670663,7.744058908,3.22055466,73.44868012,82.4139983,0,0.609242129663634,1,39.0757870336366,WARNING
858,2.865380881,9.483497741,2.617907793,76.10586638,79.5629924,0,0.5404730796183816,1,45.952692038161835,WARNING
814,2.419198853,5.227011664,2.992881094,75.37864412,73.00468821,1,0.46756952629052617,0,53.24304737094738,MONITOR
693,3.85836044,7.228748318,2.468399275,75.03415532,75.69648623,1,0.7070674479103354,1,29.293255208966464,WARNING
760,3.651633301,6.399687807,5.939075811,75.81240918,84.74206251,0,0.5994877552596544,1,40.05122447403456,WARNING
1486,2.331528294,1.402251866,1.235552239,76.28503249,72.94181821,0,0.2803314197820271,0,71.9668580217973,MONITOR
678,4.196692585,5.331778938,1.418474049,76.91473968,78.03876365,1,0.557172040717409,1,44.2827959282591,WARNING
684,3.523512199,6.243710716,2.425718224,78.97785535,76.79260677,1,0.6076255512961147,1,39.23744487038853,WARNING
1386,2.362551711,8.017234322,2.301960351,76.40840303,75.55669813,1,0.3733929018659826,0,62.66070981340174,MONITOR
699,2.108981233,9.323217506,2.727188463,76.56970827,80.82682377,1,0.5922800982075048,1,40.77199017924952,WARNING
1381,4.139574641,5.380711921,2.280706974,85.19984167,71.90959475,0,0.35414089391376935,0,64.58591060862307,MONITOR
482,2.313265937,5.835267109,2.283657453,81.71146118,70.90147194,1,0.7001699697738335,1,29.98300302261665,WARNING
721,4.9188722,15.31761092,2.867379387,76.45394414,76.11495642,1,0.6694180587215064,1,33.05819412784936,WARNING
1393,3.799252769,4.916341253,2.773156757,76.94699798,77.75984618,0,0.3310359213636731,0,66.89640786363269,MONITOR
822,3.847154686,6.314261956,2.354491971,75.4075142,69.51404357,0,0.5243864764953547,1,47.561352350464524,WARNING
1130,1.743423879,5.800773809,2.944005065,77.79553578,85.07044321,0,0.2677028357205819,0,73.22971642794181,MONITOR
998,3.826714349,5.608350466,2.841448902,74.64113222,82.5464226,1,0.4677462523574251,0,53.22537476425748,MONITOR
966,5.611779445,15.57755453,1.711789534,80.68540104,68.64760929,0,0.6431545481063923,1,35.684545189360776,WARNING
1193,1.732329735,4.576347927,0.797366846,77.56220395,75.59941196,0,0.47862637507355466,0,52.137362492644534,MONITOR
766,4.851858595,6.406358578,3.055319834,75.16593223,81.44153946,1,0.6079604258353708,1,39.20395741646292,WARNING
1484,4.695227175,7.098034442,1.336569881,74.22320085,68.95702446,1,0.505393116699543,1,49.4606883300457,WARNING
602,2.558182588,6.737974964,2.144809287,75.02564563,78.76451945,1,0.8013351932687296,1,19.86648067312704,CRITICAL
715,3.001879786,10.49295262,2.246845985,77.07764804,87.94940416,0,0.6964036520153958,1,30.359634798460423,WARNING
702,2.278651662,4.65682907,2.634803284,76.06596503,69.66781806,1,0.4555516282057703,0,54.44483717942297,MONITOR
688,3.249065272,9.32106826,2.129107232,76.73309361,69.48150013,1,0.7019024765406757,1,29.809752345932427,WARNING
777,3.89020324,12.73951834,1.302824081,77.70132213,77.62387829,1,0.5605353646483041,1,43.94646353516959,WARNING
1164,4.444247193,4.848416822,1.451448195,81.97246077,76.09808377,0,0.29176657608667567,0,70.82334239133243,MONITOR
339,5.27400584,6.489208418,2.509431948,85.52691999,80.78755324,1,0.9218622396285425,1,7.813776037145748,CRITICAL
811,2.074121065,4.829459316,2.470757587,76.70898828,84.72038185,0,0.39130719920929397,0,60.8692800790706,MONITOR
872,2.494094278,3.192757842,2.143634205,88.44099399,80.94923395,0,0.396190574266151,0,60.3809425733849,MONITOR
522,3.777118407,4.575687005,2.681627092,72.92191494,72.02110652,1,0.8474643097002758,1,15.253569029972425,CRITICAL
975,3.479821904,6.902900096,2.177791634,76.42847442,71.25386352,1,0.43951854355835185,0,56.04814564416481,MONITOR
574,4.493266715,4.937566666,2.724779135,75.85738097,66.06225188,0,0.782795405873365,1,21.720459412663494,CRITICAL
958,2.662086089,4.922373169,2.086633295,74.51002203,87.05170181,0,0.5670332975662861,1,43.296670243371395,WARNING
519,4.118193872,5.071538732,2.931635655,76.29821324,86.22894307,1,0.7467393420484928,1,25.326065795150722,WARNING
1118,3.594589431,6.925557533,3.393125116,80.08546894,68.8818132,1,0.47517450007429307,0,52.482549992570696,MONITOR
402,1.935743762,2.838632962,4.08152929,74.66290565,89.64575955,1,0.6352791657538726,1,36.47208342461275,WARNING
1493,2.39987957,7.378499886,2.828820164,77.9273236,78.90055516,1,0.2553443870919052,0,74.46556129080948,MONITOR
753,3.423346204,5.722579905,1.706758969,75.74238564,70.1123143,1,0.6380365081557793,1,36.196349184422075,WARNING
1618,3.510080233,6.209504415,1.646282568,76.05936795,80.16969248,0,0.4699856627029699,0,53.00143372970301,MONITOR
898,2.613173794,5.44207085,1.76627185,77.09080378,84.18989742,1,0.4034163684287892,0,59.65836315712107,MONITOR
1117,2.656938682,12.66832624,1.106025186,77.14348995,84.08204678,1,0.4366138790148268,0,56.338612098517316,MONITOR
621,0.973019434,5.679842617,2.028166622,85.8619108,86.51477771,0,0.538959655984434,1,46.1040344015566,WARNING
1247,2.499077673,2.605464921,2.979263608,75.72842967,76.33419344,1,0.3239704092479567,0,67.60295907520432,MONITOR
628,2.054187772,6.794190126,1.273609669,76.90859573,89.3437093,1,0.6047873221036878,1,39.52126778963122,WARNING
1044,3.070378829,9.233672983,3.988014761,81.3670451,72.1032327,0,0.4786309445254607,0,52.136905547453935,MONITOR
1260,3.561749321,4.144269004,2.317797464,87.15366464,88.48608026,0,0.29240242105689057,0,70.75975789431095,MONITOR
605,3.851223464,4.829298001,2.335262203,86.32492671,77.16470299,1,0.5545718405843197,1,44.54281594156802,WARNING
1203,4.470516074,3.565659079,2.647119783,81.58893138,78.70266394,0,0.28287489787659853,0,71.71251021234015,MONITOR
993,2.425632788,4.95113772,1.676549478,75.95836831,77.69336667,1,0.33170379611189316,0,66.82962038881068,MONITOR
665,4.412620824,5.650659233,1.20185504,75.8561513,76.40771412,1,0.737566558462258,1,26.243344153774196,WARNING
471,4.157110658,6.826671432,1.960192015,75.39052191,79.85192971,1,0.8780619531829319,1,12.19380468170681,CRITICAL
576,3.807777266,6.291031153,3.401722391,77.68318295,81.54634995,1,0.6584736387746487,1,34.15263612253513,WARNING
1019,3.485740857,6.848489492,1.181283152,78.30247964,87.00381638,0,0.45464720060331587,0,54.53527993966841,MONITOR
616,2.382571607,6.016405415,1.694705352,76.31290799,83.84047543,1,0.5836791125995503,1,41.63208874004497,WARNING
837,4.004837972,5.171129782,3.442683202,84.98071165,85.19181172,1,0.3013214335758745,0,69.86785664241255,MONITOR
571,4.993544114,6.410282509,2.361071806,76.5744724,69.46100674,1,0.8429120415424098,1,15.708795845759017,CRITICAL
623,3.654753819,5.452072833,3.010905571,76.46002177,74.77516941,1,0.6816683344879718,1,31.83316655120282,WARNING
739,3.230126817,6.500433134,2.13630791,75.42082746,75.56816885,1,0.7215162037172561,1,27.84837962827439,WARNING
1011,2.139906705,5.623271393,2.016246403,73.7362766,74.46633525,1,0.3552895487209255,0,64.47104512790744,MONITOR
1223,2.010171328,5.020537929,2.902711946,87.8318864,83.38470737,1,0.2701229705460204,0,72.98770294539796,MONITOR
785,2.1488505,7.025902979,0.317274896,73.62051765,71.23022408,0,0.5653331151948762,1,43.46668848051238,WARNING
919,4.394625865,7.033412611,2.426263654,75.12867931,83.69221537,1,0.5049724011537878,1,49.50275988462122,WARNING
619,2.895995689,12.05288724,2.471167446,77.25243036,83.97483298,1,0.6218562909027756,1,37.81437090972244,WARNING
1000,3.459459124,16.43670082,2.346013315,77.57841669,74.04482534,0,0.6263978508483535,1,37.36021491516465,WARNING
373,2.367016855,3.693870405,1.927055538,82.46227656,75.52155964,1,0.7707442849678869,1,22.925571503211305,CRITICAL
680,4.054744302,3.824646806,2.091545833,77.55746758,77.26434497,0,0.44202897638231015,0,55.79710236176898,MONITOR
925,2.633808475,6.40270252,2.501133801,79.45425544,71.7039073,0,0.4075102618733948,0,59.24897381266052,MONITOR
778,4.582201753,5.370827511,3.483846766,75.40752913,86.4100647,1,0.5956648665020521,1,40.433513349794794,WARNING
861,3.721114858,7.218216419,0.617417654,76.08714562,73.72302403,0,0.55420509921066,1,44.579490078934,WARNING
1119,2.572049959,10.32996927,2.484716838,74.10236263,68.68570868,1,0.7521876542900457,1,24.781234570995426,CRITICAL
1115,4.747931808,8.216819257,0.968321928,78.63204738,72.72189077,0,0.41841812037610904,0,58.15818796238909,MONITOR
524,2.478502255,7.304576875,3.008048715,74.92623015,76.61752588,1,0.841426026820933,1,15.857397317906695,CRITICAL
548,2.59212919,4.219270814,1.174959015,75.1513941,69.54997602,1,0.759019178188545,1,24.098082181145497,CRITICAL
892,4.291684898,4.781538852,1.218393006,74.63446763,77.55722259,0,0.5577258716845225,1,44.22741283154775,WARNING
1070,2.068550177,4.360563215,3.034286054,86.25128975,68.06845166,1,0.2933946746299502,0,70.66053253700497,MONITOR
399,3.967771551,5.376547537,0.497902651,84.14405918,81.44441927,1,0.8777802653944142,1,12.221973460558576,CRITICAL
641,3.227160205,6.331445718,3.187830748,77.16066556,69.3580191,1,0.6806521573724464,1,31.934784262755358,WARNING
1221,4.420860074,5.888118911,5.204646773,76.78706904,90.00672576,1,0.44510738300489444,0,55.489261699510564,MONITOR
543,4.324418024,18.78629677,1.505037565,77.95483803,88.2619261,1,0.7312595165811762,1,26.874048341882386,WARNING
958,2.381595562,18.75335083,3.115884088,74.78510784,79.29408063,1,0.6528592875862997,1,34.71407124137003,WARNING
716,3.568895727,5.312266428,2.46106708,83.64658857,79.79241081,1,0.5975175991599271,1,40.24824008400729,WARNING
1141,2.596001408,8.334888418,0.892097105,73.09444769,85.58216129,1,0.5560871348755188,1,44.391286512448126,WARNING
542,3.197978839,3.520825657,3.392163783,75.78905391,68.34974817,1,0.7156780534251718,1,28.432194657482825,WARNING
814,2.312687651,9.317909178,2.876172657,84.32104726,75.47448415,1,0.5092435832621427,1,49.07564167378573,WARNING
723,3.729268136,5.26221487,3.731067684,83.84161525,73.90104113,0,0.4212672829944379,0,57.8732717005562,MONITOR
808,3.077382494,3.582213352,5.852736744,83.18482861,74.73223423,1,0.23681049174318053,0,76.31895082568194,NORMAL
481,1.869980907,5.6958568,2.780377438,75.45591768,87.30721494,1,0.816039435246415,1,18.396056475358503,CRITICAL
923,4.457010094,4.859948904,3.326562803,76.99463879,84.52490463,1,0.39132206640441763,0,60.867793359558235,MONITOR
933,4.949979195,2.670381564,1.337246848,77.67140151,75.22491412,1,0.2703497442544307,0,72.96502557455693,MONITOR
812,2.853792168,6.090989446,1.793663252,77.697684,90.72459251,1,0.38967007389006075,0,61.03299261099393,MONITOR
620,5.697020668,6.108225201,2.701832553,75.95133547,79.16137641,1,0.7436038255466322,1,25.639617445336782,WARNING
784,3.910580188,5.580130441,1.548550027,76.99258008,73.65681047,1,0.5005987345973069,1,49.94012654026931,WARNING
532,3.266021992,4.587724397,2.897741934,75.91971108,76.68147486,1,0.8086129480495398,1,19.138705195046025,CRITICAL
865,2.583567586,3.733036846,1.803280019,79.25681912,82.10004837,0,0.24346667979511552,0,75.65333202048845,NORMAL
779,3.961456938,5.094950671,2.562236428,76.01174913,86.64385284,0,0.4984824609223372,0,50.15175390776627,MONITOR
767,3.710439866,5.198607792,3.086839545,74.13981972,77.97983197,1,0.6908058460717034,1,30.919415392829663,WARNING
698,3.545848462,5.284771102,0.664185489,77.10499238,74.33561331,0,0.4680706425496058,0,53.19293574503943,MONITOR
566,3.926408702,5.346514654,2.735715675,73.25631533,78.93767001,0,0.7751052956365964,1,22.489470436340365,CRITICAL
1448,3.554559674,3.250682436,1.897099765,87.74392205,81.7398921,0,0.34723345153905977,0,65.27665484609402,MONITOR
887,2.0360095,12.61191367,1.95513943,77.35252866,82.45954032,0,0.4351292225547743,0,56.48707774452257,MONITOR
795,3.656956183,6.081633432,4.643738687,76.28480601,68.68361693,1,0.4687405668669413,0,53.12594331330587,MONITOR
1314,3.081634441,10.88984796,1.295329568,76.90470616,65.46838012,1,0.5705334275434089,1,42.94665724565911,WARNING
556,2.835248117,5.773430879,3.03700736,76.46097343,85.70782554,1,0.7906163994212823,1,20.938360057871776,CRITICAL
971,3.188344441,3.46027839,1.355983513,75.51362371,69.54435723,1,0.3712948485353352,0,62.87051514646649,MONITOR
560,2.422771205,2.35936325,1.81622184,80.78912801,83.28171327,1,0.5620562974415746,1,43.79437025584254,WARNING
776,2.924142082,16.77034624,1.141069925,76.86188644,84.86031415,0,0.623030909254894,1,37.6969090745106,WARNING
866,4.544643786,6.761509561,0.970558839,84.20660247,74.98903787,0,0.43745808334659037,0,56.254191665340954,MONITOR
752,2.79882256,6.530332002,4.950434373,80.62110053,72.24112205,1,0.340813239770161,0,65.9186760229839,MONITOR
939,2.923258028,1.044157014,2.24711745,75.62078064,86.3092384,0,0.3487288954658937,0,65.12711045341064,MONITOR
583,2.250773198,4.178575691,1.823460838,77.56358245,88.33160217,0,0.5298917141579038,1,47.01082858420962,WARNING
1411,4.683108328,4.238197374,2.347829522,78.20303246,73.15995295,0,0.2629461149004049,0,73.70538850995952,MONITOR
531,2.972161405,7.40951659,1.299469769,76.22346763,67.47133678,1,0.9474908919599853,1,5.2509108040014745,CRITICAL
441,4.790169193,5.966033844,1.436274633,76.41642986,67.98968644,1,0.8253770342074809,1,17.462296579251912,CRITICAL
1042,3.96010778,5.007483451,2.449825307,80.26693445,73.16872004,0,0.3312786841745888,0,66.87213158254113,MONITOR
1014,2.23626965,6.408731458,2.376063802,85.75401846,87.08953244,0,0.3991731287613233,0,60.082687123867665,MONITOR
828,3.974890143,5.67350535,1.332411858,76.18559997,81.33494076,1,0.4285101255141647,0,57.14898744858353,MONITOR
474,3.817979003,7.289257333,2.387001044,85.11981369,88.17290577,1,0.7974941297039749,1,20.250587029602507,CRITICAL
696,3.209567406,6.198886476,1.739140122,75.61139496,84.94443277,1,0.7746807831085982,1,22.531921689140177,CRITICAL
585,3.259741716,4.613975777,1.294359126,76.89217683,67.37908062,1,0.6339572264892918,1,36.60427735107083,WARNING
817,2.406988501,7.664824132,1.540529599,77.92806505,77.46513434,1,0.511716669016416,1,48.8283330983584,WARNING
1127,3.738754596,6.751236164,1.761774519,80.33713776,85.0029902,0,0.3641556558010477,0,63.58443441989523,MONITOR
485,1.762572481,6.778380399,0.972373914,78.31759725,76.53027159,0,0.7838094895443681,1,21.619051045563186,CRITICAL
479,4.58398658,4.705976592,1.456359141,76.66652368,73.88375607,1,0.8613592708190722,1,13.864072918092784,CRITICAL
652,3.352901502,6.324044687,1.990609112,75.69414767,80.59756759,1,0.7233039900853272,1,27.66960099146728,WARNING
525,4.476157003,6.327327924,0.298214718,75.78787035,87.85713902,1,0.7391586952790301,1,26.084130472096987,WARNING
798,4.576759646,5.213823949,2.565590111,77.18247611,83.80999401,0,0.5214512291145675,1,47.85487708854325,WARNING
569,3.311828888,19.13726344,2.325277966,74.98592124,74.83606183,1,0.8620270281024339,1,13.797297189756607,CRITICAL
701,4.486074007,3.5695056,2.712135382,75.03886582,72.82100294,0,0.516380207574644,1,48.361979242535604,WARNING
970,2.320235579,4.155078677,2.853184817,77.49579527,82.65677909,0,0.17743905635087756,0,82.25609436491224,NORMAL
760,2.717739041,8.150849226,2.139800032,74.84565174,74.52545995,1,0.5703577864653228,1,42.96422135346772,WARNING
647,3.202703005,4.658129585,6.095644534,82.62841909,66.32242994,0,0.632513675095885,1,36.7486324904115,WARNING
1407,2.603922247,15.4257823,1.839162954,77.08735441,85.12032332,0,0.47891210948376406,0,52.108789051623596,MONITOR
1071,1.665106833,5.275993968,3.905042277,76.33625798,74.386835,0,0.24230899549010695,0,75.7691004509893,NORMAL
829,3.422599762,6.108972885,2.285778328,86.45666983,74.93880147,0,0.4991466488361391,0,50.08533511638609,MONITOR
710,3.436398998,5.445207015,1.308086557,76.65860535,87.28957079,1,0.6658197473573952,1,33.41802526426048,WARNING
1009,3.91825598,5.893327092,1.038322846,76.43713664,79.28923924,0,0.4335523434101619,0,56.64476565898381,MONITOR
823,3.832036819,15.9517108,1.19261635,74.75726827,79.94672405,0,0.5448446254202207,1,45.51553745797793,WARNING
500,3.689782712,4.106458866,2.281461578,77.92101258,77.51127897,0,0.5244157883288139,1,47.55842116711862,WARNING
1125,2.693775787,6.614140655,3.644887149,76.16738274,81.66777527,0,0.5036261557255954,1,49.63738442744046,WARNING
